"ip_addr","load_ms","image_total","minify_save","score_cookies","score_compress","requestType","type","dns_start","ssl_end","contentType","gzip_save","is_secure","server_count","score_gzip","ssl_start","full_url","dns_ms","connect_end","responseCode","ssl_ms","image_save","bytesIn","initiator_line","bytesOut","minify_total","cacheControl","id","dns_end","ttfb_ms","connect_start","score_cdn","cache_time","objectSizeUncompressed","load_start","connect_ms","method","objectSize","gzip_total","initiator_column","request_id","score_combine","score_etags","host","score_keep-alive","score_minify","initiator","socket","created","url","score_cache","server_rtt","cdn_provider","load_end","ttfb_start","ttfb_end","download_start","download_end","download_ms","all_start","all_end","all_ms","index","number","run","cached","protocol","priority","is_base_page","contentEncoding","expires",
"","341","","","-1","-1","Document","3","-1","-1","text/html; charset=UTF-8","","1","","-1","-1","https://maps.google.com/","-1","-1","302","-1","","919","","0","","private","181105_ZB_B","-1","341","-1","-1","","0","0","-1","GET","225","","","0.2","-1","-1","maps.google.com","-1","-1","","-1","0","/","-1","","","341","0","341","341","341","0","0","341","341","0","1","1","0","","","","","",
"","101","","","-1","-1","Document","3","-1","-1","text/html; charset=UTF-8","","1","","-1","-1","https://maps.google.com/maps","-1","-1","302","-1","","960","","0","","private","181105_ZB_B","-1","101","-1","-1","","0","341","-1","GET","224","","","0.2.1","-1","-1","maps.google.com","-1","-1","","-1","341","/maps","-1","","","442","341","442","442","442","0","341","442","101","1","2","1","0","","","","","",
"108.177.111.104","563","","","-1","-1","Document","3","-1","-1","text/html; charset=UTF-8","0","1","","100","-1","https://www.google.com/maps","-1","-1","200","-1","","162163","","705","","no-transform","181105_ZB_B","-1","111","-1","100","","503375","442","-1","GET","160819","160819","","0.2.2","-1","-1","www.google.com","100","-1","","1","442","/maps","-1","","Google","1005","442","553","553","1005","452","442","1005","563","2","3","1","0","h2","high","1","gzip","Mon, 05 Nov 2018 00:47:25 GMT",
"108.177.111.104","213","","","-1","-1","Script","3","-1","-1","text/javascript","0","1","","100","-1","https://www.google.com/maps-lite/js/2/ml_20181031_0/f55cc/pwa/map.js","-1","-1","200","-1","","34290","299","71","","public, max-age=31536000","181105_ZB_B","-1","59","-1","100","31257044","90193","1252","-1","GET","33887","33887","227","0.3","-1","-1","www.google.com","100","-1","https://www.google.com/maps","1","1251","/maps-lite/js/2/ml_20181031_0/f55cc/pwa/map.js","100","","Google","1465","1252","1311","1311","1465","154","1252","1465","213","3","4","1","0","h2","high","","gzip","Fri, 01 Nov 2019 19:18:09 GMT",
"64.233.168.120","148","690","","-1","100","Image","3","1467","1766","image/png","","1","","-1","1604","https://maps.gstatic.com/mapfiles/maps_lite/images/2x/my_location_grey600_24dp.png","81","1604","200","162","0","1062","1057","240","","private, max-age=31536000","181105_ZB_B","1548","85","1551","100","31536000","690","1768","53","GET","690","","","0.5","-1","-1","maps.gstatic.com","100","-1","https://www.google.com/maps","3","1448","/mapfiles/maps_lite/images/2x/my_location_grey600_24dp.png","100","","Google","1916","1768","1853","1853","1916","63","1467","1916","444","4","5","1","0","h2","low","","","Mon, 05 Nov 2018 00:47:26 GMT",
"64.233.168.120","145","561","","-1","100","Image","3","-1","-1","image/png","","1","","-1","-1","https://maps.gstatic.com/mapfiles/maps_lite/images/2x/my_location_grey600_18dp.png","-1","-1","200","-1","0","933","1057","56","","private, max-age=31536000","181105_ZB_B","-1","84","-1","100","31536000","561","1769","-1","GET","561","","","0.6","-1","-1","maps.gstatic.com","100","-1","https://www.google.com/maps","3","1449","/mapfiles/maps_lite/images/2x/my_location_grey600_18dp.png","100","","Google","1914","1769","1853","1853","1914","61","1769","1914","145","5","6","1","0","h2","low","","","Mon, 05 Nov 2018 00:47:26 GMT",
"64.233.168.120","140","122","","-1","100","Image","3","-1","-1","image/png","","1","","-1","-1","https://maps.gstatic.com/mapfiles/maps_lite/images/2x/ic_arrow_down_gray_24dp.png","-1","-1","200","-1","0","494","1057","56","","private, max-age=31536000","181105_ZB_B","-1","84","-1","100","31536000","122","1775","-1","GET","122","","","0.18","-1","-1","maps.gstatic.com","100","-1","https://www.google.com/maps","3","1456","/mapfiles/maps_lite/images/2x/ic_arrow_down_gray_24dp.png","100","","Google","1915","1775","1859","1859","1915","56","1775","1915","140","6","7","1","0","h2","low","","","Mon, 05 Nov 2018 00:47:26 GMT",
"64.233.168.120","137","123","","-1","100","Image","3","-1","-1","image/png","","1","","-1","-1","https://maps.gstatic.com/mapfiles/maps_lite/images/2x/ic_menu_burger_default_24dp.png","-1","-1","200","-1","0","495","1057","59","","private, max-age=31536000","181105_ZB_B","-1","84","-1","100","31536000","123","1776","-1","GET","123","","","0.20","-1","-1","maps.gstatic.com","100","-1","https://www.google.com/maps","3","1458","/mapfiles/maps_lite/images/2x/ic_menu_burger_default_24dp.png","100","","Google","1913","1776","1860","1860","1913","53","1776","1913","137","7","8","1","0","h2","low","","","Mon, 05 Nov 2018 00:47:26 GMT",
"64.233.168.120","140","386","","-1","100","Image","3","-1","-1","image/png","","1","","-1","-1","https://maps.gstatic.com/mapfiles/maps_lite/images/2x/ic_search_black_24dp.png","-1","-1","200","-1","0","758","1057","53","","private, max-age=31536000","181105_ZB_B","-1","84","-1","100","31536000","386","1776","-1","GET","386","","","0.21","-1","-1","maps.gstatic.com","100","-1","https://www.google.com/maps","3","1458","/mapfiles/maps_lite/images/2x/ic_search_black_24dp.png","100","","Google","1916","1776","1860","1860","1916","56","1776","1916","140","8","9","1","0","h2","low","","","Mon, 05 Nov 2018 00:47:26 GMT",
"108.177.103.94","119","","","-1","-1","Font","3","-1","-1","font/woff2","","1","","-1","-1","https://fonts.gstatic.com/s/roboto/v18/KFOlCnqEu92Fr1MmWUlfBBc4AMP6lQ.woff2","-1","-1","200","-1","","11171","1057","49","","public, max-age=31536000","181105_ZB_B","-1","84","-1","100","31247826","10764","1793","-1","GET","10764","","","0.24","-1","-1","fonts.gstatic.com","100","-1","https://www.google.com/maps","2","1580","/s/roboto/v18/KFOlCnqEu92Fr1MmWUlfBBc4AMP6lQ.woff2","100","","Google","1912","1793","1877","1877","1912","35","1793","1912","119","9","10","1","0","h2","medium","","","Fri, 01 Nov 2019 16:44:32 GMT",
"108.177.103.94","170","","","-1","-1","Font","3","-1","-1","font/woff2","","1","","-1","-1","https://fonts.gstatic.com/s/roboto/v18/KFOlCnqEu92Fr1MmEU9fBBc4AMP6lQ.woff2","-1","-1","200","-1","","11195","1057","49","","public, max-age=31536000","181105_ZB_B","-1","89","-1","100","31247824","10788","1793","-1","GET","10788","","","0.23","-1","-1","fonts.gstatic.com","100","-1","https://www.google.com/maps","2","1579","/s/roboto/v18/KFOlCnqEu92Fr1MmEU9fBBc4AMP6lQ.woff2","100","","Google","1963","1793","1882","1882","1963","81","1793","1963","170","10","11","1","0","h2","medium","","","Fri, 01 Nov 2019 16:44:30 GMT",
"108.177.103.94","188","","","-1","-1","Font","3","1442","1796","font/woff2","","1","","-1","1635","https://fonts.gstatic.com/s/roboto/v18/KFOmCnqEu92Fr1Mu4mxKKTU1Kg.woff2","138","1635","200","161","","11155","1057","186","","public, max-age=31536000","181105_ZB_B","1580","151","1580","100","31247824","10748","1797","55","GET","10748","","","0.4","-1","-1","fonts.gstatic.com","100","-1","https://www.google.com/maps","2","1440","/s/roboto/v18/KFOmCnqEu92Fr1Mu4mxKKTU1Kg.woff2","100","","Google","1985","1797","1948","1948","1985","37","1442","1985","542","11","12","1","0","h2","medium","","","Fri, 01 Nov 2019 16:44:30 GMT",
"108.177.103.94","111","","","-1","-1","Font","3","-1","-1","font/woff2","","1","","-1","-1","https://fonts.gstatic.com/s/roboto/v18/KFOlCnqEu92Fr1MmSU5fBBc4AMP6lQ.woff2","-1","-1","200","-1","","11283","","49","","public, max-age=31536000","181105_ZB_B","-1","73","-1","100","31247826","10876","2015","-1","GET","10876","","","0.25","-1","-1","fonts.gstatic.com","100","-1","","2","2014","/s/roboto/v18/KFOlCnqEu92Fr1MmSU5fBBc4AMP6lQ.woff2","100","","Google","2126","2015","2088","2088","2126","38","2015","2126","111","12","13","1","0","h2","medium","","","Fri, 01 Nov 2019 16:44:32 GMT",
"108.177.111.104","74","","","-1","-1","XHR","3","-1","-1","application/json; charset=UTF-8","0","1","","100","-1","https://www.google.com/maps/vt?pb=!1m8!3m7!1m2!1u560384!2u775936!2m2!1u512!2u512!3i13!2m3!1e0!2sm!3i442!3m3!2sen!3sus!5e1249!4e4!11m2!1e2!2b1","-1","-1","200","-1","","726","288","106","","public, max-age=600","181105_ZB_B","-1","56","-1","100","600","958","2178","-1","GET","171","171","24","0.26","-1","-1","www.google.com","100","-1","https://www.google.com/maps","1","2177","/maps/vt?pb=!1m8!3m7!1m2!1u560384!2u775936!2m2!1u512!2u512!3i13!2m3!1e0!2sm!3i442!3m3!2sen!3sus!5e1249!4e4!11m2!1e2!2b1","0","","Google","2252","2178","2234","2234","2252","18","2178","2252","74","13","14","1","0","h2","medium","","gzip","Mon, 05 Nov 2018 00:57:26 GMT",
"108.177.111.104","158","10348","","-1","100","XHR","3","-1","-1","image/png","","1","","-1","-1","https://www.google.com/maps/vt?pb=!1m5!1m4!1i13!2i2189!3i3031!4i256&pb=!2m3!1e0!2sm!3i442147614&pb=!3m9!2sen!5e1249!12m1!1e3!12m4!1e68!2m2!1sset!2sRoadmap!4e0!23i4111425","-1","-1","200","-1","0","10794","288","126","","public, max-age=22222222","181105_ZB_B","-1","92","-1","100","22222222","10348","2316","-1","GET","10348","","24","0.27","-1","-1","www.google.com","100","-1","https://www.google.com/maps","1","2315","/maps/vt?pb=!1m5!1m4!1i13!2i2189!3i3031!4i256&pb=!2m3!1e0!2sm!3i442147614&pb=!3m9!2sen!5e1249!12m1!1e3!12m4!1e68!2m2!1sset!2sRoadmap!4e0!23i4111425","100","","Google","2474","2316","2408","2408","2474","66","2316","2474","158","14","15","1","0","h2","medium","","","Sat, 20 Jul 2019 05:37:49 GMT",
"108.177.111.104","156","6011","","-1","100","XHR","3","-1","-1","image/png","","1","","-1","-1","https://www.google.com/maps/vt?pb=!1m5!1m4!1i13!2i2189!3i3031!4i256&pb=!2m3!1e0!2sm!3i442147614&pb=!3m9!2sen!5e1249!12m1!1e18!12m4!1e68!2m2!1sset!2sRoadmap!4e0!5m1!5f2!23i4111425","-1","-1","200","-1","0","6456","288","134","","public, max-age=22222222","181105_ZB_B","-1","89","-1","100","22222222","6011","2317","-1","GET","6011","","24","0.28","-1","-1","www.google.com","100","-1","https://www.google.com/maps","1","2316","/maps/vt?pb=!1m5!1m4!1i13!2i2189!3i3031!4i256&pb=!2m3!1e0!2sm!3i442147614&pb=!3m9!2sen!5e1249!12m1!1e18!12m4!1e68!2m2!1sset!2sRoadmap!4e0!5m1!5f2!23i4111425","100","","Google","2473","2317","2406","2406","2473","67","2317","2473","156","15","16","1","0","h2","medium","","","Sat, 20 Jul 2019 05:37:49 GMT",
"108.177.111.104","156","","","-1","-1","XHR","3","-1","-1","application/json; charset=UTF-8","0","1","","100","-1","https://www.google.com/maps/vt?pb=!1m5!1m4!1i13!2i2189!3i3031!4i256&pb=!2m3!1e0!2sm!3i442147614&pb=!3m7!2sen!5e1249!12m4!1e68!2m2!1sset!2sRoadmap!4e3!12m1!5b1!23i4111425","-1","-1","200","-1","","702","288","126","","public, max-age=22222222","181105_ZB_B","-1","87","-1","100","22222222","231","2318","-1","GET","195","195","24","0.29","-1","-1","www.google.com","100","-1","https://www.google.com/maps","1","2317","/maps/vt?pb=!1m5!1m4!1i13!2i2189!3i3031!4i256&pb=!2m3!1e0!2sm!3i442147614&pb=!3m7!2sen!5e1249!12m4!1e68!2m2!1sset!2sRoadmap!4e3!12m1!5b1!23i4111425","100","","Google","2474","2318","2405","2405","2474","69","2318","2474","156","16","17","1","0","h2","medium","","gzip","Sat, 20 Jul 2019 05:37:49 GMT",
"108.177.111.104","151","12590","","-1","100","XHR","3","-1","-1","image/png","","1","","-1","-1","https://www.google.com/maps/vt?pb=!1m5!1m4!1i13!2i2190!3i3031!4i256&pb=!2m3!1e0!2sm!3i442147614&pb=!3m9!2sen!5e1249!12m1!1e3!12m4!1e68!2m2!1sset!2sRoadmap!4e0!23i4111425","-1","-1","200","-1","0","13045","288","126","","public, max-age=22222222","181105_ZB_B","-1","86","-1","100","22220914","12590","2320","-1","GET","12590","","24","0.30","-1","-1","www.google.com","100","-1","https://www.google.com/maps","1","2319","/maps/vt?pb=!1m5!1m4!1i13!2i2190!3i3031!4i256&pb=!2m3!1e0!2sm!3i442147614&pb=!3m9!2sen!5e1249!12m1!1e3!12m4!1e68!2m2!1sset!2sRoadmap!4e0!23i4111425","100","","Google","2471","2320","2406","2406","2471","65","2320","2471","151","17","18","1","0","h2","medium","","","Sat, 20 Jul 2019 05:16:01 GMT",
"108.177.111.104","153","","","-1","-1","XHR","3","-1","-1","application/json; charset=UTF-8","0","1","","100","-1","https://www.google.com/maps/vt?pb=!1m5!1m4!1i13!2i2190!3i3031!4i256&pb=!2m3!1e0!2sm!3i442147614&pb=!3m7!2sen!5e1249!12m4!1e68!2m2!1sset!2sRoadmap!4e3!12m1!5b1!23i4111425","-1","-1","200","-1","","871","288","126","","public, max-age=22222222","181105_ZB_B","-1","80","-1","100","22222222","640","2321","-1","GET","364","364","24","0.32","-1","-1","www.google.com","100","-1","https://www.google.com/maps","1","2321","/maps/vt?pb=!1m5!1m4!1i13!2i2190!3i3031!4i256&pb=!2m3!1e0!2sm!3i442147614&pb=!3m7!2sen!5e1249!12m4!1e68!2m2!1sset!2sRoadmap!4e3!12m1!5b1!23i4111425","100","","Google","2474","2321","2401","2401","2474","73","2321","2474","153","18","19","1","0","h2","medium","","gzip","Sat, 20 Jul 2019 05:37:49 GMT",
"108.177.111.104","154","7457","","-1","100","XHR","3","-1","-1","image/png","","1","","-1","-1","https://www.google.com/maps/vt?pb=!1m5!1m4!1i13!2i2190!3i3031!4i256&pb=!2m3!1e0!2sm!3i442147614&pb=!3m9!2sen!5e1249!12m1!1e18!12m4!1e68!2m2!1sset!2sRoadmap!4e0!5m1!5f2!23i4111425","-1","-1","200","-1","0","7902","288","133","","public, max-age=22222222","181105_ZB_B","-1","81","-1","100","22222222","7457","2322","-1","GET","7457","","24","0.31","-1","-1","www.google.com","100","-1","https://www.google.com/maps","1","2321","/maps/vt?pb=!1m5!1m4!1i13!2i2190!3i3031!4i256&pb=!2m3!1e0!2sm!3i442147614&pb=!3m9!2sen!5e1249!12m1!1e18!12m4!1e68!2m2!1sset!2sRoadmap!4e0!5m1!5f2!23i4111425","100","","Google","2476","2322","2403","2403","2476","73","2322","2476","154","19","20","1","0","h2","medium","","","Sat, 20 Jul 2019 05:37:49 GMT",
"108.177.111.104","102","12892","","-1","100","XHR","3","-1","-1","image/png","","1","","-1","-1","https://www.google.com/maps/vt?pb=!1m5!1m4!1i13!2i2189!3i3032!4i256&pb=!2m3!1e0!2sm!3i442147614&pb=!3m9!2sen!5e1249!12m1!1e3!12m4!1e68!2m2!1sset!2sRoadmap!4e0!23i4111425","-1","-1","200","-1","0","13347","288","126","","public, max-age=22222222","181105_ZB_B","-1","53","-1","100","22220999","12892","2417","-1","GET","12892","","24","0.33","-1","-1","www.google.com","100","-1","https://www.google.com/maps","1","2415","/maps/vt?pb=!1m5!1m4!1i13!2i2189!3i3032!4i256&pb=!2m3!1e0!2sm!3i442147614&pb=!3m9!2sen!5e1249!12m1!1e3!12m4!1e68!2m2!1sset!2sRoadmap!4e0!23i4111425","100","","Google","2519","2417","2470","2470","2519","49","2417","2519","102","20","21","1","0","h2","medium","","","Sat, 20 Jul 2019 05:17:26 GMT",
"108.177.111.104","101","","","-1","-1","XHR","3","-1","-1","application/json; charset=UTF-8","0","1","","100","-1","https://www.google.com/maps/vt?pb=!1m5!1m4!1i13!2i2189!3i3032!4i256&pb=!2m3!1e0!2sm!3i442147614&pb=!3m7!2sen!5e1249!12m4!1e68!2m2!1sset!2sRoadmap!4e3!12m1!5b1!23i4111425","-1","-1","200","-1","","762","288","126","","public, max-age=22222222","181105_ZB_B","-1","59","-1","100","22222222","347","2418","-1","GET","255","255","24","0.35","-1","-1","www.google.com","100","-1","https://www.google.com/maps","1","2417","/maps/vt?pb=!1m5!1m4!1i13!2i2189!3i3032!4i256&pb=!2m3!1e0!2sm!3i442147614&pb=!3m7!2sen!5e1249!12m4!1e68!2m2!1sset!2sRoadmap!4e3!12m1!5b1!23i4111425","100","","Google","2519","2418","2477","2477","2519","42","2418","2519","101","21","22","1","0","h2","medium","","gzip","Sat, 20 Jul 2019 05:37:49 GMT",
"108.177.111.104","101","9943","","-1","100","XHR","3","-1","-1","image/png","","1","","-1","-1","https://www.google.com/maps/vt?pb=!1m5!1m4!1i13!2i2189!3i3032!4i256&pb=!2m3!1e0!2sm!3i442147614&pb=!3m9!2sen!5e1249!12m1!1e18!12m4!1e68!2m2!1sset!2sRoadmap!4e0!5m1!5f2!23i4111425","-1","-1","200","-1","0","10388","288","134","","public, max-age=22222222","181105_ZB_B","-1","62","-1","100","22222222","9943","2418","-1","GET","9943","","24","0.34","-1","-1","www.google.com","100","-1","https://www.google.com/maps","1","2417","/maps/vt?pb=!1m5!1m4!1i13!2i2189!3i3032!4i256&pb=!2m3!1e0!2sm!3i442147614&pb=!3m9!2sen!5e1249!12m1!1e18!12m4!1e68!2m2!1sset!2sRoadmap!4e0!5m1!5f2!23i4111425","100","","Google","2519","2418","2480","2480","2519","39","2418","2519","101","22","23","1","0","h2","medium","","","Sat, 20 Jul 2019 05:37:49 GMT",
"108.177.111.104","77","14278","","-1","100","XHR","3","-1","-1","image/png","","1","","-1","-1","https://www.google.com/maps/vt?pb=!1m5!1m4!1i13!2i2190!3i3032!4i256&pb=!2m3!1e0!2sm!3i442147614&pb=!3m9!2sen!5e1249!12m1!1e3!12m4!1e68!2m2!1sset!2sRoadmap!4e0!23i4111425","-1","-1","200","-1","0","14733","288","126","","public, max-age=22222222","181105_ZB_B","-1","51","-1","100","22220914","14278","2526","-1","GET","14278","","24","0.36","-1","-1","www.google.com","100","-1","https://www.google.com/maps","1","2525","/maps/vt?pb=!1m5!1m4!1i13!2i2190!3i3032!4i256&pb=!2m3!1e0!2sm!3i442147614&pb=!3m9!2sen!5e1249!12m1!1e3!12m4!1e68!2m2!1sset!2sRoadmap!4e0!23i4111425","100","","Google","2603","2526","2577","2577","2603","26","2526","2603","77","23","24","1","0","h2","medium","","","Sat, 20 Jul 2019 05:16:01 GMT",
"108.177.111.104","99","24379","","-1","100","XHR","3","-1","-1","image/png","","1","","-1","-1","https://www.google.com/maps/vt?pb=!1m5!1m4!1i13!2i2190!3i3032!4i256&pb=!2m3!1e0!2sm!3i442147614&pb=!3m9!2sen!5e1249!12m1!1e18!12m4!1e68!2m2!1sset!2sRoadmap!4e0!5m1!5f2!23i4111425","-1","-1","200","-1","0","24825","288","133","","public, max-age=22222222","181105_ZB_B","-1","53","-1","100","22222222","24379","2527","-1","GET","24379","","24","0.37","-1","-1","www.google.com","100","-1","https://www.google.com/maps","1","2526","/maps/vt?pb=!1m5!1m4!1i13!2i2190!3i3032!4i256&pb=!2m3!1e0!2sm!3i442147614&pb=!3m9!2sen!5e1249!12m1!1e18!12m4!1e68!2m2!1sset!2sRoadmap!4e0!5m1!5f2!23i4111425","100","","Google","2626","2527","2580","2580","2626","46","2527","2626","99","24","25","1","0","h2","medium","","","Sat, 20 Jul 2019 05:37:49 GMT",
"108.177.111.104","75","","","-1","-1","XHR","3","-1","-1","application/json; charset=UTF-8","0","1","","100","-1","https://www.google.com/maps/vt?pb=!1m5!1m4!1i13!2i2190!3i3032!4i256&pb=!2m3!1e0!2sm!3i442147614&pb=!3m7!2sen!5e1249!12m4!1e68!2m2!1sset!2sRoadmap!4e3!12m1!5b1!23i4111425","-1","-1","200","-1","","1041","288","126","","public, max-age=22222222","181105_ZB_B","-1","53","-1","100","22222222","1582","2528","-1","GET","534","534","24","0.38","-1","-1","www.google.com","100","-1","https://www.google.com/maps","1","2527","/maps/vt?pb=!1m5!1m4!1i13!2i2190!3i3032!4i256&pb=!2m3!1e0!2sm!3i442147614&pb=!3m7!2sen!5e1249!12m4!1e68!2m2!1sset!2sRoadmap!4e3!12m1!5b1!23i4111425","100","","Google","2603","2528","2581","2581","2603","22","2528","2603","75","25","26","1","0","h2","medium","","gzip","Sat, 20 Jul 2019 05:37:49 GMT",
"108.177.111.104","80","","","-1","-1","Script","3","-1","-1","text/javascript","0","1","","100","-1","https://www.google.com/maps-lite/js/2/ml_20181031_0/f55cc/pwa/net.js","-1","-1","200","-1","","3463","299","49","","public, max-age=31536000","181105_ZB_B","-1","56","-1","100","31257042","6845","2585","-1","GET","3061","3061","227","0.46","-1","-1","www.google.com","100","-1","https://www.google.com/maps","1","2584","/maps-lite/js/2/ml_20181031_0/f55cc/pwa/net.js","100","","Google","2665","2585","2641","2641","2665","24","2585","2665","80","26","27","1","0","h2","high","","gzip","Fri, 01 Nov 2019 19:18:09 GMT",
"108.177.111.104","80","","","-1","-1","Script","3","-1","-1","text/javascript","0","1","","100","-1","https://www.google.com/maps-lite/js/2/ml_20181031_0/f55cc/pwa/common.js","-1","-1","200","-1","","42977","299","51","","public, max-age=31536000","181105_ZB_B","-1","51","-1","100","31257042","116367","2586","-1","GET","42574","42574","227","0.45","-1","-1","www.google.com","100","-1","https://www.google.com/maps","1","2584","/maps-lite/js/2/ml_20181031_0/f55cc/pwa/common.js","100","","Google","2666","2586","2637","2637","2666","29","2586","2666","80","27","28","1","0","h2","high","","gzip","Fri, 01 Nov 2019 19:18:09 GMT",
"108.177.111.104","67","","","-1","-1","XHR","3","-1","-1","image/gif","","1","","-1","-1","https://www.google.com/maps/preview/log204?gl=us&pb=!8m6!29m3!9sHZPfW-_iFIykjwS-6JXQAw%3A601549176850!15i42273!17sHZPfW-_iFIykjwS-6JXQAw%3A601549176851!43m1!1e1!8m6!3spage_load!31m2!1s_fs!2i428!43m1!1e1!8m6!3spage_load!31m2!1s_dns!2i431!43m1!1e1!8m6!3spage_load!31m2!1sdns_!2i433!43m1!1e1!8m6!3spage_load!31m2!1s_con!2i434!43m1!1e1!8m6!3spage_load!31m2!1scon_!2i587!43m1!1e1!8m6!3spage_load!31m2!1s_req!2i588!43m1!1e1!8m6!3spage_load!31m2!1s_rcv!2i779!43m1!1e1!8m6!3spage_load!31m2!1sdl!2i914!43m1!1e1!8m7!3spage_load!31m2!1sacs!2i340!41j255!43m1!1e1!11m3!7e140!9sHZPfW-_iFIykjwS-6JXQAw!17sHZPfW-_iFIykjwS-6JXQAw%3A601549176850","-1","-1","204","-1","","35","288","490","","","181105_ZB_B","-1","53","-1","-1","","0","2761","-1","GET","0","","24","0.49","-1","-1","www.google.com","-1","-1","https://www.google.com/maps","1","2759","/maps/preview/log204?gl=us&pb=!8m6!29m3!9sHZPfW-_iFIykjwS-6JXQAw%3A601549176850!15i42273!17sHZPfW-_iFIykjwS-6JXQAw%3A601549176851!43m1!1e1!8m6!3spage_load!31m2!1s_fs!2i428!43m1!1e1!8m6!3spage_load!31m2!1s_dns!2i431!43m1!1e1!8m6!3spage_load!31m2!1sdns_!2i433!43m1!1e1!8m6!3spage_load!31m2!1s_con!2i434!43m1!1e1!8m6!3spage_load!31m2!1scon_!2i587!43m1!1e1!8m6!3spage_load!31m2!1s_req!2i588!43m1!1e1!8m6!3spage_load!31m2!1s_rcv!2i779!43m1!1e1!8m6!3spage_load!31m2!1sdl!2i914!43m1!1e1!8m7!3spage_load!31m2!1sacs!2i340!41j255!43m1!1e1!11m3!7e140!9sHZPfW-_iFIykjwS-6JXQAw!17sHZPfW-_iFIykjwS-6JXQAw%3A601549176850","-1","","","2828","2761","2814","2814","2828","14","2761","2828","67","28","29","1","0","h2","medium","","","",
"108.177.111.104","68","","","-1","-1","XHR","3","-1","-1","image/gif","","1","","-1","-1","https://www.google.com/maps/preview/log204?gl=us&pb=!8m32!27m2!1i41889!4i1!27m7!1i41896!3i0!4i2!4i3!4i4!4i5!4i6!27m2!1i41888!3i0!27m2!1i41891!3i1!27m2!1i57457!3i2!27m2!1i41890!3i3!27m2!1i51972!3i4!29m3!9sHZPfW-_iFIykjwS-6JXQAw!15i9747!17sHZPfW-_iFIykjwS-6JXQAw%3A601549176833!43m1!1e1!11m3!7e140!9sHZPfW-_iFIykjwS-6JXQAw%3A601549176851!17sHZPfW-_iFIykjwS-6JXQAw%3A601549176852","-1","-1","204","-1","","35","288","295","","","181105_ZB_B","-1","57","-1","-1","","0","2762","-1","GET","0","","24","0.50","-1","-1","www.google.com","-1","-1","https://www.google.com/maps","1","2760","/maps/preview/log204?gl=us&pb=!8m32!27m2!1i41889!4i1!27m7!1i41896!3i0!4i2!4i3!4i4!4i5!4i6!27m2!1i41888!3i0!27m2!1i41891!3i1!27m2!1i57457!3i2!27m2!1i41890!3i3!27m2!1i51972!3i4!29m3!9sHZPfW-_iFIykjwS-6JXQAw!15i9747!17sHZPfW-_iFIykjwS-6JXQAw%3A601549176833!43m1!1e1!11m3!7e140!9sHZPfW-_iFIykjwS-6JXQAw%3A601549176851!17sHZPfW-_iFIykjwS-6JXQAw%3A601549176852","-1","","","2830","2762","2819","2819","2830","11","2762","2830","68","29","30","1","0","h2","medium","","","",
"108.177.111.104","60","","","-1","-1","XHR","3","-1","-1","image/gif","","1","","-1","-1","https://www.google.com/maps/preview/log204?gl=us&pb=!8m10!27m2!1i51973!3i5!29m4!1sHZPfW-_iFIykjwS-6JXQAw%3A601549176833!9sHZPfW-_iFIykjwS-6JXQAw%3A601549176833!15i46458!17sHZPfW-_iFIykjwS-6JXQAw%3A601549176834!43m1!1e1!11m3!7e140!9sHZPfW-_iFIykjwS-6JXQAw%3A601549176852!17sHZPfW-_iFIykjwS-6JXQAw%3A601549176853","-1","-1","204","-1","","45","288","240","","","181105_ZB_B","-1","52","-1","-1","","0","2764","-1","GET","0","","24","0.51","-1","-1","www.google.com","-1","-1","https://www.google.com/maps","1","2762","/maps/preview/log204?gl=us&pb=!8m10!27m2!1i51973!3i5!29m4!1sHZPfW-_iFIykjwS-6JXQAw%3A601549176833!9sHZPfW-_iFIykjwS-6JXQAw%3A601549176833!15i46458!17sHZPfW-_iFIykjwS-6JXQAw%3A601549176834!43m1!1e1!11m3!7e140!9sHZPfW-_iFIykjwS-6JXQAw%3A601549176852!17sHZPfW-_iFIykjwS-6JXQAw%3A601549176853","-1","","","2824","2764","2816","2816","2824","8","2764","2824","60","30","31","1","0","h2","medium","","","",
"108.177.111.104","65","","","-1","-1","XHR","3","-1","-1","image/gif","","1","","-1","-1","https://www.google.com/maps/preview/log204?gl=us&pb=!8m10!27m2!1i51971!3i6!29m4!1sHZPfW-_iFIykjwS-6JXQAw%3A601549176833!9sHZPfW-_iFIykjwS-6JXQAw%3A601549176833!15i46458!17sHZPfW-_iFIykjwS-6JXQAw%3A601549176835!43m1!1e1!11m3!7e140!9sHZPfW-_iFIykjwS-6JXQAw%3A601549176853!17sHZPfW-_iFIykjwS-6JXQAw%3A601549176854","-1","-1","204","-1","","35","288","240","","","181105_ZB_B","-1","57","-1","-1","","0","2765","-1","GET","0","","24","0.52","-1","-1","www.google.com","-1","-1","https://www.google.com/maps","1","2763","/maps/preview/log204?gl=us&pb=!8m10!27m2!1i51971!3i6!29m4!1sHZPfW-_iFIykjwS-6JXQAw%3A601549176833!9sHZPfW-_iFIykjwS-6JXQAw%3A601549176833!15i46458!17sHZPfW-_iFIykjwS-6JXQAw%3A601549176835!43m1!1e1!11m3!7e140!9sHZPfW-_iFIykjwS-6JXQAw%3A601549176853!17sHZPfW-_iFIykjwS-6JXQAw%3A601549176854","-1","","","2830","2765","2822","2822","2830","8","2765","2830","65","31","32","1","0","h2","medium","","","",
"108.177.111.104","160","","","-1","-1","XHR","3","-1","-1","image/gif","","1","","-1","-1","https://www.google.com/maps/preview/log204?gl=us&pb=!8m10!27m2!1i41892!3i7!29m4!1sHZPfW-_iFIykjwS-6JXQAw%3A601549176833!9sHZPfW-_iFIykjwS-6JXQAw%3A601549176833!15i46458!17sHZPfW-_iFIykjwS-6JXQAw%3A601549176836!43m1!1e1!11m3!7e140!9sHZPfW-_iFIykjwS-6JXQAw%3A601549176854!17sHZPfW-_iFIykjwS-6JXQAw%3A601549176855","-1","-1","204","-1","","35","288","240","","","181105_ZB_B","-1","124","-1","-1","","0","2795","-1","GET","0","","24","0.53","-1","-1","www.google.com","-1","-1","https://www.google.com/maps","1","2794","/maps/preview/log204?gl=us&pb=!8m10!27m2!1i41892!3i7!29m4!1sHZPfW-_iFIykjwS-6JXQAw%3A601549176833!9sHZPfW-_iFIykjwS-6JXQAw%3A601549176833!15i46458!17sHZPfW-_iFIykjwS-6JXQAw%3A601549176836!43m1!1e1!11m3!7e140!9sHZPfW-_iFIykjwS-6JXQAw%3A601549176854!17sHZPfW-_iFIykjwS-6JXQAw%3A601549176855","-1","","","2955","2795","2919","2919","2955","36","2795","2955","160","32","33","1","0","h2","medium","","","",
"108.177.111.104","85","","","-1","-1","XHR","3","-1","-1","image/gif","","1","","-1","-1","https://www.google.com/maps/preview/log204?gl=us&pb=!8m10!27m2!1i55736!3i10!29m4!1sHZPfW-_iFIykjwS-6JXQAw%3A601549176833!9sHZPfW-_iFIykjwS-6JXQAw%3A601549176833!15i46458!17sHZPfW-_iFIykjwS-6JXQAw%3A601549176839!43m1!1e1!11m3!7e140!9sHZPfW-_iFIykjwS-6JXQAw%3A601549176857!17sHZPfW-_iFIykjwS-6JXQAw%3A601549176858","-1","-1","204","-1","","35","288","241","","","181105_ZB_B","-1","67","-1","-1","","0","2797","-1","GET","0","","24","0.56","-1","-1","www.google.com","-1","-1","https://www.google.com/maps","1","2796","/maps/preview/log204?gl=us&pb=!8m10!27m2!1i55736!3i10!29m4!1sHZPfW-_iFIykjwS-6JXQAw%3A601549176833!9sHZPfW-_iFIykjwS-6JXQAw%3A601549176833!15i46458!17sHZPfW-_iFIykjwS-6JXQAw%3A601549176839!43m1!1e1!11m3!7e140!9sHZPfW-_iFIykjwS-6JXQAw%3A601549176857!17sHZPfW-_iFIykjwS-6JXQAw%3A601549176858","-1","","","2882","2797","2864","2864","2882","18","2797","2882","85","33","34","1","0","h2","medium","","","",
"108.177.111.104","85","","","-1","-1","XHR","3","-1","-1","image/gif","","1","","-1","-1","https://www.google.com/maps/preview/log204?gl=us&pb=!8m10!27m2!1i41893!3i8!29m4!1sHZPfW-_iFIykjwS-6JXQAw%3A601549176833!9sHZPfW-_iFIykjwS-6JXQAw%3A601549176833!15i46458!17sHZPfW-_iFIykjwS-6JXQAw%3A601549176837!43m1!1e1!11m3!7e140!9sHZPfW-_iFIykjwS-6JXQAw%3A601549176855!17sHZPfW-_iFIykjwS-6JXQAw%3A601549176856","-1","-1","204","-1","","35","288","240","","","181105_ZB_B","-1","67","-1","-1","","0","2797","-1","GET","0","","24","0.54","-1","-1","www.google.com","-1","-1","https://www.google.com/maps","1","2795","/maps/preview/log204?gl=us&pb=!8m10!27m2!1i41893!3i8!29m4!1sHZPfW-_iFIykjwS-6JXQAw%3A601549176833!9sHZPfW-_iFIykjwS-6JXQAw%3A601549176833!15i46458!17sHZPfW-_iFIykjwS-6JXQAw%3A601549176837!43m1!1e1!11m3!7e140!9sHZPfW-_iFIykjwS-6JXQAw%3A601549176855!17sHZPfW-_iFIykjwS-6JXQAw%3A601549176856","-1","","","2882","2797","2864","2864","2882","18","2797","2882","85","34","35","1","0","h2","medium","","","",
"108.177.111.104","92","","","-1","-1","XHR","3","-1","-1","image/gif","","1","","-1","-1","https://www.google.com/maps/preview/log204?gl=us&pb=!8m10!27m2!1i41894!3i9!29m4!1sHZPfW-_iFIykjwS-6JXQAw%3A601549176833!9sHZPfW-_iFIykjwS-6JXQAw%3A601549176833!15i46458!17sHZPfW-_iFIykjwS-6JXQAw%3A601549176838!43m1!1e1!11m3!7e140!9sHZPfW-_iFIykjwS-6JXQAw%3A601549176856!17sHZPfW-_iFIykjwS-6JXQAw%3A601549176857","-1","-1","204","-1","","35","288","240","","","181105_ZB_B","-1","67","-1","-1","","0","2798","-1","GET","0","","24","0.55","-1","-1","www.google.com","-1","-1","https://www.google.com/maps","1","2796","/maps/preview/log204?gl=us&pb=!8m10!27m2!1i41894!3i9!29m4!1sHZPfW-_iFIykjwS-6JXQAw%3A601549176833!9sHZPfW-_iFIykjwS-6JXQAw%3A601549176833!15i46458!17sHZPfW-_iFIykjwS-6JXQAw%3A601549176838!43m1!1e1!11m3!7e140!9sHZPfW-_iFIykjwS-6JXQAw%3A601549176856!17sHZPfW-_iFIykjwS-6JXQAw%3A601549176857","-1","","","2890","2798","2865","2865","2890","25","2798","2890","92","35","36","1","0","h2","medium","","","",
"108.177.111.104","88","","","-1","-1","XHR","3","-1","-1","image/gif","","1","","-1","-1","https://www.google.com/maps/preview/log204?gl=us&pb=!8m10!27m2!1i41895!3i11!29m4!1sHZPfW-_iFIykjwS-6JXQAw%3A601549176833!9sHZPfW-_iFIykjwS-6JXQAw%3A601549176833!15i46458!17sHZPfW-_iFIykjwS-6JXQAw%3A601549176840!43m1!1e1!11m3!7e140!9sHZPfW-_iFIykjwS-6JXQAw%3A601549176858!17sHZPfW-_iFIykjwS-6JXQAw%3A601549176859","-1","-1","204","-1","","35","288","241","","","181105_ZB_B","-1","68","-1","-1","","0","2799","-1","GET","0","","24","0.57","-1","-1","www.google.com","-1","-1","https://www.google.com/maps","1","2797","/maps/preview/log204?gl=us&pb=!8m10!27m2!1i41895!3i11!29m4!1sHZPfW-_iFIykjwS-6JXQAw%3A601549176833!9sHZPfW-_iFIykjwS-6JXQAw%3A601549176833!15i46458!17sHZPfW-_iFIykjwS-6JXQAw%3A601549176840!43m1!1e1!11m3!7e140!9sHZPfW-_iFIykjwS-6JXQAw%3A601549176858!17sHZPfW-_iFIykjwS-6JXQAw%3A601549176859","-1","","","2887","2799","2867","2867","2887","20","2799","2887","88","36","37","1","0","h2","medium","","","",
"108.177.111.104","82","","","-1","-1","XHR","3","-1","-1","image/gif","","1","","-1","-1","https://www.google.com/maps/preview/log204?gl=us&pb=!8m13!2e22!20m4!1sHZPfW-_iFIykjwS-6JXQAw%3A601549176833!2s1i%3A1%2Ct%3A41896%2Ce%3A0%2Cp%3AHZPfW-_iFIykjwS-6JXQAw%3A601549176833!3sHZPfW-_iFIykjwS-6JXQAw%3A601549176835!4s1i%3A0%2Ct%3A51971%2Ce%3A6%2Cp%3AHZPfW-_iFIykjwS-6JXQAw%3A601549176835!29m4!1sHZPfW-_iFIykjwS-6JXQAw%3A601549176833!9sHZPfW-_iFIykjwS-6JXQAw%3A601549176833!15i27626!17sHZPfW-_iFIykjwS-6JXQAw%3A601549176842!43m1!1e1!11m3!7e140!9sHZPfW-_iFIykjwS-6JXQAw%3A601549176860!17sHZPfW-_iFIykjwS-6JXQAw%3A601549176861","-1","-1","204","-1","","35","288","411","","","181105_ZB_B","-1","65","-1","-1","","0","2799","-1","GET","0","","24","0.59","-1","-1","www.google.com","-1","-1","https://www.google.com/maps","1","2798","/maps/preview/log204?gl=us&pb=!8m13!2e22!20m4!1sHZPfW-_iFIykjwS-6JXQAw%3A601549176833!2s1i%3A1%2Ct%3A41896%2Ce%3A0%2Cp%3AHZPfW-_iFIykjwS-6JXQAw%3A601549176833!3sHZPfW-_iFIykjwS-6JXQAw%3A601549176835!4s1i%3A0%2Ct%3A51971%2Ce%3A6%2Cp%3AHZPfW-_iFIykjwS-6JXQAw%3A601549176835!29m4!1sHZPfW-_iFIykjwS-6JXQAw%3A601549176833!9sHZPfW-_iFIykjwS-6JXQAw%3A601549176833!15i27626!17sHZPfW-_iFIykjwS-6JXQAw%3A601549176842!43m1!1e1!11m3!7e140!9sHZPfW-_iFIykjwS-6JXQAw%3A601549176860!17sHZPfW-_iFIykjwS-6JXQAw%3A601549176861","-1","","","2881","2799","2864","2864","2881","17","2799","2881","82","37","38","1","0","h2","medium","","","",
"108.177.111.104","81","","","-1","-1","XHR","3","-1","-1","image/gif","","1","","-1","-1","https://www.google.com/maps/preview/log204?gl=us&pb=!8m13!2e22!20m4!1sHZPfW-_iFIykjwS-6JXQAw%3A601549176833!2s1i%3A1%2Ct%3A41896%2Ce%3A0%2Cp%3AHZPfW-_iFIykjwS-6JXQAw%3A601549176833!3sHZPfW-_iFIykjwS-6JXQAw%3A601549176834!4s1i%3A0%2Ct%3A51973%2Ce%3A5%2Cp%3AHZPfW-_iFIykjwS-6JXQAw%3A601549176834!29m4!1sHZPfW-_iFIykjwS-6JXQAw%3A601549176833!9sHZPfW-_iFIykjwS-6JXQAw%3A601549176833!15i27626!17sHZPfW-_iFIykjwS-6JXQAw%3A601549176841!43m1!1e1!11m3!7e140!9sHZPfW-_iFIykjwS-6JXQAw%3A601549176859!17sHZPfW-_iFIykjwS-6JXQAw%3A601549176860","-1","-1","204","-1","","35","288","411","","","181105_ZB_B","-1","65","-1","-1","","0","2800","-1","GET","0","","24","0.58","-1","-1","www.google.com","-1","-1","https://www.google.com/maps","1","2798","/maps/preview/log204?gl=us&pb=!8m13!2e22!20m4!1sHZPfW-_iFIykjwS-6JXQAw%3A601549176833!2s1i%3A1%2Ct%3A41896%2Ce%3A0%2Cp%3AHZPfW-_iFIykjwS-6JXQAw%3A601549176833!3sHZPfW-_iFIykjwS-6JXQAw%3A601549176834!4s1i%3A0%2Ct%3A51973%2Ce%3A5%2Cp%3AHZPfW-_iFIykjwS-6JXQAw%3A601549176834!29m4!1sHZPfW-_iFIykjwS-6JXQAw%3A601549176833!9sHZPfW-_iFIykjwS-6JXQAw%3A601549176833!15i27626!17sHZPfW-_iFIykjwS-6JXQAw%3A601549176841!43m1!1e1!11m3!7e140!9sHZPfW-_iFIykjwS-6JXQAw%3A601549176859!17sHZPfW-_iFIykjwS-6JXQAw%3A601549176860","-1","","","2881","2800","2865","2865","2881","16","2800","2881","81","38","39","1","0","h2","medium","","","",
"108.177.111.104","96","","","-1","-1","XHR","3","-1","-1","image/gif","","1","","-1","-1","https://www.google.com/maps/preview/log204?gl=us&pb=!8m13!2e22!20m4!1sHZPfW-_iFIykjwS-6JXQAw%3A601549176833!2s1i%3A1%2Ct%3A41896%2Ce%3A0%2Cp%3AHZPfW-_iFIykjwS-6JXQAw%3A601549176833!3sHZPfW-_iFIykjwS-6JXQAw%3A601549176836!4s1i%3A0%2Ct%3A41892%2Ce%3A7%2Cp%3AHZPfW-_iFIykjwS-6JXQAw%3A601549176836!29m4!1sHZPfW-_iFIykjwS-6JXQAw%3A601549176833!9sHZPfW-_iFIykjwS-6JXQAw%3A601549176833!15i27626!17sHZPfW-_iFIykjwS-6JXQAw%3A601549176843!43m1!1e1!11m3!7e140!9sHZPfW-_iFIykjwS-6JXQAw%3A601549176861!17sHZPfW-_iFIykjwS-6JXQAw%3A601549176862","-1","-1","204","-1","","35","288","411","","","181105_ZB_B","-1","64","-1","-1","","0","2871","-1","GET","0","","24","0.60","-1","-1","www.google.com","-1","-1","https://www.google.com/maps","1","2869","/maps/preview/log204?gl=us&pb=!8m13!2e22!20m4!1sHZPfW-_iFIykjwS-6JXQAw%3A601549176833!2s1i%3A1%2Ct%3A41896%2Ce%3A0%2Cp%3AHZPfW-_iFIykjwS-6JXQAw%3A601549176833!3sHZPfW-_iFIykjwS-6JXQAw%3A601549176836!4s1i%3A0%2Ct%3A41892%2Ce%3A7%2Cp%3AHZPfW-_iFIykjwS-6JXQAw%3A601549176836!29m4!1sHZPfW-_iFIykjwS-6JXQAw%3A601549176833!9sHZPfW-_iFIykjwS-6JXQAw%3A601549176833!15i27626!17sHZPfW-_iFIykjwS-6JXQAw%3A601549176843!43m1!1e1!11m3!7e140!9sHZPfW-_iFIykjwS-6JXQAw%3A601549176861!17sHZPfW-_iFIykjwS-6JXQAw%3A601549176862","-1","","","2967","2871","2935","2935","2967","32","2871","2967","96","39","40","1","0","h2","medium","","","",
"108.177.111.104","88","","","-1","-1","XHR","3","-1","-1","image/gif","","1","","-1","-1","https://www.google.com/maps/preview/log204?gl=us&pb=!8m13!2e22!20m4!1sHZPfW-_iFIykjwS-6JXQAw%3A601549176833!2s1i%3A1%2Ct%3A41896%2Ce%3A0%2Cp%3AHZPfW-_iFIykjwS-6JXQAw%3A601549176833!3sHZPfW-_iFIykjwS-6JXQAw%3A601549176837!4s1i%3A0%2Ct%3A41893%2Ce%3A8%2Cp%3AHZPfW-_iFIykjwS-6JXQAw%3A601549176837!29m4!1sHZPfW-_iFIykjwS-6JXQAw%3A601549176833!9sHZPfW-_iFIykjwS-6JXQAw%3A601549176833!15i27626!17sHZPfW-_iFIykjwS-6JXQAw%3A601549176844!43m1!1e1!11m3!7e140!9sHZPfW-_iFIykjwS-6JXQAw%3A601549176862!17sHZPfW-_iFIykjwS-6JXQAw%3A601549176863","-1","-1","204","-1","","35","288","411","","","181105_ZB_B","-1","58","-1","-1","","0","2871","-1","GET","0","","24","0.61","-1","-1","www.google.com","-1","-1","https://www.google.com/maps","1","2869","/maps/preview/log204?gl=us&pb=!8m13!2e22!20m4!1sHZPfW-_iFIykjwS-6JXQAw%3A601549176833!2s1i%3A1%2Ct%3A41896%2Ce%3A0%2Cp%3AHZPfW-_iFIykjwS-6JXQAw%3A601549176833!3sHZPfW-_iFIykjwS-6JXQAw%3A601549176837!4s1i%3A0%2Ct%3A41893%2Ce%3A8%2Cp%3AHZPfW-_iFIykjwS-6JXQAw%3A601549176837!29m4!1sHZPfW-_iFIykjwS-6JXQAw%3A601549176833!9sHZPfW-_iFIykjwS-6JXQAw%3A601549176833!15i27626!17sHZPfW-_iFIykjwS-6JXQAw%3A601549176844!43m1!1e1!11m3!7e140!9sHZPfW-_iFIykjwS-6JXQAw%3A601549176862!17sHZPfW-_iFIykjwS-6JXQAw%3A601549176863","-1","","","2959","2871","2929","2929","2959","30","2871","2959","88","40","41","1","0","h2","medium","","","",
"108.177.111.104","90","","","-1","-1","XHR","3","-1","-1","image/gif","","1","","-1","-1","https://www.google.com/maps/preview/log204?gl=us&pb=!8m13!2e22!20m4!1sHZPfW-_iFIykjwS-6JXQAw%3A601549176833!2s1i%3A1%2Ct%3A41896%2Ce%3A0%2Cp%3AHZPfW-_iFIykjwS-6JXQAw%3A601549176833!3sHZPfW-_iFIykjwS-6JXQAw%3A601549176838!4s1i%3A0%2Ct%3A41894%2Ce%3A9%2Cp%3AHZPfW-_iFIykjwS-6JXQAw%3A601549176838!29m4!1sHZPfW-_iFIykjwS-6JXQAw%3A601549176833!9sHZPfW-_iFIykjwS-6JXQAw%3A601549176833!15i27626!17sHZPfW-_iFIykjwS-6JXQAw%3A601549176845!43m1!1e1!11m3!7e140!9sHZPfW-_iFIykjwS-6JXQAw%3A601549176863!17sHZPfW-_iFIykjwS-6JXQAw%3A601549176864","-1","-1","204","-1","","35","288","411","","","181105_ZB_B","-1","59","-1","-1","","0","2873","-1","GET","0","","24","0.62","-1","-1","www.google.com","-1","-1","https://www.google.com/maps","1","2871","/maps/preview/log204?gl=us&pb=!8m13!2e22!20m4!1sHZPfW-_iFIykjwS-6JXQAw%3A601549176833!2s1i%3A1%2Ct%3A41896%2Ce%3A0%2Cp%3AHZPfW-_iFIykjwS-6JXQAw%3A601549176833!3sHZPfW-_iFIykjwS-6JXQAw%3A601549176838!4s1i%3A0%2Ct%3A41894%2Ce%3A9%2Cp%3AHZPfW-_iFIykjwS-6JXQAw%3A601549176838!29m4!1sHZPfW-_iFIykjwS-6JXQAw%3A601549176833!9sHZPfW-_iFIykjwS-6JXQAw%3A601549176833!15i27626!17sHZPfW-_iFIykjwS-6JXQAw%3A601549176845!43m1!1e1!11m3!7e140!9sHZPfW-_iFIykjwS-6JXQAw%3A601549176863!17sHZPfW-_iFIykjwS-6JXQAw%3A601549176864","-1","","","2963","2873","2932","2932","2963","31","2873","2963","90","41","42","1","0","h2","medium","","","",
"108.177.111.104","86","","","-1","-1","XHR","3","-1","-1","image/gif","","1","","-1","-1","https://www.google.com/maps/preview/log204?gl=us&pb=!8m13!2e22!20m4!1sHZPfW-_iFIykjwS-6JXQAw%3A601549176833!2s1i%3A1%2Ct%3A41896%2Ce%3A0%2Cp%3AHZPfW-_iFIykjwS-6JXQAw%3A601549176833!3sHZPfW-_iFIykjwS-6JXQAw%3A601549176839!4s1i%3A0%2Ct%3A55736%2Ce%3A10%2Cp%3AHZPfW-_iFIykjwS-6JXQAw%3A601549176839!29m4!1sHZPfW-_iFIykjwS-6JXQAw%3A601549176833!9sHZPfW-_iFIykjwS-6JXQAw%3A601549176833!15i27626!17sHZPfW-_iFIykjwS-6JXQAw%3A601549176846!43m1!1e1!11m3!7e140!9sHZPfW-_iFIykjwS-6JXQAw%3A601549176864!17sHZPfW-_iFIykjwS-6JXQAw%3A601549176865","-1","-1","204","-1","","35","288","412","","","181105_ZB_B","-1","58","-1","-1","","0","2874","-1","GET","0","","24","0.63","-1","-1","www.google.com","-1","-1","https://www.google.com/maps","1","2872","/maps/preview/log204?gl=us&pb=!8m13!2e22!20m4!1sHZPfW-_iFIykjwS-6JXQAw%3A601549176833!2s1i%3A1%2Ct%3A41896%2Ce%3A0%2Cp%3AHZPfW-_iFIykjwS-6JXQAw%3A601549176833!3sHZPfW-_iFIykjwS-6JXQAw%3A601549176839!4s1i%3A0%2Ct%3A55736%2Ce%3A10%2Cp%3AHZPfW-_iFIykjwS-6JXQAw%3A601549176839!29m4!1sHZPfW-_iFIykjwS-6JXQAw%3A601549176833!9sHZPfW-_iFIykjwS-6JXQAw%3A601549176833!15i27626!17sHZPfW-_iFIykjwS-6JXQAw%3A601549176846!43m1!1e1!11m3!7e140!9sHZPfW-_iFIykjwS-6JXQAw%3A601549176864!17sHZPfW-_iFIykjwS-6JXQAw%3A601549176865","-1","","","2960","2874","2932","2932","2960","28","2874","2960","86","42","43","1","0","h2","medium","","","",
"108.177.111.104","72","","","-1","-1","XHR","3","-1","-1","image/gif","","1","","-1","-1","https://www.google.com/maps/preview/log204?gl=us&pb=!8m13!2e22!20m4!1sHZPfW-_iFIykjwS-6JXQAw%3A601549176833!2s1i%3A1%2Ct%3A41896%2Ce%3A0%2Cp%3AHZPfW-_iFIykjwS-6JXQAw%3A601549176833!3sHZPfW-_iFIykjwS-6JXQAw%3A601549176840!4s1i%3A0%2Ct%3A41895%2Ce%3A11%2Cp%3AHZPfW-_iFIykjwS-6JXQAw%3A601549176840!29m4!1sHZPfW-_iFIykjwS-6JXQAw%3A601549176833!9sHZPfW-_iFIykjwS-6JXQAw%3A601549176833!15i27626!17sHZPfW-_iFIykjwS-6JXQAw%3A601549176847!43m1!1e1!11m3!7e140!9sHZPfW-_iFIykjwS-6JXQAw%3A601549176865!17sHZPfW-_iFIykjwS-6JXQAw%3A601549176866","-1","-1","204","-1","","35","288","411","","","181105_ZB_B","-1","52","-1","-1","","0","2914","-1","GET","0","","24","0.64","-1","-1","www.google.com","-1","-1","https://www.google.com/maps","1","2913","/maps/preview/log204?gl=us&pb=!8m13!2e22!20m4!1sHZPfW-_iFIykjwS-6JXQAw%3A601549176833!2s1i%3A1%2Ct%3A41896%2Ce%3A0%2Cp%3AHZPfW-_iFIykjwS-6JXQAw%3A601549176833!3sHZPfW-_iFIykjwS-6JXQAw%3A601549176840!4s1i%3A0%2Ct%3A41895%2Ce%3A11%2Cp%3AHZPfW-_iFIykjwS-6JXQAw%3A601549176840!29m4!1sHZPfW-_iFIykjwS-6JXQAw%3A601549176833!9sHZPfW-_iFIykjwS-6JXQAw%3A601549176833!15i27626!17sHZPfW-_iFIykjwS-6JXQAw%3A601549176847!43m1!1e1!11m3!7e140!9sHZPfW-_iFIykjwS-6JXQAw%3A601549176865!17sHZPfW-_iFIykjwS-6JXQAw%3A601549176866","-1","","","2986","2914","2966","2966","2986","20","2914","2986","72","43","44","1","0","h2","medium","","","",
"108.177.111.104","99","","","-1","-1","XHR","3","-1","-1","image/gif","","1","","-1","-1","https://www.google.com/maps/preview/log204?gl=us&pb=!8m16!27m3!1i44361!4i1!4i2!27m2!1i44363!3i0!27m2!1i44362!3i1!29m3!9sHZPfW-_iFIykjwS-6JXQAw%3A601549176833!15i9747!17sHZPfW-_iFIykjwS-6JXQAw%3A601549176848!43m1!1e1!11m3!7e140!9sHZPfW-_iFIykjwS-6JXQAw%3A601549176866!17sHZPfW-_iFIykjwS-6JXQAw%3A601549176867","-1","-1","204","-1","","35","288","238","","","181105_ZB_B","-1","60","-1","-1","","0","2917","-1","GET","0","","24","0.65","-1","-1","www.google.com","-1","-1","https://www.google.com/maps","1","2915","/maps/preview/log204?gl=us&pb=!8m16!27m3!1i44361!4i1!4i2!27m2!1i44363!3i0!27m2!1i44362!3i1!29m3!9sHZPfW-_iFIykjwS-6JXQAw%3A601549176833!15i9747!17sHZPfW-_iFIykjwS-6JXQAw%3A601549176848!43m1!1e1!11m3!7e140!9sHZPfW-_iFIykjwS-6JXQAw%3A601549176866!17sHZPfW-_iFIykjwS-6JXQAw%3A601549176867","-1","","","3016","2917","2977","2977","3016","39","2917","3016","99","44","45","1","0","h2","medium","","","",
"108.177.111.104","95","","","-1","-1","XHR","3","-1","-1","image/gif","","1","","-1","-1","https://www.google.com/maps/preview/log204?gl=us&pb=!8m6!3spage_load!31m2!1ssbv!2i512!43m1!1e1!11m3!7e140!9sHZPfW-_iFIykjwS-6JXQAw%3A601549176867!17sHZPfW-_iFIykjwS-6JXQAw%3A601549176868","-1","-1","204","-1","","35","288","141","","","181105_ZB_B","-1","56","-1","-1","","0","2918","-1","GET","0","","24","0.66","-1","-1","www.google.com","-1","-1","https://www.google.com/maps","1","2916","/maps/preview/log204?gl=us&pb=!8m6!3spage_load!31m2!1ssbv!2i512!43m1!1e1!11m3!7e140!9sHZPfW-_iFIykjwS-6JXQAw%3A601549176867!17sHZPfW-_iFIykjwS-6JXQAw%3A601549176868","-1","","","3013","2918","2974","2974","3013","39","2918","3013","95","45","46","1","0","h2","medium","","","",
"108.177.111.104","99","","","-1","-1","XHR","3","-1","-1","image/gif","","1","","-1","-1","https://www.google.com/maps/preview/log204?gl=us&pb=!8m8!27m1!1i5600!29m3!9sHZPfW-_iFIykjwS-6JXQAw%3A601549176848!15i9747!17sHZPfW-_iFIykjwS-6JXQAw%3A601549176849!43m1!1e1!11m3!7e140!9sHZPfW-_iFIykjwS-6JXQAw%3A601549176868!17sHZPfW-_iFIykjwS-6JXQAw%3A601549176869","-1","-1","204","-1","","35","288","203","","","181105_ZB_B","-1","57","-1","-1","","0","2918","-1","GET","0","","24","0.67","-1","-1","www.google.com","-1","-1","https://www.google.com/maps","1","2917","/maps/preview/log204?gl=us&pb=!8m8!27m1!1i5600!29m3!9sHZPfW-_iFIykjwS-6JXQAw%3A601549176848!15i9747!17sHZPfW-_iFIykjwS-6JXQAw%3A601549176849!43m1!1e1!11m3!7e140!9sHZPfW-_iFIykjwS-6JXQAw%3A601549176868!17sHZPfW-_iFIykjwS-6JXQAw%3A601549176869","-1","","","3017","2918","2975","2975","3017","42","2918","3017","99","46","47","1","0","h2","medium","","","",
"108.177.111.104","104","","","-1","-1","XHR","3","-1","-1","image/gif","","1","","-1","-1","https://www.google.com/maps/preview/log204?gl=us&pb=!8m6!3spage_load!31m2!1stl!2i1877!43m1!1e1!11m3!7e140!9sHZPfW-_iFIykjwS-6JXQAw%3A601549176869!17sHZPfW-_iFIykjwS-6JXQAw%3A601549176870","-1","-1","204","-1","","35","288","141","","","181105_ZB_B","-1","57","-1","-1","","0","2920","-1","GET","0","","24","0.68","-1","-1","www.google.com","-1","-1","https://www.google.com/maps","1","2919","/maps/preview/log204?gl=us&pb=!8m6!3spage_load!31m2!1stl!2i1877!43m1!1e1!11m3!7e140!9sHZPfW-_iFIykjwS-6JXQAw%3A601549176869!17sHZPfW-_iFIykjwS-6JXQAw%3A601549176870","-1","","","3024","2920","2977","2977","3024","47","2920","3024","104","47","48","1","0","h2","medium","","","",
"108.177.111.104","100","","","-1","-1","XHR","3","-1","-1","image/gif","","1","","-1","-1","https://www.google.com/maps/preview/log204?gl=us&pb=!8m7!3spage_load!31m2!1sprt!2i1878!41j255!43m1!1e1!11m3!7e140!9sHZPfW-_iFIykjwS-6JXQAw%3A601549176870!17sHZPfW-_iFIykjwS-6JXQAw%3A601549176871","-1","-1","204","-1","","35","288","147","","","181105_ZB_B","-1","55","-1","-1","","0","2921","-1","GET","0","","24","0.69","-1","-1","www.google.com","-1","-1","https://www.google.com/maps","1","2920","/maps/preview/log204?gl=us&pb=!8m7!3spage_load!31m2!1sprt!2i1878!41j255!43m1!1e1!11m3!7e140!9sHZPfW-_iFIykjwS-6JXQAw%3A601549176870!17sHZPfW-_iFIykjwS-6JXQAw%3A601549176871","-1","","","3021","2921","2976","2976","3021","45","2921","3021","100","48","49","1","0","h2","medium","","","",
"108.177.111.104","70","","","-1","-1","Script","3","-1","-1","text/javascript","0","1","","100","-1","https://www.google.com/maps-lite/js/2/ml_20181031_0/f55cc/pwa/common_controls.js","-1","-1","200","-1","","6876","299","57","","public, max-age=31536000","181105_ZB_B","-1","54","-1","100","31257041","26295","3305","-1","GET","6474","6474","227","0.70","-1","-1","www.google.com","100","-1","https://www.google.com/maps","1","3304","/maps-lite/js/2/ml_20181031_0/f55cc/pwa/common_controls.js","100","","Google","3375","3305","3359","3359","3375","16","3305","3375","70","49","50","1","0","h2","high","","gzip","Fri, 01 Nov 2019 19:18:09 GMT",
"108.177.111.104","87","","","-1","-1","Script","3","-1","-1","text/javascript","0","1","","100","-1","https://www.google.com/maps-lite/js/2/ml_20181031_0/f55cc/pwa/searchbox.js","-1","-1","200","-1","","51282","299","53","","public, max-age=31536000","181105_ZB_B","-1","40","-1","100","31257042","274679","3306","-1","GET","50879","50879","227","0.71","-1","-1","www.google.com","100","-1","https://www.google.com/maps","1","3305","/maps-lite/js/2/ml_20181031_0/f55cc/pwa/searchbox.js","100","","Google","3393","3306","3346","3346","3393","47","3306","3393","87","50","51","1","0","h2","high","","gzip","Fri, 01 Nov 2019 19:18:10 GMT",
"108.177.111.104","73","","","-1","-1","XHR","3","-1","-1","image/gif","","1","","-1","-1","https://www.google.com/maps/preview/log204?gl=us&pb=!8m4!42m1!3i1!43m1!1e1!11m3!7e140!9sHZPfW-_iFIykjwS-6JXQAw%3A601549176871!17sHZPfW-_iFIykjwS-6JXQAw%3A601549176872","-1","-1","204","-1","","35","288","125","","","181105_ZB_B","-1","54","-1","-1","","0","3323","-1","GET","0","","24","0.72","-1","-1","www.google.com","-1","-1","https://www.google.com/maps","1","3322","/maps/preview/log204?gl=us&pb=!8m4!42m1!3i1!43m1!1e1!11m3!7e140!9sHZPfW-_iFIykjwS-6JXQAw%3A601549176871!17sHZPfW-_iFIykjwS-6JXQAw%3A601549176872","-1","","","3396","3323","3377","3377","3396","19","3323","3396","73","51","52","1","0","h2","medium","","","",
"108.177.111.104","119","","","-1","-1","Script","3","-1","-1","text/javascript","0","1","","100","-1","https://www.google.com/maps-lite/js/2/ml_20181031_0/f55cc/pwa/touch_controls.js","-1","-1","200","-1","","30466","299","56","","public, max-age=31536000","181105_ZB_B","-1","35","-1","100","31257042","207225","3392","-1","GET","30063","30063","227","0.73","-1","-1","www.google.com","100","-1","https://www.google.com/maps","1","3390","/maps-lite/js/2/ml_20181031_0/f55cc/pwa/touch_controls.js","100","","Google","3511","3392","3427","3427","3511","84","3392","3511","119","52","53","1","0","h2","high","","gzip","Fri, 01 Nov 2019 19:18:10 GMT",
"64.233.168.120","184","203","","-1","100","Image","3","-1","-1","image/png","","1","","-1","-1","https://maps.gstatic.com/mapfiles/maps_lite/images/2x/ic_checkbox_unchecked_gray_24dp.png","-1","-1","200","-1","0","575","757","62","","private, max-age=31536000","181105_ZB_B","-1","95","-1","100","31536000","203","3496","-1","GET","203","","439","0.74","-1","-1","maps.gstatic.com","100","-1","https://www.google.com/maps","3","3495","/mapfiles/maps_lite/images/2x/ic_checkbox_unchecked_gray_24dp.png","100","","Google","3680","3496","3591","3591","3680","89","3496","3680","184","53","54","1","0","h2","low","","","Mon, 05 Nov 2018 00:47:28 GMT",
"108.177.111.104","46","3850","","-1","100","Image","3","-1","-1","image/png","","1","","-1","-1","https://www.google.com/images/branding/mapslogo/2x/googlelogo_62x24_with_2_stroke_color_66x26dp.png","-1","-1","200","-1","0","4193","378","120","","private, max-age=31536000","181105_ZB_B","-1","33","-1","100","31536000","3850","3658","-1","GET","3850","","546","0.75","-1","-1","www.google.com","100","-1","https://www.google.com/maps-lite/js/2/ml_20181031_0/f55cc/pwa/touch_controls.js","1","3657","/images/branding/mapslogo/2x/googlelogo_62x24_with_2_stroke_color_66x26dp.png","100","","Google","3704","3658","3691","3691","3704","13","3658","3704","46","54","55","1","0","h2","low","","","Mon, 05 Nov 2018 00:47:28 GMT",
"108.177.111.104","60","","","-1","-1","XHR","3","-1","-1","image/gif","","1","","-1","-1","https://www.google.com/maps/preview/log204?gl=us&pb=!8m24!27m5!1i44364!4i1!4i2!4i3!4i4!27m2!1i48778!3i0!27m2!1i48779!3i1!27m2!1i22118!3i2!27m2!1i44367!3i3!29m3!9sHZPfW-_iFIykjwS-6JXQAw%3A601549176849!15i9747!17sHZPfW-_iFIykjwS-6JXQAw%3A601549176873!43m1!1e1!11m3!7e140!9sHZPfW-_iFIykjwS-6JXQAw%3A601549176872!17sHZPfW-_iFIykjwS-6JXQAw%3A601549176874","-1","-1","204","-1","","35","288","273","","","181105_ZB_B","-1","55","-1","-1","","0","3684","-1","GET","0","","24","0.76","-1","-1","www.google.com","-1","-1","https://www.google.com/maps","1","3683","/maps/preview/log204?gl=us&pb=!8m24!27m5!1i44364!4i1!4i2!4i3!4i4!27m2!1i48778!3i0!27m2!1i48779!3i1!27m2!1i22118!3i2!27m2!1i44367!3i3!29m3!9sHZPfW-_iFIykjwS-6JXQAw%3A601549176849!15i9747!17sHZPfW-_iFIykjwS-6JXQAw%3A601549176873!43m1!1e1!11m3!7e140!9sHZPfW-_iFIykjwS-6JXQAw%3A601549176872!17sHZPfW-_iFIykjwS-6JXQAw%3A601549176874","-1","","","3744","3684","3739","3739","3744","5","3684","3744","60","55","56","1","0","h2","medium","","","",
"108.177.111.104","52","","","-1","-1","XHR","3","-1","-1","image/gif","","1","","-1","-1","https://www.google.com/maps/preview/log204?gl=us&pb=!8m6!3spage_load!31m2!1scml!2i2715!43m1!1e1!11m3!7e140!9sHZPfW-_iFIykjwS-6JXQAw%3A601549176874!17sHZPfW-_iFIykjwS-6JXQAw%3A601549176875","-1","-1","204","-1","","35","288","142","","","181105_ZB_B","-1","48","-1","-1","","0","3685","-1","GET","0","","24","0.77","-1","-1","www.google.com","-1","-1","https://www.google.com/maps","1","3684","/maps/preview/log204?gl=us&pb=!8m6!3spage_load!31m2!1scml!2i2715!43m1!1e1!11m3!7e140!9sHZPfW-_iFIykjwS-6JXQAw%3A601549176874!17sHZPfW-_iFIykjwS-6JXQAw%3A601549176875","-1","","","3737","3685","3733","3733","3737","4","3685","3737","52","56","57","1","0","h2","medium","","","",
"","325","","","-1","-1","Document","3","-1","-1","text/html; charset=UTF-8","","1","","-1","-1","https://maps.google.com/","-1","-1","302","-1","","594","","0","","private","181105_ZB_B","-1","325","-1","-1","","0","0","-1","GET","225","","","0.2","-1","-1","maps.google.com","-1","-1","","-1","0","/","-1","","","325","0","325","325","325","0","0","325","325","0","1","1","1","","","","","",
"","80","","","-1","-1","Document","3","-1","-1","text/html; charset=UTF-8","","1","","-1","-1","https://maps.google.com/maps","-1","-1","302","-1","","635","","0","","private","181105_ZB_B","-1","80","-1","-1","","0","325","-1","GET","224","","","0.2.1","-1","-1","maps.google.com","-1","-1","","-1","325","/maps","-1","","","405","325","405","405","405","0","325","405","80","1","2","1","1","","","","","",
"108.177.111.104","445","","","-1","-1","Document","3","-1","-1","text/html; charset=UTF-8","0","1","","100","-1","https://www.google.com/maps","-1","-1","200","-1","","161689","","706","","no-transform","181105_ZB_B","-1","25","-1","100","","503375","405","-1","GET","160822","160822","","0.2.2","-1","-1","www.google.com","100","-1","","1","405","/maps","-1","","Google","850","405","430","430","850","420","405","850","445","2","3","1","1","h2","high","1","gzip","Mon, 05 Nov 2018 00:47:41 GMT",
"","20","","","-1","-1","XHR","3","-1","-1","","","1","","-1","-1","https://www.google.com/maps/vt?pb=!1m5!1m4!1i13!2i2190!3i3032!4i256&pb=!2m3!1e0!2sm!3i442147614&pb=!3m7!2sen!5e1249!12m4!1e68!2m2!1sset!2sRoadmap!4e3!12m1!5b1!23i4111425","-1","-1","-1","-1","","0","288","0","","","181105_ZB_B","-1","20","-1","-1","","0","1703","-1","GET","0","","24","0.29","-1","-1","www.google.com","-1","-1","https://www.google.com/maps","-1","1703","/maps/vt?pb=!1m5!1m4!1i13!2i2190!3i3032!4i256&pb=!2m3!1e0!2sm!3i442147614&pb=!3m7!2sen!5e1249!12m4!1e68!2m2!1sset!2sRoadmap!4e3!12m1!5b1!23i4111425","-1","","","1723","1703","1723","1723","1723","0","1703","1723","20","3","4","1","1","","","","","",
"","32","","","-1","-1","XHR","3","-1","-1","","","1","","-1","-1","https://www.google.com/maps/vt?pb=!1m5!1m4!1i13!2i2189!3i3032!4i256&pb=!2m3!1e0!2sm!3i442147614&pb=!3m9!2sen!5e1249!12m1!1e18!12m4!1e68!2m2!1sset!2sRoadmap!4e0!5m1!5f2!23i4111425","-1","-1","-1","-1","","0","288","0","","","181105_ZB_B","-1","32","-1","-1","","0","1709","-1","GET","0","","24","0.31","-1","-1","www.google.com","-1","-1","https://www.google.com/maps","-1","1709","/maps/vt?pb=!1m5!1m4!1i13!2i2189!3i3032!4i256&pb=!2m3!1e0!2sm!3i442147614&pb=!3m9!2sen!5e1249!12m1!1e18!12m4!1e68!2m2!1sset!2sRoadmap!4e0!5m1!5f2!23i4111425","-1","","","1741","1709","1741","1741","1741","0","1709","1741","32","4","5","1","1","","","","","",
"","32","","","-1","-1","XHR","3","-1","-1","","","1","","-1","-1","https://www.google.com/maps/vt?pb=!1m5!1m4!1i13!2i2189!3i3032!4i256&pb=!2m3!1e0!2sm!3i442147614&pb=!3m9!2sen!5e1249!12m1!1e3!12m4!1e68!2m2!1sset!2sRoadmap!4e0!23i4111425","-1","-1","-1","-1","","0","288","0","","","181105_ZB_B","-1","32","-1","-1","","0","1709","-1","GET","0","","24","0.30","-1","-1","www.google.com","-1","-1","https://www.google.com/maps","-1","1709","/maps/vt?pb=!1m5!1m4!1i13!2i2189!3i3032!4i256&pb=!2m3!1e0!2sm!3i442147614&pb=!3m9!2sen!5e1249!12m1!1e3!12m4!1e68!2m2!1sset!2sRoadmap!4e0!23i4111425","-1","","","1741","1709","1741","1741","1741","0","1709","1741","32","5","6","1","1","","","","","",
"","32","","","-1","-1","XHR","3","-1","-1","","","1","","-1","-1","https://www.google.com/maps/vt?pb=!1m5!1m4!1i13!2i2189!3i3032!4i256&pb=!2m3!1e0!2sm!3i442147614&pb=!3m7!2sen!5e1249!12m4!1e68!2m2!1sset!2sRoadmap!4e3!12m1!5b1!23i4111425","-1","-1","-1","-1","","0","288","0","","","181105_ZB_B","-1","32","-1","-1","","0","1710","-1","GET","0","","24","0.32","-1","-1","www.google.com","-1","-1","https://www.google.com/maps","-1","1710","/maps/vt?pb=!1m5!1m4!1i13!2i2189!3i3032!4i256&pb=!2m3!1e0!2sm!3i442147614&pb=!3m7!2sen!5e1249!12m4!1e68!2m2!1sset!2sRoadmap!4e3!12m1!5b1!23i4111425","-1","","","1742","1710","1742","1742","1742","0","1710","1742","32","6","7","1","1","","","","","",
"","36","","","-1","-1","XHR","3","-1","-1","","","1","","-1","-1","https://www.google.com/maps/vt?pb=!1m5!1m4!1i13!2i2189!3i3031!4i256&pb=!2m3!1e0!2sm!3i442147614&pb=!3m9!2sen!5e1249!12m1!1e3!12m4!1e68!2m2!1sset!2sRoadmap!4e0!23i4111425","-1","-1","-1","-1","","0","288","0","","","181105_ZB_B","-1","36","-1","-1","","0","1712","-1","GET","0","","24","0.33","-1","-1","www.google.com","-1","-1","https://www.google.com/maps","-1","1712","/maps/vt?pb=!1m5!1m4!1i13!2i2189!3i3031!4i256&pb=!2m3!1e0!2sm!3i442147614&pb=!3m9!2sen!5e1249!12m1!1e3!12m4!1e68!2m2!1sset!2sRoadmap!4e0!23i4111425","-1","","","1748","1712","1748","1748","1748","0","1712","1748","36","7","8","1","1","","","","","",
"","38","","","-1","-1","XHR","3","-1","-1","","","1","","-1","-1","https://www.google.com/maps/vt?pb=!1m5!1m4!1i13!2i2189!3i3031!4i256&pb=!2m3!1e0!2sm!3i442147614&pb=!3m7!2sen!5e1249!12m4!1e68!2m2!1sset!2sRoadmap!4e3!12m1!5b1!23i4111425","-1","-1","-1","-1","","0","288","0","","","181105_ZB_B","-1","38","-1","-1","","0","1713","-1","GET","0","","24","0.35","-1","-1","www.google.com","-1","-1","https://www.google.com/maps","-1","1713","/maps/vt?pb=!1m5!1m4!1i13!2i2189!3i3031!4i256&pb=!2m3!1e0!2sm!3i442147614&pb=!3m7!2sen!5e1249!12m4!1e68!2m2!1sset!2sRoadmap!4e3!12m1!5b1!23i4111425","-1","","","1751","1713","1751","1751","1751","0","1713","1751","38","8","9","1","1","","","","","",
"","36","","","-1","-1","XHR","3","-1","-1","","","1","","-1","-1","https://www.google.com/maps/vt?pb=!1m5!1m4!1i13!2i2189!3i3031!4i256&pb=!2m3!1e0!2sm!3i442147614&pb=!3m9!2sen!5e1249!12m1!1e18!12m4!1e68!2m2!1sset!2sRoadmap!4e0!5m1!5f2!23i4111425","-1","-1","-1","-1","","0","288","0","","","181105_ZB_B","-1","36","-1","-1","","0","1713","-1","GET","0","","24","0.34","-1","-1","www.google.com","-1","-1","https://www.google.com/maps","-1","1713","/maps/vt?pb=!1m5!1m4!1i13!2i2189!3i3031!4i256&pb=!2m3!1e0!2sm!3i442147614&pb=!3m9!2sen!5e1249!12m1!1e18!12m4!1e68!2m2!1sset!2sRoadmap!4e0!5m1!5f2!23i4111425","-1","","","1749","1713","1749","1749","1749","0","1713","1749","36","9","10","1","1","","","","","",
"","41","","","-1","-1","XHR","3","-1","-1","","","1","","-1","-1","https://www.google.com/maps/vt?pb=!1m5!1m4!1i13!2i2190!3i3031!4i256&pb=!2m3!1e0!2sm!3i442147614&pb=!3m9!2sen!5e1249!12m1!1e3!12m4!1e68!2m2!1sset!2sRoadmap!4e0!23i4111425","-1","-1","-1","-1","","0","288","0","","","181105_ZB_B","-1","41","-1","-1","","0","1717","-1","GET","0","","24","0.36","-1","-1","www.google.com","-1","-1","https://www.google.com/maps","-1","1717","/maps/vt?pb=!1m5!1m4!1i13!2i2190!3i3031!4i256&pb=!2m3!1e0!2sm!3i442147614&pb=!3m9!2sen!5e1249!12m1!1e3!12m4!1e68!2m2!1sset!2sRoadmap!4e0!23i4111425","-1","","","1758","1717","1758","1758","1758","0","1717","1758","41","10","11","1","1","","","","","",
"","41","","","-1","-1","XHR","3","-1","-1","","","1","","-1","-1","https://www.google.com/maps/vt?pb=!1m5!1m4!1i13!2i2190!3i3031!4i256&pb=!2m3!1e0!2sm!3i442147614&pb=!3m9!2sen!5e1249!12m1!1e18!12m4!1e68!2m2!1sset!2sRoadmap!4e0!5m1!5f2!23i4111425","-1","-1","-1","-1","","0","288","0","","","181105_ZB_B","-1","41","-1","-1","","0","1718","-1","GET","0","","24","0.37","-1","-1","www.google.com","-1","-1","https://www.google.com/maps","-1","1718","/maps/vt?pb=!1m5!1m4!1i13!2i2190!3i3031!4i256&pb=!2m3!1e0!2sm!3i442147614&pb=!3m9!2sen!5e1249!12m1!1e18!12m4!1e68!2m2!1sset!2sRoadmap!4e0!5m1!5f2!23i4111425","-1","","","1759","1718","1759","1759","1759","0","1718","1759","41","11","12","1","1","","","","","",
"","41","","","-1","-1","XHR","3","-1","-1","","","1","","-1","-1","https://www.google.com/maps/vt?pb=!1m5!1m4!1i13!2i2190!3i3031!4i256&pb=!2m3!1e0!2sm!3i442147614&pb=!3m7!2sen!5e1249!12m4!1e68!2m2!1sset!2sRoadmap!4e3!12m1!5b1!23i4111425","-1","-1","-1","-1","","0","288","0","","","181105_ZB_B","-1","41","-1","-1","","0","1719","-1","GET","0","","24","0.38","-1","-1","www.google.com","-1","-1","https://www.google.com/maps","-1","1719","/maps/vt?pb=!1m5!1m4!1i13!2i2190!3i3031!4i256&pb=!2m3!1e0!2sm!3i442147614&pb=!3m7!2sen!5e1249!12m4!1e68!2m2!1sset!2sRoadmap!4e3!12m1!5b1!23i4111425","-1","","","1760","1719","1760","1760","1760","0","1719","1760","41","12","13","1","1","","","","","",
"","31","","","-1","-1","XHR","3","-1","-1","","","1","","-1","-1","https://www.google.com/maps/vt?pb=!1m5!1m4!1i13!2i2189!3i3032!4i256&pb=!2m3!1e0!2sm!3i442147614&pb=!3m9!2sen!5e1249!12m1!1e3!12m4!1e68!2m2!1sset!2sRoadmap!4e0!23i4111425","-1","-1","-1","-1","","0","288","0","","","181105_ZB_B","-1","31","-1","-1","","0","1744","-1","GET","0","","24","0.40","-1","-1","www.google.com","-1","-1","https://www.google.com/maps","-1","1744","/maps/vt?pb=!1m5!1m4!1i13!2i2189!3i3032!4i256&pb=!2m3!1e0!2sm!3i442147614&pb=!3m9!2sen!5e1249!12m1!1e3!12m4!1e68!2m2!1sset!2sRoadmap!4e0!23i4111425","-1","","","1775","1744","1775","1775","1775","0","1744","1775","31","13","14","1","1","","","","","",
"","31","","","-1","-1","XHR","3","-1","-1","","","1","","-1","-1","https://www.google.com/maps/vt?pb=!1m5!1m4!1i13!2i2189!3i3032!4i256&pb=!2m3!1e0!2sm!3i442147614&pb=!3m9!2sen!5e1249!12m1!1e18!12m4!1e68!2m2!1sset!2sRoadmap!4e0!5m1!5f2!23i4111425","-1","-1","-1","-1","","0","288","0","","","181105_ZB_B","-1","31","-1","-1","","0","1745","-1","GET","0","","24","0.41","-1","-1","www.google.com","-1","-1","https://www.google.com/maps","-1","1745","/maps/vt?pb=!1m5!1m4!1i13!2i2189!3i3032!4i256&pb=!2m3!1e0!2sm!3i442147614&pb=!3m9!2sen!5e1249!12m1!1e18!12m4!1e68!2m2!1sset!2sRoadmap!4e0!5m1!5f2!23i4111425","-1","","","1776","1745","1776","1776","1776","0","1745","1776","31","14","15","1","1","","","","","",
"","31","","","-1","-1","XHR","3","-1","-1","","","1","","-1","-1","https://www.google.com/maps/vt?pb=!1m5!1m4!1i13!2i2189!3i3032!4i256&pb=!2m3!1e0!2sm!3i442147614&pb=!3m7!2sen!5e1249!12m4!1e68!2m2!1sset!2sRoadmap!4e3!12m1!5b1!23i4111425","-1","-1","-1","-1","","0","288","0","","","181105_ZB_B","-1","31","-1","-1","","0","1746","-1","GET","0","","24","0.42","-1","-1","www.google.com","-1","-1","https://www.google.com/maps","-1","1746","/maps/vt?pb=!1m5!1m4!1i13!2i2189!3i3032!4i256&pb=!2m3!1e0!2sm!3i442147614&pb=!3m7!2sen!5e1249!12m4!1e68!2m2!1sset!2sRoadmap!4e3!12m1!5b1!23i4111425","-1","","","1777","1746","1777","1777","1777","0","1746","1777","31","15","16","1","1","","","","","",
"","16","","","-1","-1","XHR","3","-1","-1","","","1","","-1","-1","https://www.google.com/maps/vt?pb=!1m5!1m4!1i13!2i2189!3i3031!4i256&pb=!2m3!1e0!2sm!3i442147614&pb=!3m9!2sen!5e1249!12m1!1e18!12m4!1e68!2m2!1sset!2sRoadmap!4e0!5m1!5f2!23i4111425","-1","-1","-1","-1","","0","288","0","","","181105_ZB_B","-1","16","-1","-1","","0","1752","-1","GET","0","","24","0.44","-1","-1","www.google.com","-1","-1","https://www.google.com/maps","-1","1752","/maps/vt?pb=!1m5!1m4!1i13!2i2189!3i3031!4i256&pb=!2m3!1e0!2sm!3i442147614&pb=!3m9!2sen!5e1249!12m1!1e18!12m4!1e68!2m2!1sset!2sRoadmap!4e0!5m1!5f2!23i4111425","-1","","","1768","1752","1768","1768","1768","0","1752","1768","16","16","17","1","1","","","","","",
"","15","","","-1","-1","XHR","3","-1","-1","","","1","","-1","-1","https://www.google.com/maps/vt?pb=!1m5!1m4!1i13!2i2189!3i3031!4i256&pb=!2m3!1e0!2sm!3i442147614&pb=!3m9!2sen!5e1249!12m1!1e3!12m4!1e68!2m2!1sset!2sRoadmap!4e0!23i4111425","-1","-1","-1","-1","","0","288","0","","","181105_ZB_B","-1","15","-1","-1","","0","1752","-1","GET","0","","24","0.43","-1","-1","www.google.com","-1","-1","https://www.google.com/maps","-1","1752","/maps/vt?pb=!1m5!1m4!1i13!2i2189!3i3031!4i256&pb=!2m3!1e0!2sm!3i442147614&pb=!3m9!2sen!5e1249!12m1!1e3!12m4!1e68!2m2!1sset!2sRoadmap!4e0!23i4111425","-1","","","1767","1752","1767","1767","1767","0","1752","1767","15","17","18","1","1","","","","","",
"","15","","","-1","-1","XHR","3","-1","-1","","","1","","-1","-1","https://www.google.com/maps/vt?pb=!1m5!1m4!1i13!2i2189!3i3031!4i256&pb=!2m3!1e0!2sm!3i442147614&pb=!3m7!2sen!5e1249!12m4!1e68!2m2!1sset!2sRoadmap!4e3!12m1!5b1!23i4111425","-1","-1","-1","-1","","0","288","0","","","181105_ZB_B","-1","15","-1","-1","","0","1753","-1","GET","0","","24","0.45","-1","-1","www.google.com","-1","-1","https://www.google.com/maps","-1","1753","/maps/vt?pb=!1m5!1m4!1i13!2i2189!3i3031!4i256&pb=!2m3!1e0!2sm!3i442147614&pb=!3m7!2sen!5e1249!12m4!1e68!2m2!1sset!2sRoadmap!4e3!12m1!5b1!23i4111425","-1","","","1768","1753","1768","1768","1768","0","1753","1768","15","18","19","1","1","","","","","",
"108.177.111.104","86","","","-1","-1","XHR","3","-1","-1","image/gif","","1","","-1","-1","https://www.google.com/maps/preview/log204?gl=us&pb=!8m6!29m3!9sLZPfW6H1Nqu3jwSnpqLgCg%3A782340718610!15i42273!17sLZPfW6H1Nqu3jwSnpqLgCg%3A782340718611!43m1!1e1!8m6!3spage_load!31m2!1s_fs!2i405!43m1!1e1!8m6!3spage_load!31m2!1s_dns!2i407!43m1!1e1!8m6!3spage_load!31m2!1sdns_!2i409!43m1!1e1!8m6!3spage_load!31m2!1s_con!2i410!43m1!1e1!8m6!3spage_load!31m2!1scon_!2i542!43m1!1e1!8m6!3spage_load!31m2!1s_req!2i543!43m1!1e1!8m6!3spage_load!31m2!1s_rcv!2i639!43m1!1e1!8m6!3spage_load!31m2!1sdl!2i753!43m1!1e1!8m7!3spage_load!31m2!1sacs!2i341!41j255!43m1!1e1!11m3!7e140!9sLZPfW6H1Nqu3jwSnpqLgCg!17sLZPfW6H1Nqu3jwSnpqLgCg%3A782340718610","-1","-1","204","-1","","35","288","510","","","181105_ZB_B","-1","66","-1","-1","","0","2465","-1","GET","0","","24","0.65","-1","-1","www.google.com","-1","-1","https://www.google.com/maps","1","2464","/maps/preview/log204?gl=us&pb=!8m6!29m3!9sLZPfW6H1Nqu3jwSnpqLgCg%3A782340718610!15i42273!17sLZPfW6H1Nqu3jwSnpqLgCg%3A782340718611!43m1!1e1!8m6!3spage_load!31m2!1s_fs!2i405!43m1!1e1!8m6!3spage_load!31m2!1s_dns!2i407!43m1!1e1!8m6!3spage_load!31m2!1sdns_!2i409!43m1!1e1!8m6!3spage_load!31m2!1s_con!2i410!43m1!1e1!8m6!3spage_load!31m2!1scon_!2i542!43m1!1e1!8m6!3spage_load!31m2!1s_req!2i543!43m1!1e1!8m6!3spage_load!31m2!1s_rcv!2i639!43m1!1e1!8m6!3spage_load!31m2!1sdl!2i753!43m1!1e1!8m7!3spage_load!31m2!1sacs!2i341!41j255!43m1!1e1!11m3!7e140!9sLZPfW6H1Nqu3jwSnpqLgCg!17sLZPfW6H1Nqu3jwSnpqLgCg%3A782340718610","-1","","","2551","2465","2531","2531","2551","20","2465","2551","86","19","20","1","1","h2","medium","","","",
"108.177.111.104","86","","","-1","-1","XHR","3","-1","-1","image/gif","","1","","-1","-1","https://www.google.com/maps/preview/log204?gl=us&pb=!8m32!27m2!1i41889!4i1!27m7!1i41896!3i0!4i2!4i3!4i4!4i5!4i6!27m2!1i41888!3i0!27m2!1i41891!3i1!27m2!1i57457!3i2!27m2!1i41890!3i3!27m2!1i51972!3i4!29m3!9sLZPfW6H1Nqu3jwSnpqLgCg!15i9747!17sLZPfW6H1Nqu3jwSnpqLgCg%3A782340718593!43m1!1e1!11m3!7e140!9sLZPfW6H1Nqu3jwSnpqLgCg%3A782340718611!17sLZPfW6H1Nqu3jwSnpqLgCg%3A782340718612","-1","-1","204","-1","","35","288","293","","","181105_ZB_B","-1","67","-1","-1","","0","2467","-1","GET","0","","24","0.66","-1","-1","www.google.com","-1","-1","https://www.google.com/maps","1","2466","/maps/preview/log204?gl=us&pb=!8m32!27m2!1i41889!4i1!27m7!1i41896!3i0!4i2!4i3!4i4!4i5!4i6!27m2!1i41888!3i0!27m2!1i41891!3i1!27m2!1i57457!3i2!27m2!1i41890!3i3!27m2!1i51972!3i4!29m3!9sLZPfW6H1Nqu3jwSnpqLgCg!15i9747!17sLZPfW6H1Nqu3jwSnpqLgCg%3A782340718593!43m1!1e1!11m3!7e140!9sLZPfW6H1Nqu3jwSnpqLgCg%3A782340718611!17sLZPfW6H1Nqu3jwSnpqLgCg%3A782340718612","-1","","","2553","2467","2534","2534","2553","19","2467","2553","86","20","21","1","1","h2","medium","","","",
"108.177.111.104","85","","","-1","-1","XHR","3","-1","-1","image/gif","","1","","-1","-1","https://www.google.com/maps/preview/log204?gl=us&pb=!8m10!27m2!1i51973!3i5!29m4!1sLZPfW6H1Nqu3jwSnpqLgCg%3A782340718593!9sLZPfW6H1Nqu3jwSnpqLgCg%3A782340718593!15i46458!17sLZPfW6H1Nqu3jwSnpqLgCg%3A782340718594!43m1!1e1!11m3!7e140!9sLZPfW6H1Nqu3jwSnpqLgCg%3A782340718612!17sLZPfW6H1Nqu3jwSnpqLgCg%3A782340718613","-1","-1","204","-1","","45","288","238","","","181105_ZB_B","-1","63","-1","-1","","0","2467","-1","GET","0","","24","0.67","-1","-1","www.google.com","-1","-1","https://www.google.com/maps","1","2466","/maps/preview/log204?gl=us&pb=!8m10!27m2!1i51973!3i5!29m4!1sLZPfW6H1Nqu3jwSnpqLgCg%3A782340718593!9sLZPfW6H1Nqu3jwSnpqLgCg%3A782340718593!15i46458!17sLZPfW6H1Nqu3jwSnpqLgCg%3A782340718594!43m1!1e1!11m3!7e140!9sLZPfW6H1Nqu3jwSnpqLgCg%3A782340718612!17sLZPfW6H1Nqu3jwSnpqLgCg%3A782340718613","-1","","","2552","2467","2530","2530","2552","22","2467","2552","85","21","22","1","1","h2","medium","","","",
"108.177.111.104","89","","","-1","-1","XHR","3","-1","-1","image/gif","","1","","-1","-1","https://www.google.com/maps/preview/log204?gl=us&pb=!8m10!27m2!1i51971!3i6!29m4!1sLZPfW6H1Nqu3jwSnpqLgCg%3A782340718593!9sLZPfW6H1Nqu3jwSnpqLgCg%3A782340718593!15i46458!17sLZPfW6H1Nqu3jwSnpqLgCg%3A782340718595!43m1!1e1!11m3!7e140!9sLZPfW6H1Nqu3jwSnpqLgCg%3A782340718613!17sLZPfW6H1Nqu3jwSnpqLgCg%3A782340718614","-1","-1","204","-1","","35","288","238","","","181105_ZB_B","-1","64","-1","-1","","0","2470","-1","GET","0","","24","0.68","-1","-1","www.google.com","-1","-1","https://www.google.com/maps","1","2467","/maps/preview/log204?gl=us&pb=!8m10!27m2!1i51971!3i6!29m4!1sLZPfW6H1Nqu3jwSnpqLgCg%3A782340718593!9sLZPfW6H1Nqu3jwSnpqLgCg%3A782340718593!15i46458!17sLZPfW6H1Nqu3jwSnpqLgCg%3A782340718595!43m1!1e1!11m3!7e140!9sLZPfW6H1Nqu3jwSnpqLgCg%3A782340718613!17sLZPfW6H1Nqu3jwSnpqLgCg%3A782340718614","-1","","","2559","2470","2534","2534","2559","25","2470","2559","89","22","23","1","1","h2","medium","","","",
"108.177.111.104","88","","","-1","-1","XHR","3","-1","-1","image/gif","","1","","-1","-1","https://www.google.com/maps/preview/log204?gl=us&pb=!8m10!27m2!1i41892!3i7!29m4!1sLZPfW6H1Nqu3jwSnpqLgCg%3A782340718593!9sLZPfW6H1Nqu3jwSnpqLgCg%3A782340718593!15i46458!17sLZPfW6H1Nqu3jwSnpqLgCg%3A782340718596!43m1!1e1!11m3!7e140!9sLZPfW6H1Nqu3jwSnpqLgCg%3A782340718614!17sLZPfW6H1Nqu3jwSnpqLgCg%3A782340718615","-1","-1","204","-1","","35","288","238","","","181105_ZB_B","-1","55","-1","-1","","0","2470","-1","GET","0","","24","0.69","-1","-1","www.google.com","-1","-1","https://www.google.com/maps","1","2467","/maps/preview/log204?gl=us&pb=!8m10!27m2!1i41892!3i7!29m4!1sLZPfW6H1Nqu3jwSnpqLgCg%3A782340718593!9sLZPfW6H1Nqu3jwSnpqLgCg%3A782340718593!15i46458!17sLZPfW6H1Nqu3jwSnpqLgCg%3A782340718596!43m1!1e1!11m3!7e140!9sLZPfW6H1Nqu3jwSnpqLgCg%3A782340718614!17sLZPfW6H1Nqu3jwSnpqLgCg%3A782340718615","-1","","","2558","2470","2525","2525","2558","33","2470","2558","88","23","24","1","1","h2","medium","","","",
"108.177.111.104","82","","","-1","-1","XHR","3","-1","-1","image/gif","","1","","-1","-1","https://www.google.com/maps/preview/log204?gl=us&pb=!8m10!27m2!1i41894!3i9!29m4!1sLZPfW6H1Nqu3jwSnpqLgCg%3A782340718593!9sLZPfW6H1Nqu3jwSnpqLgCg%3A782340718593!15i46458!17sLZPfW6H1Nqu3jwSnpqLgCg%3A782340718598!43m1!1e1!11m3!7e140!9sLZPfW6H1Nqu3jwSnpqLgCg%3A782340718616!17sLZPfW6H1Nqu3jwSnpqLgCg%3A782340718617","-1","-1","204","-1","","35","288","238","","","181105_ZB_B","-1","55","-1","-1","","0","2471","-1","GET","0","","24","0.71","-1","-1","www.google.com","-1","-1","https://www.google.com/maps","1","2468","/maps/preview/log204?gl=us&pb=!8m10!27m2!1i41894!3i9!29m4!1sLZPfW6H1Nqu3jwSnpqLgCg%3A782340718593!9sLZPfW6H1Nqu3jwSnpqLgCg%3A782340718593!15i46458!17sLZPfW6H1Nqu3jwSnpqLgCg%3A782340718598!43m1!1e1!11m3!7e140!9sLZPfW6H1Nqu3jwSnpqLgCg%3A782340718616!17sLZPfW6H1Nqu3jwSnpqLgCg%3A782340718617","-1","","","2553","2471","2526","2526","2553","27","2471","2553","82","24","25","1","1","h2","medium","","","",
"108.177.111.104","90","","","-1","-1","XHR","3","-1","-1","image/gif","","1","","-1","-1","https://www.google.com/maps/preview/log204?gl=us&pb=!8m10!27m2!1i41893!3i8!29m4!1sLZPfW6H1Nqu3jwSnpqLgCg%3A782340718593!9sLZPfW6H1Nqu3jwSnpqLgCg%3A782340718593!15i46458!17sLZPfW6H1Nqu3jwSnpqLgCg%3A782340718597!43m1!1e1!11m3!7e140!9sLZPfW6H1Nqu3jwSnpqLgCg%3A782340718615!17sLZPfW6H1Nqu3jwSnpqLgCg%3A782340718616","-1","-1","204","-1","","35","288","238","","","181105_ZB_B","-1","64","-1","-1","","0","2471","-1","GET","0","","24","0.70","-1","-1","www.google.com","-1","-1","https://www.google.com/maps","1","2468","/maps/preview/log204?gl=us&pb=!8m10!27m2!1i41893!3i8!29m4!1sLZPfW6H1Nqu3jwSnpqLgCg%3A782340718593!9sLZPfW6H1Nqu3jwSnpqLgCg%3A782340718593!15i46458!17sLZPfW6H1Nqu3jwSnpqLgCg%3A782340718597!43m1!1e1!11m3!7e140!9sLZPfW6H1Nqu3jwSnpqLgCg%3A782340718615!17sLZPfW6H1Nqu3jwSnpqLgCg%3A782340718616","-1","","","2561","2471","2535","2535","2561","26","2471","2561","90","25","26","1","1","h2","medium","","","",
"108.177.111.104","77","","","-1","-1","XHR","3","-1","-1","image/gif","","1","","-1","-1","https://www.google.com/maps/preview/log204?gl=us&pb=!8m10!27m2!1i55736!3i10!29m4!1sLZPfW6H1Nqu3jwSnpqLgCg%3A782340718593!9sLZPfW6H1Nqu3jwSnpqLgCg%3A782340718593!15i46458!17sLZPfW6H1Nqu3jwSnpqLgCg%3A782340718599!43m1!1e1!11m3!7e140!9sLZPfW6H1Nqu3jwSnpqLgCg%3A782340718617!17sLZPfW6H1Nqu3jwSnpqLgCg%3A782340718618","-1","-1","204","-1","","35","288","239","","","181105_ZB_B","-1","61","-1","-1","","0","2515","-1","GET","0","","24","0.72","-1","-1","www.google.com","-1","-1","https://www.google.com/maps","1","2514","/maps/preview/log204?gl=us&pb=!8m10!27m2!1i55736!3i10!29m4!1sLZPfW6H1Nqu3jwSnpqLgCg%3A782340718593!9sLZPfW6H1Nqu3jwSnpqLgCg%3A782340718593!15i46458!17sLZPfW6H1Nqu3jwSnpqLgCg%3A782340718599!43m1!1e1!11m3!7e140!9sLZPfW6H1Nqu3jwSnpqLgCg%3A782340718617!17sLZPfW6H1Nqu3jwSnpqLgCg%3A782340718618","-1","","","2592","2515","2576","2576","2592","16","2515","2592","77","26","27","1","1","h2","medium","","","",
"108.177.111.104","76","","","-1","-1","XHR","3","-1","-1","image/gif","","1","","-1","-1","https://www.google.com/maps/preview/log204?gl=us&pb=!8m10!27m2!1i41895!3i11!29m4!1sLZPfW6H1Nqu3jwSnpqLgCg%3A782340718593!9sLZPfW6H1Nqu3jwSnpqLgCg%3A782340718593!15i46458!17sLZPfW6H1Nqu3jwSnpqLgCg%3A782340718600!43m1!1e1!11m3!7e140!9sLZPfW6H1Nqu3jwSnpqLgCg%3A782340718618!17sLZPfW6H1Nqu3jwSnpqLgCg%3A782340718619","-1","-1","204","-1","","35","288","239","","","181105_ZB_B","-1","59","-1","-1","","0","2517","-1","GET","0","","24","0.73","-1","-1","www.google.com","-1","-1","https://www.google.com/maps","1","2516","/maps/preview/log204?gl=us&pb=!8m10!27m2!1i41895!3i11!29m4!1sLZPfW6H1Nqu3jwSnpqLgCg%3A782340718593!9sLZPfW6H1Nqu3jwSnpqLgCg%3A782340718593!15i46458!17sLZPfW6H1Nqu3jwSnpqLgCg%3A782340718600!43m1!1e1!11m3!7e140!9sLZPfW6H1Nqu3jwSnpqLgCg%3A782340718618!17sLZPfW6H1Nqu3jwSnpqLgCg%3A782340718619","-1","","","2593","2517","2576","2576","2593","17","2517","2593","76","27","28","1","1","h2","medium","","","",
"108.177.111.104","77","","","-1","-1","XHR","3","-1","-1","image/gif","","1","","-1","-1","https://www.google.com/maps/preview/log204?gl=us&pb=!8m13!2e22!20m4!1sLZPfW6H1Nqu3jwSnpqLgCg%3A782340718593!2s1i%3A1%2Ct%3A41896%2Ce%3A0%2Cp%3ALZPfW6H1Nqu3jwSnpqLgCg%3A782340718593!3sLZPfW6H1Nqu3jwSnpqLgCg%3A782340718594!4s1i%3A0%2Ct%3A51973%2Ce%3A5%2Cp%3ALZPfW6H1Nqu3jwSnpqLgCg%3A782340718594!29m4!1sLZPfW6H1Nqu3jwSnpqLgCg%3A782340718593!9sLZPfW6H1Nqu3jwSnpqLgCg%3A782340718593!15i27626!17sLZPfW6H1Nqu3jwSnpqLgCg%3A782340718601!43m1!1e1!11m3!7e140!9sLZPfW6H1Nqu3jwSnpqLgCg%3A782340718619!17sLZPfW6H1Nqu3jwSnpqLgCg%3A782340718620","-1","-1","204","-1","","35","288","407","","","181105_ZB_B","-1","57","-1","-1","","0","2518","-1","GET","0","","24","0.74","-1","-1","www.google.com","-1","-1","https://www.google.com/maps","1","2517","/maps/preview/log204?gl=us&pb=!8m13!2e22!20m4!1sLZPfW6H1Nqu3jwSnpqLgCg%3A782340718593!2s1i%3A1%2Ct%3A41896%2Ce%3A0%2Cp%3ALZPfW6H1Nqu3jwSnpqLgCg%3A782340718593!3sLZPfW6H1Nqu3jwSnpqLgCg%3A782340718594!4s1i%3A0%2Ct%3A51973%2Ce%3A5%2Cp%3ALZPfW6H1Nqu3jwSnpqLgCg%3A782340718594!29m4!1sLZPfW6H1Nqu3jwSnpqLgCg%3A782340718593!9sLZPfW6H1Nqu3jwSnpqLgCg%3A782340718593!15i27626!17sLZPfW6H1Nqu3jwSnpqLgCg%3A782340718601!43m1!1e1!11m3!7e140!9sLZPfW6H1Nqu3jwSnpqLgCg%3A782340718619!17sLZPfW6H1Nqu3jwSnpqLgCg%3A782340718620","-1","","","2595","2518","2575","2575","2595","20","2518","2595","77","28","29","1","1","h2","medium","","","",
"108.177.111.104","191","","","-1","-1","XHR","3","-1","-1","image/gif","","1","","-1","-1","https://www.google.com/maps/preview/log204?gl=us&pb=!8m13!2e22!20m4!1sLZPfW6H1Nqu3jwSnpqLgCg%3A782340718593!2s1i%3A1%2Ct%3A41896%2Ce%3A0%2Cp%3ALZPfW6H1Nqu3jwSnpqLgCg%3A782340718593!3sLZPfW6H1Nqu3jwSnpqLgCg%3A782340718595!4s1i%3A0%2Ct%3A51971%2Ce%3A6%2Cp%3ALZPfW6H1Nqu3jwSnpqLgCg%3A782340718595!29m4!1sLZPfW6H1Nqu3jwSnpqLgCg%3A782340718593!9sLZPfW6H1Nqu3jwSnpqLgCg%3A782340718593!15i27626!17sLZPfW6H1Nqu3jwSnpqLgCg%3A782340718602!43m1!1e1!11m3!7e140!9sLZPfW6H1Nqu3jwSnpqLgCg%3A782340718620!17sLZPfW6H1Nqu3jwSnpqLgCg%3A782340718621","-1","-1","204","-1","","35","288","407","","","181105_ZB_B","-1","89","-1","-1","","0","2519","-1","GET","0","","24","0.75","-1","-1","www.google.com","-1","-1","https://www.google.com/maps","1","2518","/maps/preview/log204?gl=us&pb=!8m13!2e22!20m4!1sLZPfW6H1Nqu3jwSnpqLgCg%3A782340718593!2s1i%3A1%2Ct%3A41896%2Ce%3A0%2Cp%3ALZPfW6H1Nqu3jwSnpqLgCg%3A782340718593!3sLZPfW6H1Nqu3jwSnpqLgCg%3A782340718595!4s1i%3A0%2Ct%3A51971%2Ce%3A6%2Cp%3ALZPfW6H1Nqu3jwSnpqLgCg%3A782340718595!29m4!1sLZPfW6H1Nqu3jwSnpqLgCg%3A782340718593!9sLZPfW6H1Nqu3jwSnpqLgCg%3A782340718593!15i27626!17sLZPfW6H1Nqu3jwSnpqLgCg%3A782340718602!43m1!1e1!11m3!7e140!9sLZPfW6H1Nqu3jwSnpqLgCg%3A782340718620!17sLZPfW6H1Nqu3jwSnpqLgCg%3A782340718621","-1","","","2710","2519","2608","2608","2710","102","2519","2710","191","29","30","1","1","h2","medium","","","",
"108.177.111.104","146","","","-1","-1","XHR","3","-1","-1","image/gif","","1","","-1","-1","https://www.google.com/maps/preview/log204?gl=us&pb=!8m13!2e22!20m4!1sLZPfW6H1Nqu3jwSnpqLgCg%3A782340718593!2s1i%3A1%2Ct%3A41896%2Ce%3A0%2Cp%3ALZPfW6H1Nqu3jwSnpqLgCg%3A782340718593!3sLZPfW6H1Nqu3jwSnpqLgCg%3A782340718596!4s1i%3A0%2Ct%3A41892%2Ce%3A7%2Cp%3ALZPfW6H1Nqu3jwSnpqLgCg%3A782340718596!29m4!1sLZPfW6H1Nqu3jwSnpqLgCg%3A782340718593!9sLZPfW6H1Nqu3jwSnpqLgCg%3A782340718593!15i27626!17sLZPfW6H1Nqu3jwSnpqLgCg%3A782340718603!43m1!1e1!11m3!7e140!9sLZPfW6H1Nqu3jwSnpqLgCg%3A782340718621!17sLZPfW6H1Nqu3jwSnpqLgCg%3A782340718622","-1","-1","204","-1","","35","288","407","","","181105_ZB_B","-1","107","-1","-1","","0","2574","-1","GET","0","","24","0.76","-1","-1","www.google.com","-1","-1","https://www.google.com/maps","1","2573","/maps/preview/log204?gl=us&pb=!8m13!2e22!20m4!1sLZPfW6H1Nqu3jwSnpqLgCg%3A782340718593!2s1i%3A1%2Ct%3A41896%2Ce%3A0%2Cp%3ALZPfW6H1Nqu3jwSnpqLgCg%3A782340718593!3sLZPfW6H1Nqu3jwSnpqLgCg%3A782340718596!4s1i%3A0%2Ct%3A41892%2Ce%3A7%2Cp%3ALZPfW6H1Nqu3jwSnpqLgCg%3A782340718596!29m4!1sLZPfW6H1Nqu3jwSnpqLgCg%3A782340718593!9sLZPfW6H1Nqu3jwSnpqLgCg%3A782340718593!15i27626!17sLZPfW6H1Nqu3jwSnpqLgCg%3A782340718603!43m1!1e1!11m3!7e140!9sLZPfW6H1Nqu3jwSnpqLgCg%3A782340718621!17sLZPfW6H1Nqu3jwSnpqLgCg%3A782340718622","-1","","","2720","2574","2681","2681","2720","39","2574","2720","146","30","31","1","1","h2","medium","","","",
"108.177.111.104","142","","","-1","-1","XHR","3","-1","-1","image/gif","","1","","-1","-1","https://www.google.com/maps/preview/log204?gl=us&pb=!8m13!2e22!20m4!1sLZPfW6H1Nqu3jwSnpqLgCg%3A782340718593!2s1i%3A1%2Ct%3A41896%2Ce%3A0%2Cp%3ALZPfW6H1Nqu3jwSnpqLgCg%3A782340718593!3sLZPfW6H1Nqu3jwSnpqLgCg%3A782340718597!4s1i%3A0%2Ct%3A41893%2Ce%3A8%2Cp%3ALZPfW6H1Nqu3jwSnpqLgCg%3A782340718597!29m4!1sLZPfW6H1Nqu3jwSnpqLgCg%3A782340718593!9sLZPfW6H1Nqu3jwSnpqLgCg%3A782340718593!15i27626!17sLZPfW6H1Nqu3jwSnpqLgCg%3A782340718604!43m1!1e1!11m3!7e140!9sLZPfW6H1Nqu3jwSnpqLgCg%3A782340718622!17sLZPfW6H1Nqu3jwSnpqLgCg%3A782340718623","-1","-1","204","-1","","35","288","407","","","181105_ZB_B","-1","58","-1","-1","","0","2575","-1","GET","0","","24","0.77","-1","-1","www.google.com","-1","-1","https://www.google.com/maps","1","2574","/maps/preview/log204?gl=us&pb=!8m13!2e22!20m4!1sLZPfW6H1Nqu3jwSnpqLgCg%3A782340718593!2s1i%3A1%2Ct%3A41896%2Ce%3A0%2Cp%3ALZPfW6H1Nqu3jwSnpqLgCg%3A782340718593!3sLZPfW6H1Nqu3jwSnpqLgCg%3A782340718597!4s1i%3A0%2Ct%3A41893%2Ce%3A8%2Cp%3ALZPfW6H1Nqu3jwSnpqLgCg%3A782340718597!29m4!1sLZPfW6H1Nqu3jwSnpqLgCg%3A782340718593!9sLZPfW6H1Nqu3jwSnpqLgCg%3A782340718593!15i27626!17sLZPfW6H1Nqu3jwSnpqLgCg%3A782340718604!43m1!1e1!11m3!7e140!9sLZPfW6H1Nqu3jwSnpqLgCg%3A782340718622!17sLZPfW6H1Nqu3jwSnpqLgCg%3A782340718623","-1","","","2717","2575","2633","2633","2717","84","2575","2717","142","31","32","1","1","h2","medium","","","",
"108.177.111.104","143","","","-1","-1","XHR","3","-1","-1","image/gif","","1","","-1","-1","https://www.google.com/maps/preview/log204?gl=us&pb=!8m13!2e22!20m4!1sLZPfW6H1Nqu3jwSnpqLgCg%3A782340718593!2s1i%3A1%2Ct%3A41896%2Ce%3A0%2Cp%3ALZPfW6H1Nqu3jwSnpqLgCg%3A782340718593!3sLZPfW6H1Nqu3jwSnpqLgCg%3A782340718599!4s1i%3A0%2Ct%3A55736%2Ce%3A10%2Cp%3ALZPfW6H1Nqu3jwSnpqLgCg%3A782340718599!29m4!1sLZPfW6H1Nqu3jwSnpqLgCg%3A782340718593!9sLZPfW6H1Nqu3jwSnpqLgCg%3A782340718593!15i27626!17sLZPfW6H1Nqu3jwSnpqLgCg%3A782340718606!43m1!1e1!11m3!7e140!9sLZPfW6H1Nqu3jwSnpqLgCg%3A782340718624!17sLZPfW6H1Nqu3jwSnpqLgCg%3A782340718625","-1","-1","204","-1","","35","288","408","","","181105_ZB_B","-1","64","-1","-1","","0","2576","-1","GET","0","","24","0.79","-1","-1","www.google.com","-1","-1","https://www.google.com/maps","1","2575","/maps/preview/log204?gl=us&pb=!8m13!2e22!20m4!1sLZPfW6H1Nqu3jwSnpqLgCg%3A782340718593!2s1i%3A1%2Ct%3A41896%2Ce%3A0%2Cp%3ALZPfW6H1Nqu3jwSnpqLgCg%3A782340718593!3sLZPfW6H1Nqu3jwSnpqLgCg%3A782340718599!4s1i%3A0%2Ct%3A55736%2Ce%3A10%2Cp%3ALZPfW6H1Nqu3jwSnpqLgCg%3A782340718599!29m4!1sLZPfW6H1Nqu3jwSnpqLgCg%3A782340718593!9sLZPfW6H1Nqu3jwSnpqLgCg%3A782340718593!15i27626!17sLZPfW6H1Nqu3jwSnpqLgCg%3A782340718606!43m1!1e1!11m3!7e140!9sLZPfW6H1Nqu3jwSnpqLgCg%3A782340718624!17sLZPfW6H1Nqu3jwSnpqLgCg%3A782340718625","-1","","","2719","2576","2640","2640","2719","79","2576","2719","143","32","33","1","1","h2","medium","","","",
"108.177.111.104","140","","","-1","-1","XHR","3","-1","-1","image/gif","","1","","-1","-1","https://www.google.com/maps/preview/log204?gl=us&pb=!8m13!2e22!20m4!1sLZPfW6H1Nqu3jwSnpqLgCg%3A782340718593!2s1i%3A1%2Ct%3A41896%2Ce%3A0%2Cp%3ALZPfW6H1Nqu3jwSnpqLgCg%3A782340718593!3sLZPfW6H1Nqu3jwSnpqLgCg%3A782340718598!4s1i%3A0%2Ct%3A41894%2Ce%3A9%2Cp%3ALZPfW6H1Nqu3jwSnpqLgCg%3A782340718598!29m4!1sLZPfW6H1Nqu3jwSnpqLgCg%3A782340718593!9sLZPfW6H1Nqu3jwSnpqLgCg%3A782340718593!15i27626!17sLZPfW6H1Nqu3jwSnpqLgCg%3A782340718605!43m1!1e1!11m3!7e140!9sLZPfW6H1Nqu3jwSnpqLgCg%3A782340718623!17sLZPfW6H1Nqu3jwSnpqLgCg%3A782340718624","-1","-1","204","-1","","35","288","407","","","181105_ZB_B","-1","56","-1","-1","","0","2576","-1","GET","0","","24","0.78","-1","-1","www.google.com","-1","-1","https://www.google.com/maps","1","2574","/maps/preview/log204?gl=us&pb=!8m13!2e22!20m4!1sLZPfW6H1Nqu3jwSnpqLgCg%3A782340718593!2s1i%3A1%2Ct%3A41896%2Ce%3A0%2Cp%3ALZPfW6H1Nqu3jwSnpqLgCg%3A782340718593!3sLZPfW6H1Nqu3jwSnpqLgCg%3A782340718598!4s1i%3A0%2Ct%3A41894%2Ce%3A9%2Cp%3ALZPfW6H1Nqu3jwSnpqLgCg%3A782340718598!29m4!1sLZPfW6H1Nqu3jwSnpqLgCg%3A782340718593!9sLZPfW6H1Nqu3jwSnpqLgCg%3A782340718593!15i27626!17sLZPfW6H1Nqu3jwSnpqLgCg%3A782340718605!43m1!1e1!11m3!7e140!9sLZPfW6H1Nqu3jwSnpqLgCg%3A782340718623!17sLZPfW6H1Nqu3jwSnpqLgCg%3A782340718624","-1","","","2716","2576","2632","2632","2716","84","2576","2716","140","33","34","1","1","h2","medium","","","",
"108.177.111.104","139","","","-1","-1","XHR","3","-1","-1","image/gif","","1","","-1","-1","https://www.google.com/maps/preview/log204?gl=us&pb=!8m13!2e22!20m4!1sLZPfW6H1Nqu3jwSnpqLgCg%3A782340718593!2s1i%3A1%2Ct%3A41896%2Ce%3A0%2Cp%3ALZPfW6H1Nqu3jwSnpqLgCg%3A782340718593!3sLZPfW6H1Nqu3jwSnpqLgCg%3A782340718600!4s1i%3A0%2Ct%3A41895%2Ce%3A11%2Cp%3ALZPfW6H1Nqu3jwSnpqLgCg%3A782340718600!29m4!1sLZPfW6H1Nqu3jwSnpqLgCg%3A782340718593!9sLZPfW6H1Nqu3jwSnpqLgCg%3A782340718593!15i27626!17sLZPfW6H1Nqu3jwSnpqLgCg%3A782340718607!43m1!1e1!11m3!7e140!9sLZPfW6H1Nqu3jwSnpqLgCg%3A782340718625!17sLZPfW6H1Nqu3jwSnpqLgCg%3A782340718626","-1","-1","204","-1","","35","288","407","","","181105_ZB_B","-1","56","-1","-1","","0","2577","-1","GET","0","","24","0.80","-1","-1","www.google.com","-1","-1","https://www.google.com/maps","1","2576","/maps/preview/log204?gl=us&pb=!8m13!2e22!20m4!1sLZPfW6H1Nqu3jwSnpqLgCg%3A782340718593!2s1i%3A1%2Ct%3A41896%2Ce%3A0%2Cp%3ALZPfW6H1Nqu3jwSnpqLgCg%3A782340718593!3sLZPfW6H1Nqu3jwSnpqLgCg%3A782340718600!4s1i%3A0%2Ct%3A41895%2Ce%3A11%2Cp%3ALZPfW6H1Nqu3jwSnpqLgCg%3A782340718600!29m4!1sLZPfW6H1Nqu3jwSnpqLgCg%3A782340718593!9sLZPfW6H1Nqu3jwSnpqLgCg%3A782340718593!15i27626!17sLZPfW6H1Nqu3jwSnpqLgCg%3A782340718607!43m1!1e1!11m3!7e140!9sLZPfW6H1Nqu3jwSnpqLgCg%3A782340718625!17sLZPfW6H1Nqu3jwSnpqLgCg%3A782340718626","-1","","","2716","2577","2633","2633","2716","83","2577","2716","139","34","35","1","1","h2","medium","","","",
"108.177.111.104","138","","","-1","-1","XHR","3","-1","-1","image/gif","","1","","-1","-1","https://www.google.com/maps/preview/log204?gl=us&pb=!8m16!27m3!1i44361!4i1!4i2!27m2!1i44363!3i0!27m2!1i44362!3i1!29m3!9sLZPfW6H1Nqu3jwSnpqLgCg%3A782340718593!15i9747!17sLZPfW6H1Nqu3jwSnpqLgCg%3A782340718608!43m1!1e1!11m3!7e140!9sLZPfW6H1Nqu3jwSnpqLgCg%3A782340718626!17sLZPfW6H1Nqu3jwSnpqLgCg%3A782340718627","-1","-1","204","-1","","35","288","236","","","181105_ZB_B","-1","54","-1","-1","","0","2578","-1","GET","0","","24","0.81","-1","-1","www.google.com","-1","-1","https://www.google.com/maps","1","2577","/maps/preview/log204?gl=us&pb=!8m16!27m3!1i44361!4i1!4i2!27m2!1i44363!3i0!27m2!1i44362!3i1!29m3!9sLZPfW6H1Nqu3jwSnpqLgCg%3A782340718593!15i9747!17sLZPfW6H1Nqu3jwSnpqLgCg%3A782340718608!43m1!1e1!11m3!7e140!9sLZPfW6H1Nqu3jwSnpqLgCg%3A782340718626!17sLZPfW6H1Nqu3jwSnpqLgCg%3A782340718627","-1","","","2716","2578","2632","2632","2716","84","2578","2716","138","35","36","1","1","h2","medium","","","",
"108.177.111.104","74","","","-1","-1","XHR","3","-1","-1","image/gif","","1","","-1","-1","https://www.google.com/maps/preview/log204?gl=us&pb=!8m6!3spage_load!31m2!1ssbv!2i450!43m1!1e1!11m3!7e140!9sLZPfW6H1Nqu3jwSnpqLgCg%3A782340718627!17sLZPfW6H1Nqu3jwSnpqLgCg%3A782340718628","-1","-1","204","-1","","35","288","140","","","181105_ZB_B","-1","54","-1","-1","","0","2839","-1","GET","0","","24","0.86","-1","-1","www.google.com","-1","-1","https://www.google.com/maps","1","2837","/maps/preview/log204?gl=us&pb=!8m6!3spage_load!31m2!1ssbv!2i450!43m1!1e1!11m3!7e140!9sLZPfW6H1Nqu3jwSnpqLgCg%3A782340718627!17sLZPfW6H1Nqu3jwSnpqLgCg%3A782340718628","-1","","","2913","2839","2893","2893","2913","20","2839","2913","74","36","37","1","1","h2","medium","","","",
"108.177.111.104","74","","","-1","-1","XHR","3","-1","-1","image/gif","","1","","-1","-1","https://www.google.com/maps/preview/log204?gl=us&pb=!8m8!27m1!1i5600!29m3!9sLZPfW6H1Nqu3jwSnpqLgCg%3A782340718608!15i9747!17sLZPfW6H1Nqu3jwSnpqLgCg%3A782340718609!43m1!1e1!11m3!7e140!9sLZPfW6H1Nqu3jwSnpqLgCg%3A782340718628!17sLZPfW6H1Nqu3jwSnpqLgCg%3A782340718629","-1","-1","204","-1","","35","288","201","","","181105_ZB_B","-1","54","-1","-1","","0","2840","-1","GET","0","","24","0.87","-1","-1","www.google.com","-1","-1","https://www.google.com/maps","1","2838","/maps/preview/log204?gl=us&pb=!8m8!27m1!1i5600!29m3!9sLZPfW6H1Nqu3jwSnpqLgCg%3A782340718608!15i9747!17sLZPfW6H1Nqu3jwSnpqLgCg%3A782340718609!43m1!1e1!11m3!7e140!9sLZPfW6H1Nqu3jwSnpqLgCg%3A782340718628!17sLZPfW6H1Nqu3jwSnpqLgCg%3A782340718629","-1","","","2914","2840","2894","2894","2914","20","2840","2914","74","37","38","1","1","h2","medium","","","",
"108.177.111.104","73","","","-1","-1","XHR","3","-1","-1","image/gif","","1","","-1","-1","https://www.google.com/maps/preview/log204?gl=us&pb=!8m6!3spage_load!31m2!1stl!2i1312!43m1!1e1!11m3!7e140!9sLZPfW6H1Nqu3jwSnpqLgCg%3A782340718629!17sLZPfW6H1Nqu3jwSnpqLgCg%3A782340718630","-1","-1","204","-1","","35","288","140","","","181105_ZB_B","-1","54","-1","-1","","0","2840","-1","GET","0","","24","0.88","-1","-1","www.google.com","-1","-1","https://www.google.com/maps","1","2839","/maps/preview/log204?gl=us&pb=!8m6!3spage_load!31m2!1stl!2i1312!43m1!1e1!11m3!7e140!9sLZPfW6H1Nqu3jwSnpqLgCg%3A782340718629!17sLZPfW6H1Nqu3jwSnpqLgCg%3A782340718630","-1","","","2913","2840","2894","2894","2913","19","2840","2913","73","38","39","1","1","h2","medium","","","",
"108.177.111.104","74","","","-1","-1","XHR","3","-1","-1","image/gif","","1","","-1","-1","https://www.google.com/maps/preview/log204?gl=us&pb=!8m7!3spage_load!31m2!1sprt!2i1312!41j255!43m1!1e1!11m3!7e140!9sLZPfW6H1Nqu3jwSnpqLgCg%3A782340718630!17sLZPfW6H1Nqu3jwSnpqLgCg%3A782340718631","-1","-1","204","-1","","35","288","146","","","181105_ZB_B","-1","54","-1","-1","","0","2841","-1","GET","0","","24","0.89","-1","-1","www.google.com","-1","-1","https://www.google.com/maps","1","2840","/maps/preview/log204?gl=us&pb=!8m7!3spage_load!31m2!1sprt!2i1312!41j255!43m1!1e1!11m3!7e140!9sLZPfW6H1Nqu3jwSnpqLgCg%3A782340718630!17sLZPfW6H1Nqu3jwSnpqLgCg%3A782340718631","-1","","","2915","2841","2895","2895","2915","20","2841","2915","74","39","40","1","1","h2","medium","","","",
"108.177.111.104","75","","","-1","-1","XHR","3","-1","-1","image/gif","","1","","-1","-1","https://www.google.com/maps/preview/log204?gl=us&pb=!8m24!27m5!1i44364!4i1!4i2!4i3!4i4!27m2!1i48778!3i0!27m2!1i48779!3i1!27m2!1i22118!3i2!27m2!1i44367!3i3!29m3!9sLZPfW6H1Nqu3jwSnpqLgCg%3A782340718609!15i9747!17sLZPfW6H1Nqu3jwSnpqLgCg%3A782340718632!43m1!1e1!11m3!7e140!9sLZPfW6H1Nqu3jwSnpqLgCg%3A782340718631!17sLZPfW6H1Nqu3jwSnpqLgCg%3A782340718633","-1","-1","204","-1","","35","288","271","","","181105_ZB_B","-1","58","-1","-1","","0","2843","-1","GET","0","","24","0.90","-1","-1","www.google.com","-1","-1","https://www.google.com/maps","1","2842","/maps/preview/log204?gl=us&pb=!8m24!27m5!1i44364!4i1!4i2!4i3!4i4!27m2!1i48778!3i0!27m2!1i48779!3i1!27m2!1i22118!3i2!27m2!1i44367!3i3!29m3!9sLZPfW6H1Nqu3jwSnpqLgCg%3A782340718609!15i9747!17sLZPfW6H1Nqu3jwSnpqLgCg%3A782340718632!43m1!1e1!11m3!7e140!9sLZPfW6H1Nqu3jwSnpqLgCg%3A782340718631!17sLZPfW6H1Nqu3jwSnpqLgCg%3A782340718633","-1","","","2918","2843","2901","2901","2918","17","2843","2918","75","40","41","1","1","h2","medium","","","",
"108.177.111.104","73","","","-1","-1","XHR","3","-1","-1","image/gif","","1","","-1","-1","https://www.google.com/maps/preview/log204?gl=us&pb=!8m6!3spage_load!31m2!1scml!2i2053!43m1!1e1!11m3!7e140!9sLZPfW6H1Nqu3jwSnpqLgCg%3A782340718633!17sLZPfW6H1Nqu3jwSnpqLgCg%3A782340718634","-1","-1","204","-1","","35","288","141","","","181105_ZB_B","-1","57","-1","-1","","0","2844","-1","GET","0","","24","0.91","-1","-1","www.google.com","-1","-1","https://www.google.com/maps","1","2843","/maps/preview/log204?gl=us&pb=!8m6!3spage_load!31m2!1scml!2i2053!43m1!1e1!11m3!7e140!9sLZPfW6H1Nqu3jwSnpqLgCg%3A782340718633!17sLZPfW6H1Nqu3jwSnpqLgCg%3A782340718634","-1","","","2917","2844","2901","2901","2917","16","2844","2917","73","41","42","1","1","h2","medium","","","",
"108.177.111.104","62","","","-1","-1","XHR","3","-1","-1","image/gif","","1","","-1","-1","https://www.google.com/maps/preview/log204?gl=us&pb=!8m4!42m1!3i2!43m1!1e1!11m3!7e140!9sLZPfW6H1Nqu3jwSnpqLgCg%3A782340718634!17sLZPfW6H1Nqu3jwSnpqLgCg%3A782340718635","-1","-1","204","-1","","35","288","124","","","181105_ZB_B","-1","54","-1","-1","","0","2947","-1","GET","0","","24","0.93","-1","-1","www.google.com","-1","-1","https://www.google.com/maps","1","2946","/maps/preview/log204?gl=us&pb=!8m4!42m1!3i2!43m1!1e1!11m3!7e140!9sLZPfW6H1Nqu3jwSnpqLgCg%3A782340718634!17sLZPfW6H1Nqu3jwSnpqLgCg%3A782340718635","-1","","","3009","2947","3001","3001","3009","8","2947","3009","62","42","43","1","1","h2","medium","","","",
