"ip_addr","load_ms","protocol","image_total","minify_save","score_cookies","score_compress","priority","requestType","type","dns_start","ssl_end","contentType","gzip_save","is_secure","server_count","score_gzip","ssl_start","full_url","dns_ms","connect_end","responseCode","ssl_ms","image_save","is_base_page","bytesIn","initiator_line","bytesOut","minify_total","contentEncoding","id","dns_end","ttfb_ms","connect_start","score_cdn","cache_time","objectSizeUncompressed","load_start","connect_ms","method","objectSize","gzip_total","initiator_column","request_id","score_combine","score_etags","host","score_keep-alive","score_minify","initiator","socket","created","url","score_cache","server_rtt","cdn_provider","load_end","ttfb_start","ttfb_end","download_start","download_end","download_ms","all_start","all_end","all_ms","index","number","run","cached","cacheControl","expires","jpeg_scan_count","score_progressive_jpeg",
"141.211.243.251","1248","http/1.1","","","-1","-1","high","Document","3","5","148","text/html; charset=utf-8","0","1","","100","64","https://umich.edu/","34","64","200","84","","1","10852","","316","","gzip","181105_G4_G","39","69","43","-1","","48648","148","21","GET","10483","10483","","0.2","-1","-1","umich.edu","100","-1","","1","0","/","-1","","","1396","148","217","217","1396","1179","5","1396","1387","0","1","1","0","","","","",
"141.211.243.251","143","http/1.1","","","-1","-1","high","Stylesheet","3","-1","-1","text/css","0","1","","100","-1","https://umich.edu/skins/um2013/styles/skin.css?1540911182","-1","-1","200","-1","","","17191","43","339","","gzip","181105_G4_G","-1","77","-1","0","0","81930","1409","-1","GET","16831","16831","","0.3","-1","-1","umich.edu","100","-1","https://umich.edu/","1","1408","/skins/um2013/styles/skin.css?1540911182","0","","","1552","1409","1486","1486","1552","66","1409","1552","143","1","2","1","0","public","Sun, 18 Nov 2018 19:54:29 EST","","",
"","1322","","","","-1","-1","","Image","3","-1","-1","","","1","","-1","-1","https://umich.edu/includes/image/type/gallery/id/77/name/DIL-6Aug13-Slideshow%28040%29.jpg/width/152/height/152/mode/minfit/","-1","-1","-1","-1","","","0","59","0","","","181105_G4_G","-1","1322","-1","-1","","0","1416","-1","GET","0","","","0.21","-1","-1","umich.edu","-1","-1","https://umich.edu/","-1","1416","/includes/image/type/gallery/id/77/name/DIL-6Aug13-Slideshow%28040%29.jpg/width/152/height/152/mode/minfit/","-1","","","2738","1416","2738","2738","2738","0","1416","2738","1322","2","3","1","0","","","","",
"","1320","","","","-1","-1","","Image","3","-1","-1","","","1","","-1","-1","https://umich.edu/includes/image/type/gallery/id/88/name/DIL-6Aug13-Slideshow%28069%29.jpg/width/152/height/152/mode/minfit/","-1","-1","-1","-1","","","0","59","0","","","181105_G4_G","-1","1320","-1","-1","","0","1417","-1","GET","0","","","0.29","-1","-1","umich.edu","-1","-1","https://umich.edu/","-1","1417","/includes/image/type/gallery/id/88/name/DIL-6Aug13-Slideshow%28069%29.jpg/width/152/height/152/mode/minfit/","-1","","","2737","1417","2737","2737","2737","0","1417","2737","1320","3","4","1","0","","","","",
"","1320","","","","-1","-1","","Image","3","-1","-1","","","1","","-1","-1","https://umich.edu/includes/image/type/gallery/id/56/name/DIL24Oct11-Slideshow_PS%28064%29.jpg/width/152/height/152/mode/minfit/","-1","-1","-1","-1","","","0","59","0","","","181105_G4_G","-1","1320","-1","-1","","0","1417","-1","GET","0","","","0.25","-1","-1","umich.edu","-1","-1","https://umich.edu/","-1","1417","/includes/image/type/gallery/id/56/name/DIL24Oct11-Slideshow_PS%28064%29.jpg/width/152/height/152/mode/minfit/","-1","","","2737","1417","2737","2737","2737","0","1417","2737","1320","4","5","1","0","","","","",
"","1322","","","","-1","-1","","Image","3","-1","-1","","","1","","-1","-1","https://umich.edu/includes/image/type/gallery/id/58/name/DIL24Oct11-Slideshow_PS%28066%29.jpg/width/152/height/152/mode/minfit/","-1","-1","-1","-1","","","0","59","0","","","181105_G4_G","-1","1322","-1","-1","","0","1418","-1","GET","0","","","0.31","-1","-1","umich.edu","-1","-1","https://umich.edu/","-1","1418","/includes/image/type/gallery/id/58/name/DIL24Oct11-Slideshow_PS%28066%29.jpg/width/152/height/152/mode/minfit/","-1","","","2740","1418","2740","2740","2740","0","1418","2740","1322","5","6","1","0","","","","",
"","1323","","","","-1","-1","","Image","3","-1","-1","","","1","","-1","-1","https://umich.edu/includes/image/type/gallery/id/89/name/DIL-6Aug13-Slideshow%28070%29.jpg/width/152/height/152/mode/minfit/","-1","-1","-1","-1","","","0","59","0","","","181105_G4_G","-1","1323","-1","-1","","0","1418","-1","GET","0","","","0.30","-1","-1","umich.edu","-1","-1","https://umich.edu/","-1","1418","/includes/image/type/gallery/id/89/name/DIL-6Aug13-Slideshow%28070%29.jpg/width/152/height/152/mode/minfit/","-1","","","2741","1418","2741","2741","2741","0","1418","2741","1323","6","7","1","0","","","","",
"","1316","","","","-1","-1","","Image","3","-1","-1","","","1","","-1","-1","https://umich.edu/includes/image/type/gallery/id/59/name/DIL24Oct11-Slideshow_PS%28069%29.jpg/width/152/height/152/mode/minfit/","-1","-1","-1","-1","","","0","59","0","","","181105_G4_G","-1","1316","-1","-1","","0","1420","-1","GET","0","","","0.33","-1","-1","umich.edu","-1","-1","https://umich.edu/","-1","1420","/includes/image/type/gallery/id/59/name/DIL24Oct11-Slideshow_PS%28069%29.jpg/width/152/height/152/mode/minfit/","-1","","","2736","1420","2736","2736","2736","0","1420","2736","1316","7","8","1","0","","","","",
"","1318","","","","-1","-1","","Image","3","-1","-1","","","1","","-1","-1","https://umich.edu/includes/image/type/gallery/id/17/name/DIL-17Apr12-Slideshow%28068%29.jpg/width/152/height/152/mode/minfit/","-1","-1","-1","-1","","","0","59","0","","","181105_G4_G","-1","1318","-1","-1","","0","1420","-1","GET","0","","","0.32","-1","-1","umich.edu","-1","-1","https://umich.edu/","-1","1420","/includes/image/type/gallery/id/17/name/DIL-17Apr12-Slideshow%28068%29.jpg/width/152/height/152/mode/minfit/","-1","","","2738","1420","2738","2738","2738","0","1420","2738","1318","8","9","1","0","","","","",
"","1317","","","","-1","-1","","Image","3","-1","-1","","","1","","-1","-1","https://umich.edu/includes/image/type/gallery/id/62/name/DIL24Oct11-Slideshow_PS%28072%29.jpg/width/152/height/152/mode/minfit/","-1","-1","-1","-1","","","0","59","0","","","181105_G4_G","-1","1317","-1","-1","","0","1421","-1","GET","0","","","0.37","-1","-1","umich.edu","-1","-1","https://umich.edu/","-1","1421","/includes/image/type/gallery/id/62/name/DIL24Oct11-Slideshow_PS%28072%29.jpg/width/152/height/152/mode/minfit/","-1","","","2738","1421","2738","2738","2738","0","1421","2738","1317","9","10","1","0","","","","",
"","1318","","","","-1","-1","","Image","3","-1","-1","","","1","","-1","-1","https://umich.edu/includes/image/type/gallery/id/61/name/DIL24Oct11-Slideshow_PS%28071%29.jpg/width/152/height/152/mode/minfit/","-1","-1","-1","-1","","","0","59","0","","","181105_G4_G","-1","1318","-1","-1","","0","1421","-1","GET","0","","","0.36","-1","-1","umich.edu","-1","-1","https://umich.edu/","-1","1421","/includes/image/type/gallery/id/61/name/DIL24Oct11-Slideshow_PS%28071%29.jpg/width/152/height/152/mode/minfit/","-1","","","2739","1421","2739","2739","2739","0","1421","2739","1318","10","11","1","0","","","","",
"","1318","","","","-1","-1","","Image","3","-1","-1","","","1","","-1","-1","https://umich.edu/includes/image/type/gallery/id/90/name/DIL-6Aug13-Slideshow%28076%29.jpg/width/152/height/152/mode/minfit/","-1","-1","-1","-1","","","0","59","0","","","181105_G4_G","-1","1318","-1","-1","","0","1421","-1","GET","0","","","0.35","-1","-1","umich.edu","-1","-1","https://umich.edu/","-1","1421","/includes/image/type/gallery/id/90/name/DIL-6Aug13-Slideshow%28076%29.jpg/width/152/height/152/mode/minfit/","-1","","","2739","1421","2739","2739","2739","0","1421","2739","1318","11","12","1","0","","","","",
"","1316","","","","-1","-1","","Image","3","-1","-1","","","1","","-1","-1","https://umich.edu/includes/image/type/gallery/id/60/name/DIL24Oct11-Slideshow_PS%28070%29.jpg/width/152/height/152/mode/minfit/","-1","-1","-1","-1","","","0","59","0","","","181105_G4_G","-1","1316","-1","-1","","0","1421","-1","GET","0","","","0.34","-1","-1","umich.edu","-1","-1","https://umich.edu/","-1","1421","/includes/image/type/gallery/id/60/name/DIL24Oct11-Slideshow_PS%28070%29.jpg/width/152/height/152/mode/minfit/","-1","","","2737","1421","2737","2737","2737","0","1421","2737","1316","12","13","1","0","","","","",
"","1310","","","","-1","-1","","Image","3","-1","-1","","","1","","-1","-1","https://umich.edu/includes/image/type/gallery/id/19/name/DIL24Oct11-Slideshow_PS%28001%29.jpg/width/152/height/152/mode/minfit/","-1","-1","-1","-1","","","0","59","0","","","181105_G4_G","-1","1310","-1","-1","","0","1422","-1","GET","0","","","0.40","-1","-1","umich.edu","-1","-1","https://umich.edu/","-1","1422","/includes/image/type/gallery/id/19/name/DIL24Oct11-Slideshow_PS%28001%29.jpg/width/152/height/152/mode/minfit/","-1","","","2732","1422","2732","2732","2732","0","1422","2732","1310","13","14","1","0","","","","",
"","1317","","","","-1","-1","","Image","3","-1","-1","","","1","","-1","-1","https://umich.edu/includes/image/type/gallery/id/18/name/DIL-17Apr12-Slideshow%28074%29.jpg/width/152/height/152/mode/minfit/","-1","-1","-1","-1","","","0","59","0","","","181105_G4_G","-1","1317","-1","-1","","0","1422","-1","GET","0","","","0.39","-1","-1","umich.edu","-1","-1","https://umich.edu/","-1","1422","/includes/image/type/gallery/id/18/name/DIL-17Apr12-Slideshow%28074%29.jpg/width/152/height/152/mode/minfit/","-1","","","2739","1422","2739","2739","2739","0","1422","2739","1317","14","15","1","0","","","","",
"","1316","","","","-1","-1","","Image","3","-1","-1","","","1","","-1","-1","https://umich.edu/includes/image/type/gallery/id/63/name/DIL24Oct11-Slideshow_PS%28073%29.jpg/width/152/height/152/mode/minfit/","-1","-1","-1","-1","","","0","59","0","","","181105_G4_G","-1","1316","-1","-1","","0","1422","-1","GET","0","","","0.38","-1","-1","umich.edu","-1","-1","https://umich.edu/","-1","1422","/includes/image/type/gallery/id/63/name/DIL24Oct11-Slideshow_PS%28073%29.jpg/width/152/height/152/mode/minfit/","-1","","","2738","1422","2738","2738","2738","0","1422","2738","1316","15","16","1","0","","","","",
"","1317","","","","-1","-1","","Image","3","-1","-1","","","1","","-1","-1","https://umich.edu/includes/image/type/gallery/id/91/name/DIL-6Aug13-Slideshow%28078%29.jpg/width/152/height/152/mode/minfit/","-1","-1","-1","-1","","","0","59","0","","","181105_G4_G","-1","1317","-1","-1","","0","1423","-1","GET","0","","","0.42","-1","-1","umich.edu","-1","-1","https://umich.edu/","-1","1423","/includes/image/type/gallery/id/91/name/DIL-6Aug13-Slideshow%28078%29.jpg/width/152/height/152/mode/minfit/","-1","","","2740","1423","2740","2740","2740","0","1423","2740","1317","16","17","1","0","","","","",
"","1314","","","","-1","-1","","Image","3","-1","-1","","","1","","-1","-1","https://umich.edu/includes/image/type/gallery/id/64/name/DIL24Oct11-Slideshow_PS%28075%29.jpg/width/152/height/152/mode/minfit/","-1","-1","-1","-1","","","0","59","0","","","181105_G4_G","-1","1314","-1","-1","","0","1423","-1","GET","0","","","0.41","-1","-1","umich.edu","-1","-1","https://umich.edu/","-1","1423","/includes/image/type/gallery/id/64/name/DIL24Oct11-Slideshow_PS%28075%29.jpg/width/152/height/152/mode/minfit/","-1","","","2737","1423","2737","2737","2737","0","1423","2737","1314","17","18","1","0","","","","",
"","1315","","","","-1","-1","","Image","3","-1","-1","","","1","","-1","-1","https://umich.edu/skins/um2013/media/images/CampusSafetyLogo.jpg","-1","-1","-1","-1","","","0","59","0","","","181105_G4_G","-1","1315","-1","-1","","0","1424","-1","GET","0","","","0.44","-1","-1","umich.edu","-1","-1","https://umich.edu/","-1","1424","/skins/um2013/media/images/CampusSafetyLogo.jpg","-1","","","2739","1424","2739","2739","2739","0","1424","2739","1315","18","19","1","0","","","","",
"","1312","","","","-1","-1","","Image","3","-1","-1","","","1","","-1","-1","https://umich.edu/skins/um2013/media/images/trans_reporting_logo.png","-1","-1","-1","-1","","","0","59","0","","","181105_G4_G","-1","1312","-1","-1","","0","1424","-1","GET","0","","","0.43","-1","-1","umich.edu","-1","-1","https://umich.edu/","-1","1424","/skins/um2013/media/images/trans_reporting_logo.png","-1","","","2736","1424","2736","2736","2736","0","1424","2736","1312","19","20","1","0","","","","",
"141.211.243.251","87","http/1.1","","","-1","-1","high","Stylesheet","3","-1","-1","text/css","0","1","","100","-1","https://umich.edu/includes/panels/gallery/styles/index.css?1540387205","-1","-1","200","-1","","","1555","47","351","","gzip","181105_G4_G","-1","23","-1","0","0","4534","1487","-1","GET","1244","1244","","0.7","-1","-1","umich.edu","100","-1","https://umich.edu/","1","1410","/includes/panels/gallery/styles/index.css?1540387205","0","","","1574","1487","1510","1510","1574","64","1487","1574","87","20","21","1","0","public","Sun, 18 Nov 2018 19:54:29 EST","","",
"141.211.243.251","91","http/1.1","","","-1","-1","high","Stylesheet","3","-1","-1","text/css","0","1","","100","-1","https://umich.edu/includes/panels/infographics/styles/index.css?1540387205","-1","-1","200","-1","","","2306","48","356","","gzip","181105_G4_G","-1","27","-1","0","0","7944","1513","-1","GET","1995","1995","","0.8","-1","-1","umich.edu","100","-1","https://umich.edu/","1","1411","/includes/panels/infographics/styles/index.css?1540387205","0","","","1604","1513","1540","1540","1604","64","1513","1604","91","21","22","1","0","public","Sun, 18 Nov 2018 19:54:29 EST","","",
"141.211.243.251","99","http/1.1","","","-1","-1","high","Stylesheet","3","1451","1527","text/css","0","1","","100","1486","https://umich.edu/includes/panels/events/styles/index.css?1540393742","1","1486","200","41","","","1220","46","350","","gzip","181105_G4_G","1452","34","1456","0","0","3352","1527","30","GET","910","910","","0.6","-1","-1","umich.edu","100","-1","https://umich.edu/","4","1410","/includes/panels/events/styles/index.css?1540393742","0","","","1626","1527","1561","1561","1626","65","1451","1626","171","22","23","1","0","public","Sun, 18 Nov 2018 19:54:29 EST","","",
"141.211.243.251","92","http/1.1","","","-1","-1","high","Stylesheet","3","-1","-1","text/css","0","1","","100","-1","https://umich.edu/styles/index.css?1540488662","-1","-1","200","-1","","","2252","49","327","","gzip","181105_G4_G","-1","27","-1","0","0","7957","1539","-1","GET","1941","1941","","0.9","-1","-1","umich.edu","100","-1","https://umich.edu/","1","1411","/styles/index.css?1540488662","0","","","1631","1539","1566","1566","1631","65","1539","1631","92","23","24","1","0","public","Sun, 18 Nov 2018 19:54:29 EST","","",
"141.211.243.251","300","http/1.1","","","-1","-1","high","Script","3","-1","-1","text/javascript","0","1","","100","-1","https://umich.edu/skins/um2013/scripts/skin.js?1540387205","-1","-1","200","-1","","","50873","59","324","","gzip","181105_G4_G","-1","36","-1","0","0","176345","1551","-1","GET","50506","50506","","0.45","-1","-1","umich.edu","100","-1","https://umich.edu/","2","1424","/skins/um2013/scripts/skin.js?1540387205","0","","","1851","1551","1587","1587","1851","264","1551","1851","300","24","25","1","0","public","Sun, 18 Nov 2018 19:54:30 EST","","",
"141.211.243.251","151","http/1.1","","","-1","-1","high","Script","3","-1","-1","text/javascript","0","1","","100","-1","https://umich.edu/includes/panels/social/scripts/index.js?1520002622","-1","-1","200","-1","","","1144","59","335","","gzip","181105_G4_G","-1","30","-1","0","0","2182","1552","-1","GET","827","827","","0.46","-1","-1","umich.edu","100","-1","https://umich.edu/","3","1425","/includes/panels/social/scripts/index.js?1520002622","0","","","1703","1552","1582","1582","1703","121","1552","1703","151","25","26","1","0","public","Sun, 18 Nov 2018 19:54:30 EST","","",
"141.211.243.251","63","http/1.1","","","-1","-1","high","Stylesheet","3","1410","1554","text/css","0","1","","100","1514","https://umich.edu/includes/panels/social/styles/index.css?1540387205","77","1514","200","40","","","1466","44","350","","gzip","181105_G4_G","1487","36","1488","0","0","4744","1555","26","GET","1155","1155","","0.4","-1","-1","umich.edu","100","-1","https://umich.edu/","2","1409","/includes/panels/social/styles/index.css?1540387205","0","","","1618","1555","1591","1591","1618","27","1410","1618","206","26","27","1","0","public","Sun, 18 Nov 2018 19:54:29 EST","","",
"141.211.243.251","148","http/1.1","","","-1","-1","high","Script","3","-1","-1","text/javascript","0","1","","100","-1","https://umich.edu/includes/panels/news/scripts/index.js?1538078222","-1","-1","200","-1","","","620","59","333","","gzip","181105_G4_G","-1","26","-1","0","0","513","1556","-1","GET","303","303","","0.47","-1","-1","umich.edu","100","-1","https://umich.edu/","4","1425","/includes/panels/news/scripts/index.js?1538078222","0","","","1704","1556","1582","1582","1704","122","1556","1704","148","27","28","1","0","public","Sun, 18 Nov 2018 19:54:30 EST","","",
"141.211.243.251","147","http/1.1","","","-1","-1","high","Script","3","-1","-1","text/javascript","0","1","","100","-1","https://umich.edu/includes/panels/events/scripts/index.js?1538078222","-1","-1","200","-1","","","747","59","335","","gzip","181105_G4_G","-1","26","-1","0","0","931","1557","-1","GET","430","430","","0.48","-1","-1","umich.edu","100","-1","https://umich.edu/","1","1425","/includes/panels/events/scripts/index.js?1538078222","0","","","1704","1557","1583","1583","1704","121","1557","1704","147","28","29","1","0","public","Sun, 18 Nov 2018 19:54:30 EST","","",
"141.211.243.251","61","http/1.1","","","-1","-1","high","Stylesheet","3","1483","1559","text/css","0","1","","100","1519","https://umich.edu/includes/panels/news/styles/index.css?1540387205","3","1519","200","40","","","901","45","348","","gzip","181105_G4_G","1486","29","1489","0","0","1472","1560","30","GET","591","591","","0.5","-1","-1","umich.edu","100","-1","https://umich.edu/","3","1409","/includes/panels/news/styles/index.css?1540387205","0","","","1621","1560","1589","1589","1621","32","1483","1621","134","29","30","1","0","public","Sun, 18 Nov 2018 19:54:29 EST","","",
"141.211.243.251","252","http/1.1","","","-1","-1","high","Script","3","-1","-1","text/javascript","0","1","","100","-1","https://umich.edu/includes/panels/gallery/scripts/index.js?1540911482","-1","-1","200","-1","","","7317","59","336","","gzip","181105_G4_G","-1","74","-1","0","0","28919","1585","-1","GET","6999","6999","","0.49","-1","-1","umich.edu","100","-1","https://umich.edu/","3","1425","/includes/panels/gallery/scripts/index.js?1540911482","0","","","1837","1585","1659","1659","1837","178","1585","1837","252","30","31","1","0","public","Sun, 18 Nov 2018 19:54:30 EST","","",
"141.211.243.251","120","http/1.1","","","-1","-1","high","Script","3","-1","-1","text/javascript","0","1","","100","-1","https://umich.edu/includes/panels/infographics/scripts/index.js?1520002622","-1","-1","200","-1","","","489","59","341","","gzip","181105_G4_G","-1","25","-1","0","0","257","1586","-1","GET","172","172","","0.50","-1","-1","umich.edu","100","-1","https://umich.edu/","4","1426","/includes/panels/infographics/scripts/index.js?1520002622","0","","","1706","1586","1611","1611","1706","95","1586","1706","120","31","32","1","0","public","Sun, 18 Nov 2018 19:54:30 EST","","",
"141.211.243.251","119","http/1.1","","","-1","-1","high","Script","3","-1","-1","text/javascript","0","1","","100","-1","https://umich.edu/scripts/index.js?1540387205","-1","-1","200","-1","","","2052","59","312","","gzip","181105_G4_G","-1","25","-1","0","0","7130","1587","-1","GET","1734","1734","","0.51","-1","-1","umich.edu","100","-1","https://umich.edu/","1","1426","/scripts/index.js?1540387205","0","","","1706","1587","1612","1612","1706","94","1587","1706","119","32","33","1","0","public","Sun, 18 Nov 2018 19:54:30 EST","","",
"141.211.243.251","313","http/1.1","18945","","-1","100","low","Image","3","-1","-1","image/jpeg","","1","","-1","-1","https://umich.edu/includes/image/type/events-remote/id/26030-14121987/name/event_26030_original.jpeg/width/340/","-1","-1","200","-1","0","","19358","59","436","","","181105_G4_G","-1","46","-1","0","0","18945","1624","-1","GET","18945","","","0.10","-1","-1","umich.edu","100","-1","https://umich.edu/","4","1412","/includes/image/type/events-remote/id/26030-14121987/name/event_26030_original.jpeg/width/340/","0","","","1937","1624","1670","1670","1937","267","1624","1937","313","33","34","1","0","public","Sun, 18 Nov 2018 19:54:30 EST","1","0",
"141.211.243.251","212","http/1.1","3724","","-1","100","low","Image","3","-1","-1","image/png","","1","","-1","-1","https://umich.edu/includes/panels/gallery/images/block-m-maize.png","-1","-1","200","-1","0","","4012","59","391","","","181105_G4_G","-1","45","-1","-1","","3724","1626","-1","GET","3724","","","0.11","-1","-1","umich.edu","100","-1","https://umich.edu/","1","1413","/includes/panels/gallery/images/block-m-maize.png","-1","","","1838","1626","1671","1671","1838","167","1626","1838","212","34","35","1","0","no-cache, must-revalidate","Sun, 18 Nov 2018 19:54:30 EST","","",
"141.211.243.251","261","http/1.1","11854","","-1","100","low","Image","3","-1","-1","image/jpeg","","1","","-1","-1","https://umich.edu/includes/image/type/gallery/id/5/name/DIL-17Apr12-Slideshow%28017%29.jpg/width/152/height/152/mode/minfit/","-1","-1","200","-1","0","","12280","59","449","","","181105_G4_G","-1","41","-1","0","0","11854","1674","-1","GET","11854","","","0.13","-1","-1","umich.edu","100","-1","https://umich.edu/","1","1413","/includes/image/type/gallery/id/5/name/DIL-17Apr12-Slideshow%28017%29.jpg/width/152/height/152/mode/minfit/","0","","","1935","1674","1715","1715","1935","220","1674","1935","261","35","36","1","0","public","Sun, 18 Nov 2018 19:54:30 EST","1","0",
"141.211.243.251","265","http/1.1","19610","","-1","100","low","Image","3","-1","-1","image/png","","1","","-1","-1","https://umich.edu/includes/panels/gallery/images/24-hours.png","-1","-1","200","-1","0","","19943","59","386","","","181105_G4_G","-1","41","-1","-1","","19610","1674","-1","GET","19610","","","0.12","-1","-1","umich.edu","100","-1","https://umich.edu/","3","1413","/includes/panels/gallery/images/24-hours.png","-1","","","1939","1674","1715","1715","1939","224","1674","1939","265","36","37","1","0","no-cache, must-revalidate","Sun, 18 Nov 2018 19:54:30 EST","","",
"","1050","","","","-1","-1","","Image","3","-1","-1","","","1","","-1","-1","https://umich.edu/skins/um2013/media/images/umich-logo.png","-1","-1","-1","-1","","","0","758","0","","","181105_G4_G","-1","1050","-1","-1","","0","1690","-1","GET","0","","","0.53","-1","-1","umich.edu","-1","-1","https://umich.edu/","-1","1690","/skins/um2013/media/images/umich-logo.png","-1","","","2740","1690","2740","2740","2740","0","1690","2740","1050","37","38","1","0","","","","",
"","1045","","","","-1","-1","","Image","3","-1","-1","","","1","","-1","-1","https://umich.edu/media/images/infographics/schools-colleges.png","-1","-1","-1","-1","","","0","758","0","","","181105_G4_G","-1","1045","-1","-1","","0","1692","-1","GET","0","","","0.55","-1","-1","umich.edu","-1","-1","https://umich.edu/","-1","1692","/media/images/infographics/schools-colleges.png","-1","","","2737","1692","2737","2737","2737","0","1692","2737","1045","38","39","1","0","","","","",
"","1047","","","","-1","-1","","Image","3","-1","-1","","","1","","-1","-1","https://umich.edu/includes/image/type/features/id/469/name/Law-Library-at-night-gateway.jpg/width/2500/","-1","-1","-1","-1","","","0","758","0","","","181105_G4_G","-1","1047","-1","-1","","0","1692","-1","GET","0","","","0.54","-1","-1","umich.edu","-1","-1","https://umich.edu/","-1","1692","/includes/image/type/features/id/469/name/Law-Library-at-night-gateway.jpg/width/2500/","-1","","","2739","1692","2739","2739","2739","0","1692","2739","1047","39","40","1","0","","","","",
"","1045","","","","-1","-1","","Image","3","-1","-1","","","1","","-1","-1","https://umich.edu/includes/image/type/features/id/467/name/gateway-rna.jpg/width/160/","-1","-1","-1","-1","","","0","758","0","","","181105_G4_G","-1","1045","-1","-1","","0","1693","-1","GET","0","","","0.56","-1","-1","umich.edu","-1","-1","https://umich.edu/","-1","1693","/includes/image/type/features/id/467/name/gateway-rna.jpg/width/160/","-1","","","2738","1693","2738","2738","2738","0","1693","2738","1045","40","41","1","0","","","","",
"141.211.243.251","223","http/1.1","7913","","-1","100","low","Image","3","-1","-1","image/jpeg","","1","","-1","-1","https://umich.edu/includes/image/type/gallery/id/132/name/ResearchDIL-19Aug14_RH%28009%29.jpg/width/152/height/152/mode/minfit/","-1","-1","200","-1","0","","8291","59","452","","","181105_G4_G","-1","99","-1","0","0","7913","1717","-1","GET","7913","","","0.14","-1","-1","umich.edu","100","-1","https://umich.edu/","2","1413","/includes/image/type/gallery/id/132/name/ResearchDIL-19Aug14_RH%28009%29.jpg/width/152/height/152/mode/minfit/","0","","","1940","1717","1816","1816","1940","124","1717","1940","223","41","42","1","0","public","Sun, 18 Nov 2018 19:54:30 EST","1","50",
"141.211.243.251","208","http/1.1","5372","","-1","100","low","Image","3","-1","-1","image/jpeg","","1","","-1","-1","https://umich.edu/includes/image/type/gallery/id/101/name/ResearchDIL-19Aug14_AT%28069%29.jpg/width/152/height/152/mode/minfit/","-1","-1","200","-1","0","","5750","59","452","","","181105_G4_G","-1","81","-1","0","0","5372","1735","-1","GET","5372","","","0.17","-1","-1","umich.edu","100","-1","https://umich.edu/","3","1414","/includes/image/type/gallery/id/101/name/ResearchDIL-19Aug14_AT%28069%29.jpg/width/152/height/152/mode/minfit/","0","","","1943","1735","1816","1816","1943","127","1735","1943","208","42","43","1","0","public","Sun, 18 Nov 2018 19:54:30 EST","1","50",
"141.211.243.251","206","http/1.1","7200","","-1","100","low","Image","3","-1","-1","image/jpeg","","1","","-1","-1","https://umich.edu/includes/image/type/gallery/id/100/name/ResearchDIL-19Aug14_AT%28026%29.jpg/width/152/height/152/mode/minfit/","-1","-1","200","-1","0","","7578","59","452","","","181105_G4_G","-1","80","-1","0","0","7200","1736","-1","GET","7200","","","0.15","-1","-1","umich.edu","100","-1","https://umich.edu/","1","1414","/includes/image/type/gallery/id/100/name/ResearchDIL-19Aug14_AT%28026%29.jpg/width/152/height/152/mode/minfit/","0","","","1942","1736","1816","1816","1942","126","1736","1942","206","43","44","1","0","public","Sun, 18 Nov 2018 19:54:30 EST","1","50",
"141.211.243.251","209","http/1.1","11983","","-1","100","low","Image","3","-1","-1","image/jpeg","","1","","-1","-1","https://umich.edu/includes/image/type/gallery/id/23/name/DIL24Oct11-Slideshow_PS%28015%29.jpg/width/152/height/152/mode/minfit/","-1","-1","200","-1","0","","12411","59","452","","","181105_G4_G","-1","81","-1","0","0","11983","1736","-1","GET","11983","","","0.16","-1","-1","umich.edu","100","-1","https://umich.edu/","4","1414","/includes/image/type/gallery/id/23/name/DIL24Oct11-Slideshow_PS%28015%29.jpg/width/152/height/152/mode/minfit/","0","","","1945","1736","1817","1817","1945","128","1736","1945","209","44","45","1","0","public","Sun, 18 Nov 2018 19:54:30 EST","1","0",
"141.211.243.251","129","http/1.1","6401","","-1","100","low","Image","3","-1","-1","image/jpeg","","1","","-1","-1","https://umich.edu/includes/image/type/gallery/id/74/name/DIL-6Aug13-Slideshow%28034%29.jpg/width/152/height/152/mode/minfit/","-1","-1","200","-1","0","","6777","59","449","","","181105_G4_G","-1","48","-1","0","0","6401","1817","-1","GET","6401","","","0.18","-1","-1","umich.edu","100","-1","https://umich.edu/","2","1414","/includes/image/type/gallery/id/74/name/DIL-6Aug13-Slideshow%28034%29.jpg/width/152/height/152/mode/minfit/","0","","","1946","1817","1865","1865","1946","81","1817","1946","129","45","46","1","0","public","Sun, 18 Nov 2018 19:54:30 EST","1","50",
"141.211.243.251","305","http/1.1","12209","","-1","100","low","Image","3","-1","-1","image/jpeg","","1","","-1","-1","https://umich.edu/includes/image/type/gallery/id/113/name/ResearchDIL-19Aug14_DM%28136%29.jpg/width/152/height/152/mode/minfit/","-1","-1","200","-1","0","","12636","59","452","","","181105_G4_G","-1","36","-1","0","0","12209","1830","-1","GET","12209","","","0.20","-1","-1","umich.edu","100","-1","https://umich.edu/","3","1415","/includes/image/type/gallery/id/113/name/ResearchDIL-19Aug14_DM%28136%29.jpg/width/152/height/152/mode/minfit/","0","","","2135","1830","1866","1866","2135","269","1830","2135","305","46","47","1","0","public","Sun, 18 Nov 2018 19:54:30 EST","1","0",
"141.211.243.251","118","http/1.1","11371","","-1","100","low","Image","3","-1","-1","image/jpeg","","1","","-1","-1","https://umich.edu/includes/image/type/gallery/id/75/name/DIL-6Aug13-Slideshow%28035%29.jpg/width/152/height/152/mode/minfit/","-1","-1","200","-1","0","","11796","59","449","","","181105_G4_G","-1","35","-1","0","0","11371","1831","-1","GET","11371","","","0.19","-1","-1","umich.edu","100","-1","https://umich.edu/","1","1415","/includes/image/type/gallery/id/75/name/DIL-6Aug13-Slideshow%28035%29.jpg/width/152/height/152/mode/minfit/","0","","","1949","1831","1866","1866","1949","83","1831","1949","118","47","48","1","0","public","Sun, 18 Nov 2018 19:54:30 EST","1","0",
"141.211.243.251","236","http/1.1","9579","","-1","100","low","Image","3","-1","-1","image/jpeg","","1","","-1","-1","https://umich.edu/includes/image/type/gallery/id/129/name/ResearchDIL-19Aug14_LH%28223%29.jpg/width/152/height/152/mode/minfit/","-1","-1","200","-1","0","","10006","59","452","","","181105_G4_G","-1","56","-1","0","0","9579","1901","-1","GET","9579","","","0.22","-1","-1","umich.edu","100","-1","https://umich.edu/","3","1416","/includes/image/type/gallery/id/129/name/ResearchDIL-19Aug14_LH%28223%29.jpg/width/152/height/152/mode/minfit/","0","","","2137","1901","1957","1957","2137","180","1901","2137","236","48","49","1","0","public","Sun, 18 Nov 2018 19:54:30 EST","1","50",
"","820","","","","-1","-1","","Font","3","-1","-1","text/plain; charset=utf-8","","1","","-1","-1","https://umich.edu/skins/um2013/vendor/fontawesome-5.4.2/webfonts/fa-solid-900.woff2","-1","-1","200","-1","","","72239","759","0","","","181105_G4_G","-1","31","-1","0","0","0","1920","-1","GET","71952","","","0.61","-1","-1","umich.edu","100","-1","https://umich.edu/","-1","1906","/skins/um2013/vendor/fontawesome-5.4.2/webfonts/fa-solid-900.woff2","0","","","2740","1920","1951","1951","2740","789","1920","2740","820","49","50","1","0","","","","",
"141.211.243.251","301","http/1.1","","","-1","-1","medium","Font","3","-1","-1","text/plain; charset=utf-8","","1","","-1","-1","https://umich.edu/skins/um2013/vendor/fontawesome-5.4.2/webfonts/fa-brands-400.woff2","-1","-1","200","-1","","","69307","759","351","","","181105_G4_G","-1","84","-1","0","0","69020","1925","-1","GET","69020","","","0.63","-1","-1","umich.edu","100","-1","https://umich.edu/","1","1906","/skins/um2013/vendor/fontawesome-5.4.2/webfonts/fa-brands-400.woff2","0","","","2226","1925","2009","2009","2226","217","1925","2226","301","50","51","1","0","","","","",
"141.211.243.251","344","http/1.1","11495","","-1","100","low","Image","3","-1","-1","image/jpeg","","1","","-1","-1","https://umich.edu/includes/image/type/gallery/id/43/name/DIL24Oct11-Slideshow_PS%28043%29.jpg/width/152/height/152/mode/minfit/","-1","-1","200","-1","0","","11923","59","452","","","181105_G4_G","-1","187","-1","0","0","11495","1995","-1","GET","11495","","","0.23","-1","-1","umich.edu","100","-1","https://umich.edu/","3","1416","/includes/image/type/gallery/id/43/name/DIL24Oct11-Slideshow_PS%28043%29.jpg/width/152/height/152/mode/minfit/","0","","","2339","1995","2182","2182","2339","157","1995","2339","344","51","52","1","0","public","Sun, 18 Nov 2018 19:54:30 EST","1","0",
"173.194.223.100","226","h2","","","-1","-1","high","Script","3","1654","1958","text/javascript","0","1","","100","1721","https://www.google-analytics.com/analytics.js","8","1721","200","237","","","17742","76","167","","gzip","181105_G4_G","1662","144","1663","100","79","43233","2008","58","GET","17301","17301","83","0.52","-1","-1","www.google-analytics.com","100","-1","https://umich.edu/","5","1652","/analytics.js","0","","Google","2234","2008","2152","2152","2234","82","1654","2234","529","52","53","1","0","public, max-age=7200","Mon, 05 Nov 2018 00:55:49 GMT","","",
"141.211.243.251","136","http/1.1","14873","","-1","100","low","Image","3","-1","-1","image/jpeg","","1","","-1","-1","https://umich.edu/includes/image/type/gallery/id/55/name/DIL24Oct11-Slideshow_PS%28061%29.jpg/width/152/height/152/mode/minfit/","-1","-1","200","-1","0","","15301","59","452","","","181105_G4_G","-1","46","-1","0","0","14873","2098","-1","GET","14873","","","0.24","-1","-1","umich.edu","100","-1","https://umich.edu/","1","1416","/includes/image/type/gallery/id/55/name/DIL24Oct11-Slideshow_PS%28061%29.jpg/width/152/height/152/mode/minfit/","0","","","2234","2098","2144","2144","2234","90","2098","2234","136","53","54","1","0","public","Sun, 18 Nov 2018 19:54:30 EST","1","0",
"141.211.243.251","156","http/1.1","","","-1","-1","medium","XHR","3","-1","-1","text/html; charset=utf-8","0","1","","100","-1","https://umich.edu/apis/country/","-1","-1","200","-1","","","326","792","381","","gzip","181105_G4_G","-1","73","-1","-1","","2","2185","-1","GET","28","28","9","0.65","-1","-1","umich.edu","100","-1","https://umich.edu/skins/um2013/scripts/skin.js?1540387205","1","2133","/apis/country/","-1","","","2341","2185","2258","2258","2341","83","2185","2341","156","54","55","1","0","","","","",
"141.211.243.251","311","http/1.1","5179","","-1","100","low","Image","3","-1","-1","image/jpeg","","1","","-1","-1","https://umich.edu/includes/image/type/gallery/id/57/name/DIL24Oct11-Slideshow_PS%28065%29.jpg/width/152/height/152/mode/minfit/","-1","-1","200","-1","0","","5558","59","452","","","181105_G4_G","-1","34","-1","0","0","5179","2232","-1","GET","5179","","","0.26","-1","-1","umich.edu","100","-1","https://umich.edu/","1","1417","/includes/image/type/gallery/id/57/name/DIL24Oct11-Slideshow_PS%28065%29.jpg/width/152/height/152/mode/minfit/","0","","","2543","2232","2266","2266","2543","277","2232","2543","311","55","56","1","0","public","Sun, 18 Nov 2018 19:54:30 EST","1","50",
"52.84.140.11","287","http/1.1","","","-1","-1","high","Script","3","1719","2258","application/x-javascript","0","1","","100","1908","https://script.crazyegg.com/pages/scripts/0018/7629.js?428160","139","1908","200","350","","","4566","94","328","","gzip","181105_G4_G","1858","41","1867","100","","10117","2258","41","GET","4099","4099","72","0.57","-1","-1","script.crazyegg.com","100","-1","https://umich.edu/","6","1702","/pages/scripts/0018/7629.js?428160","-1","","Amazon CloudFront","2545","2258","2299","2299","2545","246","1719","2545","817","56","57","1","0","no-cache","","","",
"108.177.103.94","289","h2","","","-1","-1","medium","Font","3","1747","2261","font/ttf","0","1","","100","1929","https://fonts.gstatic.com/s/roboto/v18/KFOmCnqEu92Fr1Mu4mxP.ttf","101","1929","200","332","","","20720","758","175","","gzip","181105_G4_G","1848","181","1860","100","31247408","35408","2262","69","GET","20272","20272","","0.58","-1","-1","fonts.gstatic.com","100","-1","https://umich.edu/","7","1706","/s/roboto/v18/KFOmCnqEu92Fr1Mu4mxP.ttf","100","","Google","2551","2262","2443","2443","2551","108","1747","2551","791","57","58","1","0","public, max-age=31536000","Fri, 01 Nov 2019 16:44:38 GMT","","",
"141.211.243.251","268","http/1.1","8903","","-1","100","low","Image","3","-1","-1","image/jpeg","","1","","-1","-1","https://umich.edu/includes/image/type/gallery/id/86/name/DIL-6Aug13-Slideshow%28066%29.jpg/width/152/height/152/mode/minfit/","-1","-1","200","-1","0","","9328","59","449","","","181105_G4_G","-1","42","-1","0","0","8903","2279","-1","GET","8903","","","0.27","-1","-1","umich.edu","100","-1","https://umich.edu/","1","1417","/includes/image/type/gallery/id/86/name/DIL-6Aug13-Slideshow%28066%29.jpg/width/152/height/152/mode/minfit/","0","","","2547","2279","2321","2321","2547","226","2279","2547","268","58","59","1","0","public","Sun, 18 Nov 2018 19:54:30 EST","1","50",
"108.177.103.94","266","h2","","","-1","-1","medium","Font","3","-1","-1","font/ttf","0","1","","100","-1","https://fonts.gstatic.com/s/robotocondensed/v16/ieVl2ZhZI2eCN5jzbjEETS9weq8-19K7CA.ttf","-1","-1","200","-1","","","20623","759","56","","gzip","181105_G4_G","-1","150","-1","100","31247480","35376","2284","-1","GET","20175","20175","","0.59","-1","-1","fonts.gstatic.com","100","-1","https://umich.edu/","7","1903","/s/robotocondensed/v16/ieVl2ZhZI2eCN5jzbjEETS9weq8-19K7CA.ttf","100","","Google","2550","2284","2434","2434","2550","116","2284","2550","266","59","60","1","0","public, max-age=31536000","Fri, 01 Nov 2019 16:45:50 GMT","","",
"108.177.103.94","263","h2","","","-1","-1","medium","Font","3","-1","-1","font/ttf","0","1","","100","-1","https://fonts.gstatic.com/s/robotocondensed/v16/ieVi2ZhZI2eCN5jzbjEETS9weq8-32meGCQYag.ttf","-1","-1","200","-1","","","20626","759","59","","gzip","181105_G4_G","-1","115","-1","100","31247480","35368","2286","-1","GET","20178","20178","","0.60","-1","-1","fonts.gstatic.com","100","-1","https://umich.edu/","7","1906","/s/robotocondensed/v16/ieVi2ZhZI2eCN5jzbjEETS9weq8-32meGCQYag.ttf","100","","Google","2549","2286","2401","2401","2549","148","2286","2549","263","60","61","1","0","public, max-age=31536000","Fri, 01 Nov 2019 16:45:50 GMT","","",
"108.177.103.94","260","h2","","","-1","-1","medium","Font","3","-1","-1","font/ttf","0","1","","100","-1","https://fonts.gstatic.com/s/roboto/v18/KFOlCnqEu92Fr1MmWUlfBBc9.ttf","-1","-1","200","-1","","","20757","759","42","","gzip","181105_G4_G","-1","56","-1","100","31247408","35236","2286","-1","GET","20309","20309","","0.62","-1","-1","fonts.gstatic.com","100","-1","https://umich.edu/","7","1906","/s/roboto/v18/KFOlCnqEu92Fr1MmWUlfBBc9.ttf","100","","Google","2546","2286","2342","2342","2546","204","2286","2546","260","61","62","1","0","public, max-age=31536000","Fri, 01 Nov 2019 16:44:38 GMT","","",
"141.211.243.251","325","http/1.1","10674","","-1","100","low","Image","3","-1","-1","image/jpeg","","1","","-1","-1","https://umich.edu/includes/image/type/gallery/id/87/name/DIL-6Aug13-Slideshow%28067%29.jpg/width/152/height/152/mode/minfit/","-1","-1","200","-1","0","","11099","59","449","","","181105_G4_G","-1","29","-1","0","0","10674","2339","-1","GET","10674","","","0.28","-1","-1","umich.edu","100","-1","https://umich.edu/","1","1417","/includes/image/type/gallery/id/87/name/DIL-6Aug13-Slideshow%28067%29.jpg/width/152/height/152/mode/minfit/","0","","","2664","2339","2368","2368","2664","296","2339","2664","325","62","63","1","0","public","Sun, 18 Nov 2018 19:54:30 EST","1","0",
"","326","","","","-1","-1","","Image","3","-1","-1","","","1","","-1","-1","https://umich.edu/includes/image/type/features/id/451/name/StStrat-BlavinSchlr-122.jpg/width/2500/","-1","-1","-1","-1","","","0","378","0","","","181105_G4_G","-1","326","-1","-1","","0","2413","-1","GET","0","","732","0.66","-1","-1","umich.edu","-1","-1","https://umich.edu/skins/um2013/scripts/skin.js?1540387205","-1","2413","/includes/image/type/features/id/451/name/StStrat-BlavinSchlr-122.jpg/width/2500/","-1","","","2739","2413","2739","2739","2739","0","2413","2739","326","63","64","1","0","","","","",
"","318","","","","-1","-1","","Image","3","-1","-1","","","1","","-1","-1","https://umich.edu/includes/image/type/features/id/457/name/41696566621_696882186c_o.jpg/width/2500/","-1","-1","-1","-1","","","0","378","0","","","181105_G4_G","-1","318","-1","-1","","0","2422","-1","GET","0","","716","0.67","-1","-1","umich.edu","-1","-1","https://umich.edu/skins/um2013/scripts/skin.js?1540387205","-1","2422","/includes/image/type/features/id/457/name/41696566621_696882186c_o.jpg/width/2500/","-1","","","2740","2422","2740","2740","2740","0","2422","2740","318","64","65","1","0","","","","",
"","315","","","","-1","-1","","Image","3","-1","-1","","","1","","-1","-1","https://umich.edu/includes/image/type/features/id/455/name/AnyaSirota.jpg/width/2500/","-1","-1","-1","-1","","","0","378","0","","","181105_G4_G","-1","315","-1","-1","","0","2423","-1","GET","0","","716","0.68","-1","-1","umich.edu","-1","-1","https://umich.edu/skins/um2013/scripts/skin.js?1540387205","-1","2423","/includes/image/type/features/id/455/name/AnyaSirota.jpg/width/2500/","-1","","","2738","2423","2738","2738","2738","0","2423","2738","315","65","66","1","0","","","","",
"72.21.91.66","54","http/1.1","","","-1","-1","high","Script","3","1912","2508","application/javascript; charset=utf-8","0","1","","100","2050","https://platform.twitter.com/widgets.js","102","2050","200","458","","","28314","2","306","","gzip","181105_G4_G","2014","25","2016","100","1800","94986","2509","34","GET","27917","27917","75","0.64","-1","-1","platform.twitter.com","100","-1","https://umich.edu/skins/um2013/scripts/skin.js?1540387205","8","1910","/widgets.js","0","","Edgecast","2563","2509","2534","2534","2563","29","1912","2563","648","66","67","1","0","public, max-age=1800","","","",
"141.211.243.251","1304","http/1.1","","","-1","-1","high","Document","3","2758","2847","text/html; charset=utf-8","0","1","","100","2787","https://umich.edu/","3","2787","200","60","","","10982","","375","","gzip","181105_G4_G","2761","101","2762","-1","","48922","2847","25","GET","10613","10613","","0.69","-1","-1","umich.edu","100","-1","","10","2741","/","-1","","","4151","2847","2948","2948","4151","1203","2758","4151","1392","67","68","1","0","","","","",
"72.21.91.66","173","http/1.1","","","-1","-1","high","Document","3","-1","-1","text/html; charset=utf-8","0","1","","100","-1","https://platform.twitter.com/widgets/widget_iframe.53652c702a2e752df1a75e4b2ec51f45.html?origin=https%3A%2F%2Fumich.edu&settingsEndpoint=https%3A%2F%2Fsyndication.twitter.com%2Fsettings","-1","-1","200","-1","","","6171","8","512","","gzip","181105_G4_G","-1","41","-1","100","","15100","3048","-1","GET","5783","5783","38577","0.70","-1","-1","platform.twitter.com","100","-1","https://platform.twitter.com/widgets.js","8","3047","/widgets/widget_iframe.53652c702a2e752df1a75e4b2ec51f45.html?origin=https%3A%2F%2Fumich.edu&settingsEndpoint=https%3A%2F%2Fsyndication.twitter.com%2Fsettings","-1","","Edgecast","3221","3048","3089","3089","3221","132","3048","3221","173","68","69","1","0","public, max-age=315360000","","","",
"199.16.156.241","143","h2","","","-1","-1","medium","Fetch","3","3261","3580","application/json; charset=utf-8","0","1","","100","3397","https://syndication.twitter.com/settings","55","3397","200","183","","","636","12","303","","gzip","181105_G4_G","3316","90","3317","100","600","97","3581","80","GET","106","106","7794","0.71","-1","-1","syndication.twitter.com","100","-1","https://platform.twitter.com/widgets/widget_iframe.53652c702a2e752df1a75e4b2ec51f45.html?origin=https%3A%2F%2Fumich.edu&settingsEndpoint=https%3A%2F%2Fsyndication.twitter.com%2Fsettings","9","3259","/settings","0","","Twitter","3724","3581","3671","3671","3724","53","3261","3724","461","69","70","1","0","must-revalidate, max-age=600","","","",
"141.211.243.251","109","http/1.1","","","-1","-1","high","Stylesheet","3","-1","-1","text/css","0","1","","100","-1","https://umich.edu/includes/panels/social/styles/index.css?1540387203","-1","-1","200","-1","","","1466","44","410","","gzip","181105_G4_G","-1","60","-1","0","0","4744","4176","-1","GET","1155","1155","","0.73","-1","-1","umich.edu","100","-1","https://umich.edu/","10","4175","/includes/panels/social/styles/index.css?1540387203","0","","","4285","4176","4236","4236","4285","49","4176","4285","109","70","71","1","0","public","Sun, 18 Nov 2018 19:54:32 EST","","",
"141.211.243.251","83","http/1.1","","","-1","-1","high","Stylesheet","3","-1","-1","text/css","0","1","","100","-1","https://umich.edu/styles/index.css?1540488661","-1","-1","200","-1","","","2252","49","387","","gzip","181105_G4_G","-1","35","-1","0","0","7957","4234","-1","GET","1941","1941","","0.78","-1","-1","umich.edu","100","-1","https://umich.edu/","10","4177","/styles/index.css?1540488661","0","","","4317","4234","4269","4269","4317","48","4234","4317","83","71","72","1","0","public","Sun, 18 Nov 2018 19:54:32 EST","","",
"141.211.243.251","501","http/1.1","","","-1","-1","high","Script","3","-1","-1","text/javascript","0","1","","100","-1","https://umich.edu/skins/um2013/scripts/skin.js?1540387203","-1","-1","200","-1","","","50873","59","384","","gzip","181105_G4_G","-1","38","-1","0","0","176345","4236","-1","GET","50506","50506","","0.114","-1","-1","umich.edu","100","-1","https://umich.edu/","10","4192","/skins/um2013/scripts/skin.js?1540387203","0","","","4737","4236","4274","4274","4737","463","4236","4737","501","72","73","1","0","public","Sun, 18 Nov 2018 19:54:32 EST","","",
"141.211.243.251","101","http/1.1","","","-1","-1","high","Script","3","-1","-1","text/javascript","0","1","","100","-1","https://umich.edu/scripts/index.js?1540387203","-1","-1","200","-1","","","2052","59","372","","gzip","181105_G4_G","-1","21","-1","0","0","7130","4327","-1","GET","1734","1734","","0.120","-1","-1","umich.edu","100","-1","https://umich.edu/","11","4195","/scripts/index.js?1540387203","0","","","4428","4327","4348","4348","4428","80","4327","4428","101","73","74","1","0","public","Sun, 18 Nov 2018 19:54:32 EST","","",
"141.211.243.251","407","http/1.1","9787","","-1","100","low","Image","3","-1","-1","image/jpeg","","1","","-1","-1","https://umich.edu/includes/image/type/gallery/id/98/name/DIL-Research14%2834%29.jpg/width/152/height/152/mode/minfit/","-1","-1","200","-1","0","","10205","59","502","","","181105_G4_G","-1","29","-1","0","0","9787","4327","-1","GET","9787","","","0.82","-1","-1","umich.edu","100","-1","https://umich.edu/","12","4181","/includes/image/type/gallery/id/98/name/DIL-Research14%2834%29.jpg/width/152/height/152/mode/minfit/","0","","","4734","4327","4356","4356","4734","378","4327","4734","407","74","75","1","0","public","Sun, 18 Nov 2018 19:54:32 EST","1","50",
"141.211.243.251","81","http/1.1","","","-1","-1","high","Stylesheet","3","4237","4332","text/css","0","1","","100","4281","https://umich.edu/includes/panels/gallery/styles/index.css?1540387203","10","4281","200","51","","","1555","47","411","","gzip","181105_G4_G","4247","28","4250","0","0","4534","4332","31","GET","1244","1244","","0.76","-1","-1","umich.edu","100","-1","https://umich.edu/","11","4177","/includes/panels/gallery/styles/index.css?1540387203","0","","","4413","4332","4360","4360","4413","53","4237","4413","173","75","76","1","0","public","Sun, 18 Nov 2018 19:54:32 EST","","",
"141.211.243.251","88","http/1.1","","","-1","-1","high","Stylesheet","3","4245","4333","text/css","0","1","","100","4281","https://umich.edu/includes/panels/infographics/styles/index.css?1540387203","2","4281","200","52","","","2306","48","416","","gzip","181105_G4_G","4247","30","4250","0","0","7944","4333","31","GET","1995","1995","","0.77","-1","-1","umich.edu","100","-1","https://umich.edu/","12","4177","/includes/panels/infographics/styles/index.css?1540387203","0","","","4421","4333","4363","4363","4421","58","4245","4421","173","76","77","1","0","public","Sun, 18 Nov 2018 19:54:32 EST","","",
"141.211.243.251","163","http/1.1","","","-1","-1","high","Stylesheet","3","4177","4335","text/css","0","1","","100","4282","https://umich.edu/includes/panels/news/styles/index.css?1540387203","71","4282","200","53","","","901","45","408","","gzip","181105_G4_G","4248","110","4250","0","0","1472","4335","32","GET","591","591","","0.74","-1","-1","umich.edu","100","-1","https://umich.edu/","13","4175","/includes/panels/news/styles/index.css?1540387203","0","","","4498","4335","4445","4445","4498","53","4177","4498","319","77","78","1","0","public","Sun, 18 Nov 2018 19:54:32 EST","","",
"141.211.243.251","1229","http/1.1","11163","","-1","100","low","Image","3","-1","-1","image/jpeg","","1","","-1","-1","https://umich.edu/includes/image/type/gallery/id/109/name/ResearchDIL-19Aug14_DM%28053%29.jpg/width/152/height/152/mode/minfit/","-1","-1","200","-1","0","","11590","59","512","","","181105_G4_G","-1","62","-1","0","0","11163","4344","-1","GET","11163","","","0.83","-1","-1","umich.edu","100","-1","https://umich.edu/","11","4181","/includes/image/type/gallery/id/109/name/ResearchDIL-19Aug14_DM%28053%29.jpg/width/152/height/152/mode/minfit/","0","","","5573","4344","4406","4406","5573","1167","4344","5573","1229","78","79","1","0","public","Sun, 18 Nov 2018 19:54:32 EST","1","0",
"141.211.243.251","351","http/1.1","7552","","-1","100","low","Image","3","-1","-1","image/jpeg","","1","","-1","-1","https://umich.edu/includes/image/type/gallery/id/123/name/ResearchDIL-19Aug14_EB%28098%29.jpg/width/152/height/152/mode/minfit/","-1","-1","200","-1","0","","7930","59","512","","","181105_G4_G","-1","159","-1","0","0","7552","4407","-1","GET","7552","","","0.84","-1","-1","umich.edu","100","-1","https://umich.edu/","13","4181","/includes/image/type/gallery/id/123/name/ResearchDIL-19Aug14_EB%28098%29.jpg/width/152/height/152/mode/minfit/","0","","","4758","4407","4566","4566","4758","192","4407","4758","351","79","80","1","0","public","Sun, 18 Nov 2018 19:54:33 EST","1","50",
"141.211.243.251","293","http/1.1","12612","","-1","100","low","Image","3","-1","-1","image/jpeg","","1","","-1","-1","https://umich.edu/includes/image/type/gallery/id/29/name/DIL24Oct11-Slideshow_PS%28023%29.jpg/width/152/height/152/mode/minfit/","-1","-1","200","-1","0","","13040","59","512","","","181105_G4_G","-1","30","-1","0","0","12612","4461","-1","GET","12612","","","0.85","-1","-1","umich.edu","100","-1","https://umich.edu/","12","4181","/includes/image/type/gallery/id/29/name/DIL24Oct11-Slideshow_PS%28023%29.jpg/width/152/height/152/mode/minfit/","0","","","4754","4461","4491","4491","4754","263","4461","4754","293","80","81","1","0","public","Sun, 18 Nov 2018 19:54:32 EST","1","0",
"141.211.243.251","1156","http/1.1","10549","","-1","100","low","Image","3","-1","-1","image/jpeg","","1","","-1","-1","https://umich.edu/includes/image/type/gallery/id/124/name/ResearchDIL-19Aug14_EB%28102%29.jpg/width/152/height/152/mode/minfit/","-1","-1","200","-1","0","","10976","59","512","","","181105_G4_G","-1","31","-1","0","0","10549","4485","-1","GET","10549","","","0.86","-1","-1","umich.edu","100","-1","https://umich.edu/","10","4182","/includes/image/type/gallery/id/124/name/ResearchDIL-19Aug14_EB%28102%29.jpg/width/152/height/152/mode/minfit/","0","","","5641","4485","4516","4516","5641","1125","4485","5641","1156","81","82","1","0","public","Sun, 18 Nov 2018 19:54:32 EST","1","0",
"141.211.243.251","259","http/1.1","17313","","-1","100","low","Image","3","-1","-1","image/jpeg","","1","","-1","-1","https://umich.edu/includes/image/type/gallery/id/76/name/DIL-6Aug13-Slideshow%28036%29.jpg/width/152/height/152/mode/minfit/","-1","-1","200","-1","0","","17738","59","509","","","181105_G4_G","-1","30","-1","0","0","17313","4497","-1","GET","17313","","","0.88","-1","-1","umich.edu","100","-1","https://umich.edu/","12","4182","/includes/image/type/gallery/id/76/name/DIL-6Aug13-Slideshow%28036%29.jpg/width/152/height/152/mode/minfit/","0","","","4756","4497","4527","4527","4756","229","4497","4756","259","82","83","1","0","public","Sun, 18 Nov 2018 19:54:32 EST","1","0",
"141.211.243.251","203","http/1.1","10801","","-1","100","low","Image","3","-1","-1","image/jpeg","","1","","-1","-1","https://umich.edu/includes/image/type/gallery/id/125/name/ResearchDIL-19Aug14_EB%28132%29.jpg/width/152/height/152/mode/minfit/","-1","-1","200","-1","0","","11228","59","512","","","181105_G4_G","-1","33","-1","0","0","10801","4558","-1","GET","10801","","","0.89","-1","-1","umich.edu","100","-1","https://umich.edu/","12","4183","/includes/image/type/gallery/id/125/name/ResearchDIL-19Aug14_EB%28132%29.jpg/width/152/height/152/mode/minfit/","0","","","4761","4558","4591","4591","4761","170","4558","4761","203","83","84","1","0","public","Sun, 18 Nov 2018 19:54:33 EST","1","0",
"141.211.243.251","189","http/1.1","8206","","-1","100","low","Image","3","-1","-1","image/jpeg","","1","","-1","-1","https://umich.edu/includes/image/type/gallery/id/128/name/ResearchDIL-19Aug14_LH%28186%29.jpg/width/152/height/152/mode/minfit/","-1","-1","200","-1","0","","8633","59","512","","","181105_G4_G","-1","26","-1","0","0","8206","4573","-1","GET","8206","","","0.90","-1","-1","umich.edu","100","-1","https://umich.edu/","13","4183","/includes/image/type/gallery/id/128/name/ResearchDIL-19Aug14_LH%28186%29.jpg/width/152/height/152/mode/minfit/","0","","","4762","4573","4599","4599","4762","163","4573","4762","189","84","85","1","0","public","Sun, 18 Nov 2018 19:54:33 EST","1","50",
"141.211.243.251","161","http/1.1","7552","","-1","100","low","Image","3","-1","-1","image/jpeg","","1","","-1","-1","https://umich.edu/includes/image/type/gallery/id/49/name/DIL24Oct11-Slideshow_PS%28054%29.jpg/width/152/height/152/mode/minfit/","-1","-1","200","-1","0","","7931","59","512","","","181105_G4_G","-1","52","-1","0","0","7552","4629","-1","GET","7552","","","0.92","-1","-1","umich.edu","100","-1","https://umich.edu/","13","4183","/includes/image/type/gallery/id/49/name/DIL24Oct11-Slideshow_PS%28054%29.jpg/width/152/height/152/mode/minfit/","0","","","4790","4629","4681","4681","4790","109","4629","4790","161","85","86","1","0","public","Sun, 18 Nov 2018 19:54:33 EST","1","50",
"141.211.243.251","1204","http/1.1","13988","","-1","100","low","Image","3","-1","-1","image/jpeg","","1","","-1","-1","https://umich.edu/includes/image/type/gallery/id/47/name/DIL24Oct11-Slideshow_PS%28051%29.jpg/width/152/height/152/mode/minfit/","-1","-1","200","-1","0","","14416","59","512","","","181105_G4_G","-1","52","-1","0","0","13988","4630","-1","GET","13988","","","0.91","-1","-1","umich.edu","100","-1","https://umich.edu/","12","4183","/includes/image/type/gallery/id/47/name/DIL24Oct11-Slideshow_PS%28051%29.jpg/width/152/height/152/mode/minfit/","0","","","5834","4630","4682","4682","5834","1152","4630","5834","1204","86","87","1","0","public","Sun, 18 Nov 2018 19:54:33 EST","1","0",
"141.211.243.251","1161","http/1.1","19610","","-1","100","low","Image","3","-1","-1","image/png","","1","","-1","-1","https://umich.edu/includes/panels/gallery/images/24-hours.png","-1","-1","200","-1","0","","19943","59","496","","","181105_G4_G","-1","25","-1","-1","","19610","4688","-1","GET","19610","","","0.81","-1","-1","umich.edu","100","-1","https://umich.edu/","13","4180","/includes/panels/gallery/images/24-hours.png","-1","","","5849","4688","4713","4713","5849","1136","4688","5849","1161","87","88","1","0","no-cache, must-revalidate","Sun, 18 Nov 2018 19:54:33 EST","","",
"","235","","","","-1","-1","","Image","3","-1","-1","text/html; charset=UTF-8","","1","","-1","-1","https://www.google-analytics.com/r/collect?v=1&_v=j71&aip=1&a=1095750403&t=pageview&_s=1&dl=https%3A%2F%2Fumich.edu%2F&ul=en-us&de=UTF-8&dt=University%20of%20Michigan&sd=32-bit&sr=375x667&vp=375x603&je=0&_u=YEBAAEAB~&jid=237687298&gjid=1562875752&cid=94236667.1541379273&tid=UA-725196-12&_gid=1303236154.1541379273&_r=1&z=1046839263","-1","-1","302","-1","","","938","14","0","","","181105_G4_G","-1","235","-1","-1","","0","4732","-1","GET","416","","84","0.131","-1","-1","www.google-analytics.com","-1","-1","https://www.google-analytics.com/analytics.js","-1","4732","/r/collect?v=1&_v=j71&aip=1&a=1095750403&t=pageview&_s=1&dl=https%3A%2F%2Fumich.edu%2F&ul=en-us&de=UTF-8&dt=University%20of%20Michigan&sd=32-bit&sr=375x667&vp=375x603&je=0&_u=YEBAAEAB~&jid=237687298&gjid=1562875752&cid=94236667.1541379273&tid=UA-725196-12&_gid=1303236154.1541379273&_r=1&z=1046839263","-1","","","4967","4732","4967","4967","4967","0","4732","4967","235","88","89","1","0","no-cache, no-store, must-revalidate","Fri, 01 Jan 1990 00:00:00 GMT","","",
"108.177.103.94","201","h2","","","-1","-1","medium","Font","3","-1","-1","font/ttf","0","1","","100","-1","https://fonts.gstatic.com/s/roboto/v18/KFOlCnqEu92Fr1MmEU9fBBc9.ttf","-1","-1","200","-1","","","20867","757","42","","gzip","181105_G4_G","-1","60","-1","100","31247406","35588","4767","-1","GET","20419","20419","","0.134","-1","-1","fonts.gstatic.com","100","-1","https://umich.edu/","7","4767","/s/roboto/v18/KFOlCnqEu92Fr1MmEU9fBBc9.ttf","100","","Google","4968","4767","4827","4827","4968","141","4767","4968","201","89","90","1","0","public, max-age=31536000","Fri, 01 Nov 2019 16:44:39 GMT","","",
"64.233.168.154","416","h2","35","","-1","100","low","","3","-1","-1","image/gif","","1","","-1","-1","https://stats.g.doubleclick.net/r/collect?v=1&aip=1&t=dc&_r=3&tid=UA-725196-12&cid=94236667.1541379273&jid=237687298&_gid=1303236154.1541379273&gjid=1562875752&_v=j71&z=1046839263","-1","-1","200","-1","0","","454","765","600","","","181105_G4_G","-1","89","-1","100","","451","4967","-1","GET","35","","","0.131.1","-1","-1","stats.g.doubleclick.net","100","-1","https://umich.edu/","14","4967","/r/collect?v=1&aip=1&t=dc&_r=3&tid=UA-725196-12&cid=94236667.1541379273&jid=237687298&_gid=1303236154.1541379273&gjid=1562875752&_v=j71&z=1046839263","-1","","Google","5383","4967","5056","5056","5383","327","4967","5383","416","90","91","1","0","no-cache, no-store, must-revalidate","Fri, 01 Jan 1990 00:00:00 GMT","","",
"141.211.243.251","177","http/1.1","","","-1","-1","medium","Font","3","-1","-1","text/plain; charset=utf-8","","1","","-1","-1","https://umich.edu/skins/um2013/vendor/fontawesome-5.4.2/webfonts/fa-solid-900.woff2","-1","-1","200","-1","","","72239","757","483","","","181105_G4_G","-1","80","-1","0","0","71952","5532","-1","GET","71952","","","0.133","-1","-1","umich.edu","100","-1","https://umich.edu/","11","4767","/skins/um2013/vendor/fontawesome-5.4.2/webfonts/fa-solid-900.woff2","0","","","5709","5532","5612","5612","5709","97","5532","5709","177","91","92","1","0","","","","",
"141.211.243.251","250","http/1.1","10268","","-1","100","low","Image","3","-1","-1","image/jpeg","","1","","-1","-1","https://umich.edu/includes/image/type/gallery/id/56/name/DIL24Oct11-Slideshow_PS%28064%29.jpg/width/152/height/152/mode/minfit/","-1","-1","200","-1","0","","10696","59","512","","","181105_G4_G","-1","28","-1","0","0","10268","5553","-1","GET","10268","","","0.94","-1","-1","umich.edu","100","-1","https://umich.edu/","10","4184","/includes/image/type/gallery/id/56/name/DIL24Oct11-Slideshow_PS%28064%29.jpg/width/152/height/152/mode/minfit/","0","","","5803","5553","5581","5581","5803","222","5553","5803","250","92","93","1","0","public","Sun, 18 Nov 2018 19:54:34 EST","1","0",
"141.211.243.251","187","http/1.1","3724","","-1","100","low","Image","3","-1","-1","image/png","","1","","-1","-1","https://umich.edu/includes/panels/gallery/images/block-m-maize.png","-1","-1","200","-1","0","","4012","59","501","","","181105_G4_G","-1","31","-1","-1","","3724","5618","-1","GET","3724","","","0.80","-1","-1","umich.edu","100","-1","https://umich.edu/","11","4180","/includes/panels/gallery/images/block-m-maize.png","-1","","","5805","5618","5649","5649","5805","156","5618","5805","187","93","94","1","0","no-cache, must-revalidate","Sun, 18 Nov 2018 19:54:34 EST","","",
"141.211.243.251","279","http/1.1","10369","","-1","100","low","Image","3","-1","-1","image/jpeg","","1","","-1","-1","https://umich.edu/includes/image/type/gallery/id/88/name/DIL-6Aug13-Slideshow%28069%29.jpg/width/152/height/152/mode/minfit/","-1","-1","200","-1","0","","10794","59","509","","","181105_G4_G","-1","38","-1","0","0","10369","5652","-1","GET","10369","","","0.98","-1","-1","umich.edu","100","-1","https://umich.edu/","10","4188","/includes/image/type/gallery/id/88/name/DIL-6Aug13-Slideshow%28069%29.jpg/width/152/height/152/mode/minfit/","0","","","5931","5652","5690","5690","5931","241","5652","5931","279","94","95","1","0","public","Sun, 18 Nov 2018 19:54:34 EST","1","0",
"141.211.243.251","148","http/1.1","11993","","-1","100","low","Image","3","-1","-1","image/jpeg","","1","","-1","-1","https://umich.edu/includes/image/type/gallery/id/89/name/DIL-6Aug13-Slideshow%28070%29.jpg/width/152/height/152/mode/minfit/","-1","-1","200","-1","0","","12418","59","509","","","181105_G4_G","-1","27","-1","0","0","11993","5659","-1","GET","11993","","","0.99","-1","-1","umich.edu","100","-1","https://umich.edu/","11","4189","/includes/image/type/gallery/id/89/name/DIL-6Aug13-Slideshow%28070%29.jpg/width/152/height/152/mode/minfit/","0","","","5807","5659","5686","5686","5807","121","5659","5807","148","95","96","1","0","public","Sun, 18 Nov 2018 19:54:34 EST","1","0",
"141.211.243.251","165","http/1.1","12025","","-1","100","low","Image","3","-1","-1","image/jpeg","","1","","-1","-1","https://umich.edu/includes/image/type/gallery/id/58/name/DIL24Oct11-Slideshow_PS%28066%29.jpg/width/152/height/152/mode/minfit/","-1","-1","200","-1","0","","12453","59","512","","","181105_G4_G","-1","51","-1","0","0","12025","5706","-1","GET","12025","","","0.100","-1","-1","umich.edu","100","-1","https://umich.edu/","11","4189","/includes/image/type/gallery/id/58/name/DIL24Oct11-Slideshow_PS%28066%29.jpg/width/152/height/152/mode/minfit/","0","","","5871","5706","5757","5757","5871","114","5706","5871","165","96","97","1","0","public","Sun, 18 Nov 2018 19:54:34 EST","1","0",
"141.211.243.251","160","http/1.1","9450","","-1","100","low","Image","3","-1","-1","image/jpeg","","1","","-1","-1","https://umich.edu/includes/image/type/gallery/id/17/name/DIL-17Apr12-Slideshow%28068%29.jpg/width/152/height/152/mode/minfit/","-1","-1","200","-1","0","","9876","59","510","","","181105_G4_G","-1","40","-1","0","0","9450","5768","-1","GET","9450","","","0.101","-1","-1","umich.edu","100","-1","https://umich.edu/","13","4189","/includes/image/type/gallery/id/17/name/DIL-17Apr12-Slideshow%28068%29.jpg/width/152/height/152/mode/minfit/","0","","","5928","5768","5808","5808","5928","120","5768","5928","160","97","98","1","0","public","Sun, 18 Nov 2018 19:54:34 EST","1","50",
"141.211.243.251","1108","http/1.1","12944","","-1","100","low","Image","3","-1","-1","image/jpeg","","1","","-1","-1","https://umich.edu/includes/image/type/gallery/id/59/name/DIL24Oct11-Slideshow_PS%28069%29.jpg/width/152/height/152/mode/minfit/","-1","-1","200","-1","0","","13372","59","512","","","181105_G4_G","-1","35","-1","0","0","12944","5787","-1","GET","12944","","","0.102","-1","-1","umich.edu","100","-1","https://umich.edu/","11","4190","/includes/image/type/gallery/id/59/name/DIL24Oct11-Slideshow_PS%28069%29.jpg/width/152/height/152/mode/minfit/","0","","","6895","5787","5822","5822","6895","1073","5787","6895","1108","98","99","1","0","public","Sun, 18 Nov 2018 19:54:34 EST","1","0",
"141.211.243.251","189","http/1.1","9682","","-1","100","low","Image","3","-1","-1","image/jpeg","","1","","-1","-1","https://umich.edu/includes/image/type/gallery/id/60/name/DIL24Oct11-Slideshow_PS%28070%29.jpg/width/152/height/152/mode/minfit/","-1","-1","200","-1","0","","10110","59","512","","","181105_G4_G","-1","51","-1","0","0","9682","5823","-1","GET","9682","","","0.103","-1","-1","umich.edu","100","-1","https://umich.edu/","12","4190","/includes/image/type/gallery/id/60/name/DIL24Oct11-Slideshow_PS%28070%29.jpg/width/152/height/152/mode/minfit/","0","","","6012","5823","5874","5874","6012","138","5823","6012","189","99","100","1","0","public","Sun, 18 Nov 2018 19:54:34 EST","1","50",
"141.211.243.251","98","http/1.1","","","-1","-1","medium","Font","3","-1","-1","text/plain; charset=utf-8","","1","","-1","-1","https://umich.edu/skins/um2013/vendor/fontawesome-5.4.2/webfonts/fa-regular-400.woff2","-1","-1","200","-1","","","15158","765","485","","","181105_G4_G","-1","69","-1","0","0","14872","5828","-1","GET","14872","","","0.141","-1","-1","umich.edu","100","-1","https://umich.edu/","12","5788","/skins/um2013/vendor/fontawesome-5.4.2/webfonts/fa-regular-400.woff2","0","","","5926","5828","5897","5897","5926","29","5828","5926","98","100","101","1","0","","","","",
"141.211.243.251","179","http/1.1","14377","","-1","100","low","Image","3","-1","-1","image/jpeg","","1","","-1","-1","https://umich.edu/includes/image/type/gallery/id/90/name/DIL-6Aug13-Slideshow%28076%29.jpg/width/152/height/152/mode/minfit/","-1","-1","200","-1","0","","14802","59","509","","","181105_G4_G","-1","40","-1","0","0","14377","5835","-1","GET","14377","","","0.104","-1","-1","umich.edu","100","-1","https://umich.edu/","13","4190","/includes/image/type/gallery/id/90/name/DIL-6Aug13-Slideshow%28076%29.jpg/width/152/height/152/mode/minfit/","0","","","6014","5835","5875","5875","6014","139","5835","6014","179","101","102","1","0","public","Sun, 18 Nov 2018 19:54:34 EST","1","0",
"141.211.243.251","174","http/1.1","6404","","-1","100","low","Image","3","-1","-1","image/jpeg","","1","","-1","-1","https://umich.edu/includes/image/type/gallery/id/61/name/DIL24Oct11-Slideshow_PS%28071%29.jpg/width/152/height/152/mode/minfit/","-1","-1","200","-1","0","","6783","59","512","","","181105_G4_G","-1","40","-1","0","0","6404","5835","-1","GET","6404","","","0.105","-1","-1","umich.edu","100","-1","https://umich.edu/","10","4190","/includes/image/type/gallery/id/61/name/DIL24Oct11-Slideshow_PS%28071%29.jpg/width/152/height/152/mode/minfit/","0","","","6009","5835","5875","5875","6009","134","5835","6009","174","102","103","1","0","public","Sun, 18 Nov 2018 19:54:34 EST","1","50",
"141.211.243.251","153","http/1.1","10039","","-1","100","low","Image","3","-1","-1","image/jpeg","","1","","-1","-1","https://umich.edu/includes/image/type/gallery/id/62/name/DIL24Oct11-Slideshow_PS%28072%29.jpg/width/152/height/152/mode/minfit/","-1","-1","200","-1","0","","10467","59","512","","","181105_G4_G","-1","34","-1","0","0","10039","5877","-1","GET","10039","","","0.106","-1","-1","umich.edu","100","-1","https://umich.edu/","10","4191","/includes/image/type/gallery/id/62/name/DIL24Oct11-Slideshow_PS%28072%29.jpg/width/152/height/152/mode/minfit/","0","","","6030","5877","5911","5911","6030","119","5877","6030","153","103","104","1","0","public","Sun, 18 Nov 2018 19:54:34 EST","1","50",
"141.211.243.251","156","http/1.1","8940","","-1","100","low","Image","3","-1","-1","image/jpeg","","1","","-1","-1","https://umich.edu/includes/image/type/gallery/id/63/name/DIL24Oct11-Slideshow_PS%28073%29.jpg/width/152/height/152/mode/minfit/","-1","-1","200","-1","0","","9368","59","512","","","181105_G4_G","-1","49","-1","0","0","8940","5896","-1","GET","8940","","","0.107","-1","-1","umich.edu","100","-1","https://umich.edu/","12","4191","/includes/image/type/gallery/id/63/name/DIL24Oct11-Slideshow_PS%28073%29.jpg/width/152/height/152/mode/minfit/","0","","","6052","5896","5945","5945","6052","107","5896","6052","156","104","105","1","0","public","Sun, 18 Nov 2018 19:54:34 EST","1","50",
"141.211.243.251","1181","http/1.1","13588","","-1","100","low","Image","3","-1","-1","image/jpeg","","1","","-1","-1","https://umich.edu/includes/image/type/gallery/id/18/name/DIL-17Apr12-Slideshow%28074%29.jpg/width/152/height/152/mode/minfit/","-1","-1","200","-1","0","","14014","59","510","","","181105_G4_G","-1","50","-1","0","0","13588","5896","-1","GET","13588","","","0.108","-1","-1","umich.edu","100","-1","https://umich.edu/","13","4191","/includes/image/type/gallery/id/18/name/DIL-17Apr12-Slideshow%28074%29.jpg/width/152/height/152/mode/minfit/","0","","","7077","5896","5946","5946","7077","1131","5896","7077","1181","105","106","1","0","public","Sun, 18 Nov 2018 19:54:34 EST","1","0",
"141.211.243.251","113","http/1.1","11152","","-1","100","low","Image","3","-1","-1","image/jpeg","","1","","-1","-1","https://umich.edu/includes/image/type/gallery/id/19/name/DIL24Oct11-Slideshow_PS%28001%29.jpg/width/152/height/152/mode/minfit/","-1","-1","200","-1","0","","11580","59","512","","","181105_G4_G","-1","29","-1","0","0","11152","5946","-1","GET","11152","","","0.109","-1","-1","umich.edu","100","-1","https://umich.edu/","10","4191","/includes/image/type/gallery/id/19/name/DIL24Oct11-Slideshow_PS%28001%29.jpg/width/152/height/152/mode/minfit/","0","","","6059","5946","5975","5975","6059","84","5946","6059","113","106","107","1","0","public","Sun, 18 Nov 2018 19:54:34 EST","1","0",
"141.211.243.251","115","http/1.1","7474","","-1","100","low","Image","3","-1","-1","image/jpeg","","1","","-1","-1","https://umich.edu/includes/image/type/gallery/id/64/name/DIL24Oct11-Slideshow_PS%28075%29.jpg/width/152/height/152/mode/minfit/","-1","-1","200","-1","0","","7853","59","512","","","181105_G4_G","-1","32","-1","0","0","7474","5969","-1","GET","7474","","","0.110","-1","-1","umich.edu","100","-1","https://umich.edu/","12","4191","/includes/image/type/gallery/id/64/name/DIL24Oct11-Slideshow_PS%28075%29.jpg/width/152/height/152/mode/minfit/","0","","","6084","5969","6001","6001","6084","83","5969","6084","115","107","108","1","0","public","Sun, 18 Nov 2018 19:54:34 EST","1","50",
"141.211.243.251","1158","http/1.1","11414","","-1","100","low","Image","3","-1","-1","image/jpeg","","1","","-1","-1","https://umich.edu/includes/image/type/gallery/id/91/name/DIL-6Aug13-Slideshow%28078%29.jpg/width/152/height/152/mode/minfit/","-1","-1","200","-1","0","","11839","59","509","","","181105_G4_G","-1","32","-1","0","0","11414","5977","-1","GET","11414","","","0.111","-1","-1","umich.edu","100","-1","https://umich.edu/","10","4192","/includes/image/type/gallery/id/91/name/DIL-6Aug13-Slideshow%28078%29.jpg/width/152/height/152/mode/minfit/","0","","","7135","5977","6009","6009","7135","1126","5977","7135","1158","108","109","1","0","public","Sun, 18 Nov 2018 19:54:34 EST","1","0",
"141.211.243.251","1154","http/1.1","9110","","-1","100","low","Image","3","-1","-1","image/png","","1","","-1","-1","https://umich.edu/skins/um2013/media/images/trans_reporting_logo.png","-1","-1","200","-1","0","","9443","59","453","","","181105_G4_G","-1","32","-1","-1","","9110","6003","-1","GET","9110","","","0.112","-1","-1","umich.edu","100","-1","https://umich.edu/","12","4192","/skins/um2013/media/images/trans_reporting_logo.png","-1","","","7157","6003","6035","6035","7157","1122","6003","7157","1154","109","110","1","0","no-cache, must-revalidate","Sun, 18 Nov 2018 19:54:34 EST","","",
"","135","","","","-1","-1","","Document","3","-1","-1","text/html;charset=utf-8","","1","","-1","-1","https://syndication.twitter.com/i/jot","-1","-1","302","-1","","","629","","0","","","181105_G4_G","-1","135","-1","-1","","0","6580","-1","POST","0","","","0.142","-1","-1","syndication.twitter.com","-1","-1","","-1","6580","/i/jot","-1","","","6715","6580","6715","6715","6715","0","6580","6715","135","110","111","1","0","no-cache, no-store, must-revalidate, pre-check=0, post-check=0","Tue, 31 Mar 1981 05:00:00 GMT","","",
"","65","","","","-1","-1","","Document","3","-1","-1","text/html; charset=utf-8","","1","","-1","-1","https://platform.twitter.com/jot.html","-1","-1","200","-1","","","438","","0","","","181105_G4_G","-1","55","-1","100","","80","6715","-1","GET","80","","","0.142.1","-1","-1","platform.twitter.com","100","-1","","-1","6715","/jot.html","-1","","Edgecast","6780","6715","6770","6770","6780","10","6715","6780","65","111","112","1","0","public, max-age=315360000","","","",
"141.211.243.251","168","http/1.1","9373","","-1","100","low","Image","3","-1","-1","image/jpeg","","1","","-1","-1","https://umich.edu/skins/um2013/media/images/CampusSafetyLogo.jpg","-1","-1","200","-1","0","","9707","59","449","","","181105_G4_G","-1","24","-1","-1","","9373","6896","-1","GET","9373","","","0.113","-1","-1","umich.edu","100","-1","https://umich.edu/","11","4192","/skins/um2013/media/images/CampusSafetyLogo.jpg","-1","","","7064","6896","6920","6920","7064","144","6896","7064","168","112","113","1","0","no-cache, must-revalidate","Sun, 18 Nov 2018 19:54:35 EST","1","50",
"141.211.243.251","49","http/1.1","7897","","-1","100","low","Image","3","-1","-1","image/png","","1","","-1","-1","https://umich.edu/skins/um2013/media/images/umich-logo.png","-1","-1","200","-1","0","","8185","756","443","","","181105_G4_G","-1","27","-1","-1","","7897","7045","-1","GET","7897","","","0.127","-1","-1","umich.edu","100","-1","https://umich.edu/","11","4533","/skins/um2013/media/images/umich-logo.png","-1","","","7094","7045","7072","7072","7094","22","7045","7094","49","113","114","1","0","no-cache, must-revalidate","Sun, 18 Nov 2018 19:54:35 EST","","",
"141.211.243.251","1752","http/1.1","543633","","-1","100","low","Image","3","-1","-1","image/jpeg","","1","","-1","-1","https://umich.edu/includes/image/type/features/id/469/name/Law-Library-at-night-gateway.jpg/width/2500/","-1","-1","200","-1","0","","544054","756","488","","","181105_G4_G","-1","41","-1","0","0","543633","7061","-1","GET","543633","","","0.128","-1","-1","umich.edu","100","-1","https://umich.edu/","13","4535","/includes/image/type/features/id/469/name/Law-Library-at-night-gateway.jpg/width/2500/","0","","","8813","7061","7102","7102","8813","1711","7061","8813","1752","114","115","1","0","public","Sun, 18 Nov 2018 19:54:35 EST","1","0",
"141.211.243.251","397","http/1.1","191983","","-1","100","low","Image","3","-1","-1","image/jpeg","","1","","-1","-1","https://umich.edu/includes/image/type/features/id/457/name/41696566621_696882186c_o.jpg/width/2500/","-1","-1","200","-1","0","","192400","378","557","","","181105_G4_G","-1","27","-1","0","0","191983","7066","-1","GET","191983","","716","0.138","-1","-1","umich.edu","100","-1","https://umich.edu/skins/um2013/scripts/skin.js?1540387203","12","5144","/includes/image/type/features/id/457/name/41696566621_696882186c_o.jpg/width/2500/","0","","","7463","7066","7093","7093","7463","370","7066","7463","397","115","116","1","0","public","Sun, 18 Nov 2018 19:54:35 EST","1","0",
"141.211.243.251","416","http/1.1","243735","","-1","100","low","Image","3","-1","-1","image/jpeg","","1","","-1","-1","https://umich.edu/includes/image/type/features/id/451/name/StStrat-BlavinSchlr-122.jpg/width/2500/","-1","-1","200","-1","0","","244151","378","556","","","181105_G4_G","-1","25","-1","0","0","243735","7071","-1","GET","243735","","732","0.137","-1","-1","umich.edu","100","-1","https://umich.edu/skins/um2013/scripts/skin.js?1540387203","11","5134","/includes/image/type/features/id/451/name/StStrat-BlavinSchlr-122.jpg/width/2500/","0","","","7487","7071","7096","7096","7487","391","7071","7487","416","116","117","1","0","public","Sun, 18 Nov 2018 19:54:35 EST","1","0",
"141.211.243.251","75","http/1.1","11950","","-1","100","low","Image","3","-1","-1","image/png","","1","","-1","-1","https://umich.edu/media/images/infographics/schools-colleges.png","-1","-1","200","-1","0","","12283","756","449","","","181105_G4_G","-1","26","-1","-1","","11950","7077","-1","GET","11950","","","0.129","-1","-1","umich.edu","100","-1","https://umich.edu/","11","4536","/media/images/infographics/schools-colleges.png","-1","","","7152","7077","7103","7103","7152","49","7077","7152","75","117","118","1","0","no-cache, must-revalidate","Sun, 18 Nov 2018 19:54:35 EST","","",
"141.211.243.251","712","http/1.1","503579","","-1","100","low","Image","3","-1","-1","image/jpeg","","1","","-1","-1","https://umich.edu/includes/image/type/features/id/455/name/AnyaSirota.jpg/width/2500/","-1","-1","200","-1","0","","503982","378","543","","","181105_G4_G","-1","34","-1","0","0","503579","7102","-1","GET","503579","","716","0.139","-1","-1","umich.edu","100","-1","https://umich.edu/skins/um2013/scripts/skin.js?1540387203","10","5145","/includes/image/type/features/id/455/name/AnyaSirota.jpg/width/2500/","0","","","7814","7102","7136","7136","7814","678","7102","7814","712","118","119","1","0","public","Sun, 18 Nov 2018 19:54:35 EST","1","0",
"141.211.243.251","68","http/1.1","9675","","-1","100","low","Image","3","-1","-1","image/jpeg","","1","","-1","-1","https://umich.edu/includes/image/type/features/id/467/name/gateway-rna.jpg/width/160/","-1","-1","200","-1","0","","10078","756","470","","","181105_G4_G","-1","31","-1","0","0","9675","7119","-1","GET","9675","","","0.130","-1","-1","umich.edu","100","-1","https://umich.edu/","10","4537","/includes/image/type/features/id/467/name/gateway-rna.jpg/width/160/","0","","","7187","7119","7150","7150","7187","37","7119","7187","68","119","120","1","0","public","Sun, 18 Nov 2018 19:54:35 EST","1","50",
"141.211.243.251","342","http/1.1","","","-1","-1","high","Document","3","7","129","text/html; charset=utf-8","0","1","","100","40","https://umich.edu/","8","40","200","89","","1","10928","","449","","gzip","181105_G4_G","15","73","18","-1","","48805","129","22","GET","10559","10559","","0.2","-1","-1","umich.edu","100","-1","","1","0","/","-1","","","471","129","202","202","471","269","7","471","461","0","1","1","1","","","","",
"141.211.243.251","472","http/1.1","11607","","-1","100","low","Image","3","-1","-1","image/jpeg","","1","","-1","-1","https://umich.edu/includes/image/type/gallery/id/106/name/ResearchDIL-19Aug14_DM%28007%29.jpg/width/152/height/152/mode/minfit/","-1","-1","200","-1","0","","12034","59","585","","","181105_G4_G","-1","111","-1","0","0","11607","492","-1","GET","11607","","","0.13","-1","-1","umich.edu","100","-1","https://umich.edu/","1","491","/includes/image/type/gallery/id/106/name/ResearchDIL-19Aug14_DM%28007%29.jpg/width/152/height/152/mode/minfit/","0","","","964","492","603","603","964","361","492","964","472","1","2","1","1","public","Sun, 18 Nov 2018 19:54:53 EST","1","0",
"141.211.243.251","351","http/1.1","12558","","-1","100","low","Image","3","-1","-1","image/jpeg","","1","","-1","-1","https://umich.edu/includes/image/type/gallery/id/32/name/DIL24Oct11-Slideshow_PS%28026%29.jpg/width/152/height/152/mode/minfit/","-1","-1","200","-1","0","","12986","59","585","","","181105_G4_G","-1","34","-1","0","0","12558","618","-1","GET","12558","","","0.19","-1","-1","umich.edu","100","-1","https://umich.edu/","1","493","/includes/image/type/gallery/id/32/name/DIL24Oct11-Slideshow_PS%28026%29.jpg/width/152/height/152/mode/minfit/","0","","","969","618","652","652","969","317","618","969","351","2","3","1","1","public","Sun, 18 Nov 2018 19:54:54 EST","1","0",
"141.211.243.251","278","http/1.1","9998","","-1","100","low","Image","3","-1","-1","image/jpeg","","1","","-1","-1","https://umich.edu/includes/image/type/gallery/id/116/name/ResearchDIL-19Aug14_DM%28204%29.jpg/width/152/height/152/mode/minfit/","-1","-1","200","-1","0","","10425","59","585","","","181105_G4_G","-1","44","-1","0","0","9998","694","-1","GET","9998","","","0.21","-1","-1","umich.edu","100","-1","https://umich.edu/","1","494","/includes/image/type/gallery/id/116/name/ResearchDIL-19Aug14_DM%28204%29.jpg/width/152/height/152/mode/minfit/","0","","","972","694","738","738","972","234","694","972","278","3","4","1","1","public","Sun, 18 Nov 2018 19:54:54 EST","1","50",
"141.211.243.251","323","http/1.1","11708","","-1","100","low","Image","3","604","759","image/jpeg","","1","","-1","653","https://umich.edu/includes/image/type/gallery/id/72/name/DIL-6Aug13-Slideshow%28030%29.jpg/width/152/height/152/mode/minfit/","28","653","200","106","0","","12133","59","582","","","181105_G4_G","632","56","633","0","0","11708","760","20","GET","11708","","","0.16","-1","-1","umich.edu","100","-1","https://umich.edu/","3","492","/includes/image/type/gallery/id/72/name/DIL-6Aug13-Slideshow%28030%29.jpg/width/152/height/152/mode/minfit/","0","","","1083","760","816","816","1083","267","604","1083","477","4","5","1","1","public","Sun, 18 Nov 2018 19:54:54 EST","1","0",
"141.211.243.251","322","http/1.1","13266","","-1","100","low","Image","3","512","762","image/jpeg","","1","","-1","654","https://umich.edu/includes/image/type/gallery/id/7/name/DIL-17Apr12-Slideshow%28024%29.jpg/width/152/height/152/mode/minfit/","116","654","200","108","0","","13692","59","582","","","181105_G4_G","628","74","633","0","0","13266","762","21","GET","13266","","","0.15","-1","-1","umich.edu","100","-1","https://umich.edu/","4","491","/includes/image/type/gallery/id/7/name/DIL-17Apr12-Slideshow%28024%29.jpg/width/152/height/152/mode/minfit/","0","","","1084","762","836","836","1084","248","512","1084","567","5","6","1","1","public","Sun, 18 Nov 2018 19:54:54 EST","1","0",
"141.211.243.251","209","http/1.1","7344","","-1","100","low","Image","3","500","764","image/jpeg","","1","","-1","656","https://umich.edu/includes/image/type/gallery/id/110/name/ResearchDIL-19Aug14_DM%28074%29.jpg/width/152/height/152/mode/minfit/","131","656","200","108","0","","7722","59","585","","","181105_G4_G","631","81","635","0","0","7344","764","21","GET","7344","","","0.14","-1","-1","umich.edu","100","-1","https://umich.edu/","2","491","/includes/image/type/gallery/id/110/name/ResearchDIL-19Aug14_DM%28074%29.jpg/width/152/height/152/mode/minfit/","0","","","973","764","845","845","973","128","500","973","469","6","7","1","1","public","Sun, 18 Nov 2018 19:54:54 EST","1","50",
"141.211.243.251","573","http/1.1","16277","","-1","100","low","Image","3","-1","-1","image/jpeg","","1","","-1","-1","https://umich.edu/includes/image/type/gallery/id/46/name/DIL24Oct11-Slideshow_PS%28047%29.jpg/width/152/height/152/mode/minfit/","-1","-1","200","-1","0","","16705","59","585","","","181105_G4_G","-1","29","-1","0","0","16277","790","-1","GET","16277","","","0.22","-1","-1","umich.edu","100","-1","https://umich.edu/","1","494","/includes/image/type/gallery/id/46/name/DIL24Oct11-Slideshow_PS%28047%29.jpg/width/152/height/152/mode/minfit/","0","","","1363","790","819","819","1363","544","790","1363","573","7","8","1","1","public","Sun, 18 Nov 2018 19:54:54 EST","1","0",
"141.211.243.251","532","http/1.1","14679","","-1","100","low","Image","3","-1","-1","image/jpeg","","1","","-1","-1","https://umich.edu/includes/image/type/gallery/id/48/name/DIL24Oct11-Slideshow_PS%28052%29.jpg/width/152/height/152/mode/minfit/","-1","-1","200","-1","0","","15107","59","585","","","181105_G4_G","-1","92","-1","0","0","14679","829","-1","GET","14679","","","0.23","-1","-1","umich.edu","100","-1","https://umich.edu/","2","495","/includes/image/type/gallery/id/48/name/DIL24Oct11-Slideshow_PS%28052%29.jpg/width/152/height/152/mode/minfit/","0","","","1361","829","921","921","1361","440","829","1361","532","8","9","1","1","public","Sun, 18 Nov 2018 19:54:54 EST","1","0",
"141.211.243.251","457","http/1.1","3724","","-1","100","low","Image","3","-1","-1","image/png","","1","","-1","-1","https://umich.edu/includes/panels/gallery/images/block-m-maize.png","-1","-1","200","-1","0","","4012","59","574","","","181105_G4_G","-1","89","-1","-1","","3724","908","-1","GET","3724","","","0.11","-1","-1","umich.edu","100","-1","https://umich.edu/","3","485","/includes/panels/gallery/images/block-m-maize.png","-1","","","1365","908","997","997","1365","368","908","1365","457","9","10","1","1","no-cache, must-revalidate","Sun, 18 Nov 2018 19:54:54 EST","","",
"141.211.243.251","458","http/1.1","19610","","-1","100","low","Image","3","-1","-1","image/png","","1","","-1","-1","https://umich.edu/includes/panels/gallery/images/24-hours.png","-1","-1","200","-1","0","","19943","59","569","","","181105_G4_G","-1","89","-1","-1","","19610","908","-1","GET","19610","","","0.12","-1","-1","umich.edu","100","-1","https://umich.edu/","4","485","/includes/panels/gallery/images/24-hours.png","-1","","","1366","908","997","997","1366","369","908","1366","458","10","11","1","1","no-cache, must-revalidate","Sun, 18 Nov 2018 19:54:54 EST","","",
"141.211.243.251","446","http/1.1","9373","","-1","100","low","Image","3","-1","-1","image/jpeg","","1","","-1","-1","https://umich.edu/skins/um2013/media/images/CampusSafetyLogo.jpg","-1","-1","200","-1","0","","9707","59","572","","","181105_G4_G","-1","37","-1","-1","","9373","926","-1","GET","9373","","","0.44","-1","-1","umich.edu","100","-1","https://umich.edu/","1","499","/skins/um2013/media/images/CampusSafetyLogo.jpg","-1","","","1372","926","963","963","1372","409","926","1372","446","11","12","1","1","no-cache, must-revalidate","Sun, 18 Nov 2018 19:54:54 EST","1","50",
"141.211.243.251","441","http/1.1","9110","","-1","100","low","Image","3","-1","-1","image/png","","1","","-1","-1","https://umich.edu/skins/um2013/media/images/trans_reporting_logo.png","-1","-1","200","-1","0","","9443","59","576","","","181105_G4_G","-1","30","-1","-1","","9110","927","-1","GET","9110","","","0.43","-1","-1","umich.edu","100","-1","https://umich.edu/","2","499","/skins/um2013/media/images/trans_reporting_logo.png","-1","","","1368","927","957","957","1368","411","927","1368","441","12","13","1","1","no-cache, must-revalidate","Sun, 18 Nov 2018 19:54:54 EST","","",
"141.211.243.251","293","http/1.1","7897","","-1","100","low","Image","3","-1","-1","image/png","","1","","-1","-1","https://umich.edu/skins/um2013/media/images/umich-logo.png","-1","-1","200","-1","0","","8185","756","566","","","181105_G4_G","-1","32","-1","-1","","7897","1077","-1","GET","7897","","","0.53","-1","-1","umich.edu","100","-1","https://umich.edu/","3","672","/skins/um2013/media/images/umich-logo.png","-1","","","1370","1077","1109","1109","1370","261","1077","1370","293","13","14","1","1","no-cache, must-revalidate","Sun, 18 Nov 2018 19:54:54 EST","","",
"141.211.243.251","293","http/1.1","11950","","-1","100","low","Image","3","-1","-1","image/png","","1","","-1","-1","https://umich.edu/media/images/infographics/schools-colleges.png","-1","-1","200","-1","0","","12283","756","572","","","181105_G4_G","-1","28","-1","-1","","11950","1078","-1","GET","11950","","","0.55","-1","-1","umich.edu","100","-1","https://umich.edu/","4","674","/media/images/infographics/schools-colleges.png","-1","","","1371","1078","1106","1106","1371","265","1078","1371","293","14","15","1","1","no-cache, must-revalidate","Sun, 18 Nov 2018 19:54:54 EST","","",
"173.194.223.100","361","h2","35","","-1","100","low","Image","3","994","1290","image/gif","","1","","-1","1052","https://www.google-analytics.com/collect?v=1&_v=j71&aip=1&a=993414767&t=pageview&_s=1&dl=https%3A%2F%2Fumich.edu%2F&ul=en-us&de=UTF-8&dt=University%20of%20Michigan&sd=32-bit&sr=375x667&vp=375x603&je=0&_u=QACAAEAB~&jid=&gjid=&cid=94236667.1541379273&tid=UA-725196-12&_gid=1303236154.1541379273&z=1380646945","2","1052","200","238","0","","394","14","408","","","181105_G4_G","996","96","997","100","","35","1304","55","GET","35","","84","0.59","-1","-1","www.google-analytics.com","100","-1","https://www.google-analytics.com/analytics.js","5","948","/collect?v=1&_v=j71&aip=1&a=993414767&t=pageview&_s=1&dl=https%3A%2F%2Fumich.edu%2F&ul=en-us&de=UTF-8&dt=University%20of%20Michigan&sd=32-bit&sr=375x667&vp=375x603&je=0&_u=QACAAEAB~&jid=&gjid=&cid=94236667.1541379273&tid=UA-725196-12&_gid=1303236154.1541379273&z=1380646945","-1","","Google","1665","1304","1400","1400","1665","265","994","1665","656","15","16","1","1","no-cache, no-store, must-revalidate","Mon, 01 Jan 1990 00:00:00 GMT","","",
"","481","","","","-1","-1","","Document","3","-1","-1","text/html;charset=utf-8","","1","","-1","-1","https://syndication.twitter.com/i/jot","-1","-1","302","-1","","","629","","0","","","181105_G4_G","-1","481","-1","-1","","0","2291","-1","POST","0","","","0.73","-1","-1","syndication.twitter.com","-1","-1","","-1","2291","/i/jot","-1","","","2772","2291","2772","2772","2772","0","2291","2772","481","16","17","1","1","no-cache, no-store, must-revalidate, pre-check=0, post-check=0","Tue, 31 Mar 1981 05:00:00 GMT","","",
"","165","","","","-1","-1","","Document","3","-1","-1","text/html; charset=utf-8","","1","","-1","-1","https://platform.twitter.com/jot.html","-1","-1","200","-1","","","438","","0","","","181105_G4_G","-1","151","-1","100","","80","2772","-1","GET","80","","","0.73.1","-1","-1","platform.twitter.com","100","-1","","-1","2772","/jot.html","-1","","Edgecast","2937","2772","2923","2923","2937","14","2772","2937","165","17","18","1","1","public, max-age=315360000","","","",
