"ip_addr","load_ms","image_total","minify_save","score_cookies","score_compress","requestType","type","dns_start","ssl_end","contentType","gzip_save","is_secure","server_count","score_gzip","ssl_start","full_url","dns_ms","connect_end","responseCode","ssl_ms","image_save","bytesIn","initiator_line","bytesOut","minify_total","id","dns_end","ttfb_ms","connect_start","score_cdn","cache_time","objectSizeUncompressed","load_start","connect_ms","method","objectSize","gzip_total","initiator_column","request_id","score_combine","score_etags","host","score_keep-alive","score_minify","initiator","socket","created","url","score_cache","server_rtt","cdn_provider","load_end","ttfb_start","ttfb_end","download_start","download_end","download_ms","all_start","all_end","all_ms","index","number","run","cached","cacheControl","expires","protocol","priority","is_base_page","contentEncoding","jpeg_scan_count","score_progressive_jpeg",
"","323","","","-1","-1","Document","3","-1","-1","text/html","","1","","-1","-1","https://youtube.com/","-1","-1","301","-1","","290","","0","","181105_4J_2","-1","323","-1","-1","","0","0","-1","GET","0","","","0.2","-1","-1","youtube.com","-1","-1","","-1","0","/","-1","","","323","0","323","323","323","0","0","323","323","0","1","1","0","","","","","","","","",
"","359","","","-1","-1","Document","3","-1","-1","text/html; charset=utf-8","","1","","-1","-1","https://www.youtube.com/","-1","-1","302","-1","","675","","0","","181105_4J_2","-1","359","-1","-1","","0","323","-1","GET","0","","","0.2.1","-1","-1","www.youtube.com","-1","-1","","-1","323","/","-1","","","682","323","682","682","682","0","323","682","359","1","2","1","0","no-cache","Tue, 27 Apr 1971 19:44:06 EST","","","","","","",
"108.177.104.101","1150","","","-1","-1","Document","3","-1","-1","text/html; charset=utf-8","0","1","","100","-1","https://m.youtube.com/","-1","-1","200","-1","","14334","","575","","181105_4J_2","-1","405","-1","100","","59786","682","-1","GET","13147","13147","","0.2.2","-1","-1","m.youtube.com","100","-1","","1","682","/","-1","","Google","1832","682","1087","1087","1832","745","682","1832","1150","2","3","1","0","no-cache","Tue, 27 Apr 1971 19:44:06 EST","h2","high","1","br","","",
"108.177.104.101","176","","","-1","-1","Stylesheet","3","-1","-1","text/css","0","1","","100","-1","https://m.youtube.com/yts/cssbin/mobile-c3-light-2x-vflpLpc7o.css","-1","-1","200","-1","","14534","409","146","","181105_4J_2","-1","149","-1","100","31309081","97952","1847","-1","GET","14086","14086","","0.3","-1","-1","m.youtube.com","100","-1","https://m.youtube.com/","1","1844","/yts/cssbin/mobile-c3-light-2x-vflpLpc7o.css","100","","Google","2023","1847","1996","1996","2023","27","1847","2023","176","3","4","1","0","public, max-age=31536000","Sat, 02 Nov 2019 09:27:16 GMT","h2","high","","gzip","","",
"108.177.104.101","199","","","-1","-1","Script","3","-1","-1","text/javascript","0","1","","100","-1","https://m.youtube.com/yts/jsbin/mobile-c3-vflFjOsD9/mobile-c3.js","-1","-1","200","-1","","86158","409","52","","181105_4J_2","-1","57","-1","100","454771","268380","1849","-1","GET","85705","85705","","0.9","-1","-1","m.youtube.com","100","-1","https://m.youtube.com/","1","1848","/yts/jsbin/mobile-c3-vflFjOsD9/mobile-c3.js","50","","Google","2048","1849","1906","1906","2048","142","1849","2048","199","4","5","1","0","public, max-age=691200","Sat, 10 Nov 2018 06:48:46 GMT","h2","high","","gzip","","",
"74.125.30.119","256","62560","","-1","95","Image","3","-1","-1","image/jpeg","","1","","-1","-1","https://i.ytimg.com/vi/WS7GhAp-fGM/hq720.jpg?sqp=-oaymwEhCK4FEIIDSFryq4qpAxMIARUAAAAAGAElAADIQj0AgKJD&rs=AOn4CLC8rm2ipEXe2y7I-HfkeFA8KwY8hA","-1","-1","200","-1","2684","62933","409","111","","181105_4J_2","-1","50","-1","100","4442","62560","2061","-1","GET","62560","","","0.5","-1","-1","i.ytimg.com","100","-1","https://m.youtube.com/","3","1845","/vi/WS7GhAp-fGM/hq720.jpg?sqp=-oaymwEhCK4FEIIDSFryq4qpAxMIARUAAAAAGAElAADIQj0AgKJD&rs=AOn4CLC8rm2ipEXe2y7I-HfkeFA8KwY8hA","50","","Google","2317","2061","2111","2111","2317","206","2061","2317","256","5","6","1","0","public, max-age=7200","Mon, 05 Nov 2018 01:43:17 GMT","h2","low","","","1","0",
"74.125.30.119","274","28446","","-1","100","Image","3","1849","2059","image/jpeg","","1","","-1","1932","https://i.ytimg.com/vi/3dWYmg-F7RU/hq720.jpg?sqp=-oaymwEhCK4FEIIDSFryq4qpAxMIARUAAAAAGAElAADIQj0AgKJD&rs=AOn4CLD9W_gPYmHSO_d28LAbPFY1XiTJVA","32","1932","200","127","0","28819","409","292","","181105_4J_2","1881","192","1882","100","394","28446","2061","50","GET","28446","","","0.4","-1","-1","i.ytimg.com","100","-1","https://m.youtube.com/","3","1845","/vi/3dWYmg-F7RU/hq720.jpg?sqp=-oaymwEhCK4FEIIDSFryq4qpAxMIARUAAAAAGAElAADIQj0AgKJD&rs=AOn4CLD9W_gPYmHSO_d28LAbPFY1XiTJVA","0","","Google","2335","2061","2253","2253","2335","82","1849","2335","483","6","7","1","0","public, max-age=7200","Mon, 05 Nov 2018 00:35:49 GMT","h2","low","","","1","0",
"74.125.30.119","419","109943","","-1","91","Image","3","-1","-1","image/jpeg","","1","","-1","-1","https://i.ytimg.com/vi/_QspToZLlQo/hq720.jpg?sqp=-oaymwEhCK4FEIIDSFryq4qpAxMIARUAAAAAGAElAADIQj0AgKJD&rs=AOn4CLDTaQBWra3tw92sjrRbwpWS49guug","-1","-1","200","-1","9756","110317","409","111","","181105_4J_2","-1","192","-1","100","209","109943","2062","-1","GET","109943","","","0.6","-1","-1","i.ytimg.com","100","-1","https://m.youtube.com/","3","1846","/vi/_QspToZLlQo/hq720.jpg?sqp=-oaymwEhCK4FEIIDSFryq4qpAxMIARUAAAAAGAElAADIQj0AgKJD&rs=AOn4CLDTaQBWra3tw92sjrRbwpWS49guug","0","","Google","2481","2062","2254","2254","2481","227","2062","2481","419","7","8","1","0","public, max-age=7200","Mon, 05 Nov 2018 00:32:44 GMT","h2","low","","","1","0",
"173.194.78.94","197","","","-1","-1","Font","3","1852","2134","font/woff2","","1","","-1","1961","https://fonts.gstatic.com/s/roboto/v18/KFOmCnqEu92Fr1Mu4mxKKTU1Kg.woff2","58","1961","200","173","","11155","409","185","","181105_4J_2","1910","77","1911","100","31259692","10748","2135","50","GET","10748","","","0.7","-1","-1","fonts.gstatic.com","100","-1","https://m.youtube.com/","2","1847","/s/roboto/v18/KFOmCnqEu92Fr1Mu4mxKKTU1Kg.woff2","100","","Google","2332","2135","2212","2212","2332","120","1852","2332","478","8","9","1","0","public, max-age=31536000","Fri, 01 Nov 2019 19:44:07 GMT","h2","medium","","","","",
"173.194.78.94","101","","","-1","-1","Font","3","-1","-1","font/woff2","","1","","-1","-1","https://fonts.gstatic.com/s/roboto/v18/KFOlCnqEu92Fr1MmEU9fBBc4AMP6lQ.woff2","-1","-1","200","-1","","11195","409","49","","181105_4J_2","-1","76","-1","100","31259693","10788","2136","-1","GET","10788","","","0.8","-1","-1","fonts.gstatic.com","100","-1","https://m.youtube.com/","2","1848","/s/roboto/v18/KFOlCnqEu92Fr1MmEU9fBBc4AMP6lQ.woff2","100","","Google","2237","2136","2212","2212","2237","25","2136","2237","101","9","10","1","0","public, max-age=31536000","Fri, 01 Nov 2019 19:44:08 GMT","h2","medium","","","","",
"","498","","","-1","-1","XHR","3","-1","-1","text/html; charset=UTF-8","","1","","-1","-1","https://googleads.g.doubleclick.net/pagead/id","-1","-1","302","-1","","837","482","0","","181105_4J_2","-1","498","-1","-1","","0","2147","-1","GET","0","","498","0.10","-1","-1","googleads.g.doubleclick.net","-1","-1","https://m.youtube.com/yts/jsbin/mobile-c3-vflFjOsD9/mobile-c3.js","-1","2147","/pagead/id","-1","","","2645","2147","2645","2645","2645","0","2147","2645","498","10","11","1","0","no-cache, no-store, must-revalidate","Fri, 01 Jan 1990 00:00:00 GMT","","","","","","",
"","565","","","-1","-1","Document","3","-1","-1","text/html; charset=UTF-8","0","1","","100","-1","https://accounts.google.com/ServiceLogin?continue=https%3A%2F%2Fm.youtube.com%2Fsignin%3Fapp%3Dm%26noapp%3D1%26hl%3Den%26next%3Dhttps%253A%252F%252Fm.youtube.com%252Fsignin_passive%26action_handle_signin%3Dtrue%26feature%3Dmobile_passive&service=youtube&hl=en&passive=true&uilel=3&ltmpl=mobile","-1","-1","200","-1","","0","","0","","181105_4J_2","-1","565","-1","100","","0","2188","-1","GET","0","0","","0.11","-1","-1","accounts.google.com","100","-1","","-1","2188","/ServiceLogin?continue=https%3A%2F%2Fm.youtube.com%2Fsignin%3Fapp%3Dm%26noapp%3D1%26hl%3Den%26next%3Dhttps%253A%252F%252Fm.youtube.com%252Fsignin_passive%26action_handle_signin%3Dtrue%26feature%3Dmobile_passive&service=youtube&hl=en&passive=true&uilel=3&ltmpl=mobile","-1","","Google","2753","2188","2753","2753","2753","0","2188","2753","565","11","12","1","0","no-cache, no-store, max-age=0, must-revalidate","Mon, 01 Jan 1990 00:00:00 GMT","","","","gzip","","",
"64.233.180.155","71","","","-1","-1","","3","-1","-1","application/json; charset=UTF-8","0","1","","100","-1","https://googleads.g.doubleclick.net/pagead/id?slf_rd=1","-1","-1","200","-1","","973","419","211","","181105_4J_2","-1","69","-1","100","","100","2644","-1","GET","120","120","","0.10.1","-1","-1","googleads.g.doubleclick.net","100","-1","https://m.youtube.com/","4","2644","/pagead/id?slf_rd=1","-1","","Google","2715","2644","2713","2713","2715","2","2644","2715","71","12","13","1","0","no-cache, no-store, must-revalidate","Fri, 01 Jan 1990 00:00:00 GMT","h2","medium","","gzip","","",
"","683","","","-1","-1","Image","3","-1","-1","text/html; charset=UTF-8","","1","","-1","-1","https://ad.doubleclick.net/ddm/ad/N624.127733GOOGLE-YOUTUBE/B21689109.231615411;sz=1x1;ord=1812723820;dc_lat=;dc_rdid=;tag_for_child_directed_treatment=;tfua=?","-1","-1","302","-1","","710","597","0","","181105_4J_2","-1","683","-1","-1","","0","2782","-1","GET","0","","2","0.13","-1","-1","ad.doubleclick.net","-1","-1","https://m.youtube.com/yts/jsbin/mobile-c3-vflFjOsD9/mobile-c3.js","-1","2782","/ddm/ad/N624.127733GOOGLE-YOUTUBE/B21689109.231615411;sz=1x1;ord=1812723820;dc_lat=;dc_rdid=;tag_for_child_directed_treatment=;tfua=","-1","","","3465","2782","3465","3465","3465","0","2782","3465","683","13","14","1","0","no-cache, must-revalidate","Fri, 01 Jan 1990 00:00:00 GMT","","","","","","",
"108.177.104.101","309","","","-1","-1","Script","3","-1","-1","text/javascript","0","1","","100","-1","https://m.youtube.com/yts/jsbin/player-plasma-ias-phone-en_US-vflCapfKX/base.js","-1","-1","200","-1","","293228","78","59","","181105_4J_2","-1","67","-1","100","454630","868500","2816","-1","GET","292774","292774","34","0.17","-1","-1","m.youtube.com","100","-1","https://m.youtube.com/","1","2815","/yts/jsbin/player-plasma-ias-phone-en_US-vflCapfKX/base.js","50","","Google","3125","2816","2883","2883","3125","242","2816","3125","309","14","15","1","0","public, max-age=691200","Sat, 10 Nov 2018 06:46:26 GMT","h2","high","","gzip","","",
"108.177.104.101","233","","","-1","-1","Stylesheet","3","-1","-1","text/css","0","1","","100","-1","https://m.youtube.com/yts/cssbin/mobile-polymer-player-ias-mweb-2x-vfliEVKL6.css","-1","-1","200","-1","","55895","79","59","","181105_4J_2","-1","73","-1","100","31186682","334907","2817","-1","GET","55447","55447","34","0.18","-1","-1","m.youtube.com","100","-1","https://m.youtube.com/","1","2816","/yts/cssbin/mobile-polymer-player-ias-mweb-2x-vfliEVKL6.css","100","","Google","3050","2817","2890","2890","3050","160","2817","3050","233","15","16","1","0","public, max-age=31536000","Thu, 31 Oct 2019 23:27:18 GMT","h2","high","","gzip","","",
"74.125.30.119","200","39475","","-1","100","Image","3","-1","-1","image/jpeg","","1","","-1","-1","https://i.ytimg.com/vi/1BvPnx4VP_w/hq720.jpg?sqp=-oaymwEhCK4FEIIDSFryq4qpAxMIARUAAAAAGAElAADIQj0AgKJD&rs=AOn4CLCdy-Nc0K0tqEIpkbTXY6cxlQEELw","-1","-1","200","-1","0","39848","157","112","","181105_4J_2","-1","138","-1","100","2008","39475","2927","-1","GET","39475","","49","0.19","-1","-1","i.ytimg.com","100","-1","https://m.youtube.com/yts/jsbin/mobile-c3-vflFjOsD9/mobile-c3.js","3","2919","/vi/1BvPnx4VP_w/hq720.jpg?sqp=-oaymwEhCK4FEIIDSFryq4qpAxMIARUAAAAAGAElAADIQj0AgKJD&rs=AOn4CLCdy-Nc0K0tqEIpkbTXY6cxlQEELw","0","","Google","3127","2927","3065","3065","3127","62","2927","3127","200","16","17","1","0","public, max-age=7200","Mon, 05 Nov 2018 01:02:44 GMT","h2","low","","","1","0",
"74.125.30.119","193","53435","","-1","91","Image","3","-1","-1","image/jpeg","","1","","-1","-1","https://i.ytimg.com/vi/_W_i6jNOvFI/hq720.jpg?sqp=-oaymwEhCK4FEIIDSFryq4qpAxMIARUAAAAAGAElAADIQj0AgKJD&rs=AOn4CLA3hcRtaZOFl2RUNbw6OS1lJEc1Rw","-1","-1","200","-1","4387","53807","157","111","","181105_4J_2","-1","86","-1","100","6880","53435","2928","-1","GET","53435","","49","0.21","-1","-1","i.ytimg.com","100","-1","https://m.youtube.com/yts/jsbin/mobile-c3-vflFjOsD9/mobile-c3.js","3","2922","/vi/_W_i6jNOvFI/hq720.jpg?sqp=-oaymwEhCK4FEIIDSFryq4qpAxMIARUAAAAAGAElAADIQj0AgKJD&rs=AOn4CLA3hcRtaZOFl2RUNbw6OS1lJEc1Rw","50","","Google","3121","2928","3014","3014","3121","107","2928","3121","193","17","18","1","0","public, max-age=7200","Mon, 05 Nov 2018 02:23:56 GMT","h2","low","","","1","0",
"74.125.30.119","200","44955","","-1","94","Image","3","-1","-1","image/jpeg","","1","","-1","-1","https://i.ytimg.com/vi/zVq36yhpxzU/hqdefault.jpg?v=5ba83fff","-1","-1","200","-1","2312","45327","157","47","","181105_4J_2","-1","65","-1","100","6548","44955","2930","-1","GET","44955","","49","0.23","-1","-1","i.ytimg.com","100","-1","https://m.youtube.com/yts/jsbin/mobile-c3-vflFjOsD9/mobile-c3.js","3","2924","/vi/zVq36yhpxzU/hqdefault.jpg?v=5ba83fff","50","","Google","3130","2930","2995","2995","3130","135","2930","3130","200","18","19","1","0","public, max-age=7200","Mon, 05 Nov 2018 02:18:24 GMT","h2","low","","","1","0",
"74.125.30.119","157","49397","","-1","100","Image","3","-1","-1","image/jpeg","","1","","-1","-1","https://i.ytimg.com/vi/fymM6VcMwoI/hq720.jpg?sqp=-oaymwEhCK4FEIIDSFryq4qpAxMIARUAAAAAGAElAADIQj0AgKJD&rs=AOn4CLDMNedjUAuy9xhtWmWqcYeKQj2WzA","-1","-1","200","-1","0","49769","157","112","","181105_4J_2","-1","94","-1","100","6607","49397","2972","-1","GET","49397","","49","0.25","-1","-1","i.ytimg.com","100","-1","https://m.youtube.com/yts/jsbin/mobile-c3-vflFjOsD9/mobile-c3.js","3","2971","/vi/fymM6VcMwoI/hq720.jpg?sqp=-oaymwEhCK4FEIIDSFryq4qpAxMIARUAAAAAGAElAADIQj0AgKJD&rs=AOn4CLDMNedjUAuy9xhtWmWqcYeKQj2WzA","50","","Google","3129","2972","3066","3066","3129","63","2972","3129","157","19","20","1","0","public, max-age=7200","Mon, 05 Nov 2018 02:19:23 GMT","h2","low","","","1","0",
"108.177.103.132","91","1769","","-1","100","Image","3","-1","-1","image/jpeg","","1","","-1","-1","https://yt3.ggpht.com/-gkkNqtH5VfA/AAAAAAAAAAI/AAAAAAAAAAA/EFPu-HqSUxs/s68-c-k-no-mo-rj-c0xffffff/photo.jpg","-1","-1","200","-1","0","2228","157","81","","181105_4J_2","-1","57","-1","100","75004","1769","3282","-1","GET","1769","","49","0.20","-1","-1","yt3.ggpht.com","100","-1","https://m.youtube.com/yts/jsbin/mobile-c3-vflFjOsD9/mobile-c3.js","5","2920","/-gkkNqtH5VfA/AAAAAAAAAAI/AAAAAAAAAAA/EFPu-HqSUxs/s68-c-k-no-mo-rj-c0xffffff/photo.jpg","50","","Google","3373","3282","3339","3339","3373","34","3282","3373","91","20","21","1","0","public, max-age=86400, no-transform","Mon, 05 Nov 2018 17:17:49 GMT","h2","low","","","1","50",
"108.177.103.132","177","2642","","-1","100","Image","3","-1","-1","image/jpeg","","1","","-1","-1","https://yt3.ggpht.com/-eDNwKdw6BoY/AAAAAAAAAAI/AAAAAAAAAAA/oI7DHxc4AWg/s68-c-k-no-mo-rj-c0xffffff/photo.jpg","-1","-1","200","-1","0","3100","157","80","","181105_4J_2","-1","120","-1","100","82651","2642","3285","-1","GET","2642","","49","0.26","-1","-1","yt3.ggpht.com","100","-1","https://m.youtube.com/yts/jsbin/mobile-c3-vflFjOsD9/mobile-c3.js","5","2972","/-eDNwKdw6BoY/AAAAAAAAAAI/AAAAAAAAAAA/oI7DHxc4AWg/s68-c-k-no-mo-rj-c0xffffff/photo.jpg","50","","Google","3462","3285","3405","3405","3462","57","3285","3462","177","21","22","1","0","public, max-age=86400, no-transform","Mon, 05 Nov 2018 23:26:48 GMT","h2","low","","","1","50",
"108.177.103.132","81","2263","","-1","100","Image","3","-1","-1","image/jpeg","","1","","-1","-1","https://yt3.ggpht.com/-MNBYneC6b7c/AAAAAAAAAAI/AAAAAAAAAAA/R9DDds0VQKw/s68-c-k-no-mo-rj-c0xffffff/photo.jpg","-1","-1","200","-1","0","2722","157","80","","181105_4J_2","-1","53","-1","100","85257","2263","3285","-1","GET","2263","","49","0.22","-1","-1","yt3.ggpht.com","100","-1","https://m.youtube.com/yts/jsbin/mobile-c3-vflFjOsD9/mobile-c3.js","5","2923","/-MNBYneC6b7c/AAAAAAAAAAI/AAAAAAAAAAA/R9DDds0VQKw/s68-c-k-no-mo-rj-c0xffffff/photo.jpg","50","","Google","3366","3285","3338","3338","3366","28","3285","3366","81","22","23","1","0","public, max-age=86400, no-transform","Mon, 05 Nov 2018 16:10:01 GMT","h2","low","","","1","50",
"108.177.103.132","176","1874","","-1","100","Image","3","-1","-1","image/jpeg","","1","","-1","-1","https://yt3.ggpht.com/-g4MkPQge5mY/AAAAAAAAAAI/AAAAAAAAAAA/skGZKEts2fs/s68-c-k-no-mo-rj-c0xffffff/photo.jpg","-1","-1","200","-1","0","2332","157","80","","181105_4J_2","-1","123","-1","100","76429","1874","3287","-1","GET","1874","","49","0.24","-1","-1","yt3.ggpht.com","100","-1","https://m.youtube.com/yts/jsbin/mobile-c3-vflFjOsD9/mobile-c3.js","5","2925","/-g4MkPQge5mY/AAAAAAAAAAI/AAAAAAAAAAA/skGZKEts2fs/s68-c-k-no-mo-rj-c0xffffff/photo.jpg","50","","Google","3463","3287","3410","3410","3463","53","3287","3463","176","23","24","1","0","public, max-age=86400, no-transform","Mon, 05 Nov 2018 17:42:33 GMT","h2","low","","","1","50",
"108.177.103.132","173","3195","","-1","100","Image","3","2805","3284","image/jpeg","","1","","-1","2931","https://yt3.ggpht.com/-x5vurDKQ4fI/AAAAAAAAAAI/AAAAAAAAAAA/VwKFNkAN5kM/s68-c-k-no-mo-rj-c0xffffff/photo.jpg","63","2931","200","353","0","3655","157","263","","181105_4J_2","2868","122","2871","100","73534","3195","3287","60","GET","3195","","49","0.14","-1","-1","yt3.ggpht.com","100","-1","https://m.youtube.com/yts/jsbin/mobile-c3-vflFjOsD9/mobile-c3.js","5","2784","/-x5vurDKQ4fI/AAAAAAAAAAI/AAAAAAAAAAA/VwKFNkAN5kM/s68-c-k-no-mo-rj-c0xffffff/photo.jpg","50","","Google","3460","3287","3409","3409","3460","51","2805","3460","649","24","25","1","0","public, max-age=86400, no-transform","Mon, 05 Nov 2018 20:54:51 GMT","h2","low","","","1","50",
"108.177.103.157","156","","","-1","-1","Image","3","2789","3275","image/gif","","1","","-1","2919","https://securepubads.g.doubleclick.net/pcs/view?xai=AKAOjst1Ei_NGp9e3r9Xn_5VEIvd5nLzvaVtZOliYa6mAYtLHMt254x0JUkyKXDuLbvzAJVHa2GgYxiqBM3aBa2x_DlTEpQwqTEPS6jBJ3_LUY31p3-0QTmabz-qrCnfpedUBravC7nuy0tWdGz2N3nEc8BwKfH4OTVPKzB3tfUKv6hdVTvJTzfQkMDdxxbvvTeO1ZSYCMcNb6QerQNX8gv1Rlc3ZlbqLCy0swk&sig=Cg0ArKJSzEFuixU6YVtCEAE&urlfix=1&adurl=","73","2919","200","356","","558","597","440","","181105_4J_2","2862","124","2863","100","","0","3287","56","GET","0","","2","0.12","-1","-1","securepubads.g.doubleclick.net","100","-1","https://m.youtube.com/yts/jsbin/mobile-c3-vflFjOsD9/mobile-c3.js","6","2782","/pcs/view?xai=AKAOjst1Ei_NGp9e3r9Xn_5VEIvd5nLzvaVtZOliYa6mAYtLHMt254x0JUkyKXDuLbvzAJVHa2GgYxiqBM3aBa2x_DlTEpQwqTEPS6jBJ3_LUY31p3-0QTmabz-qrCnfpedUBravC7nuy0tWdGz2N3nEc8BwKfH4OTVPKzB3tfUKv6hdVTvJTzfQkMDdxxbvvTeO1ZSYCMcNb6QerQNX8gv1Rlc3ZlbqLCy0swk&sig=Cg0ArKJSzEFuixU6YVtCEAE&urlfix=1&adurl=","-1","","Google","3443","3287","3411","3411","3443","32","2789","3443","641","25","26","1","0","private","Mon, 05 Nov 2018 00:29:17 GMT","h2","low","","","","",
"108.177.103.132","169","3978","","-1","100","Image","3","-1","-1","image/jpeg","","1","","-1","-1","https://yt3.ggpht.com/-xIpCEoEWz-U/AAAAAAAAAAI/AAAAAAAAAAA/583J6o-KtGc/s68-c-k-no-mo-rj-c0xffffff/photo.jpg","-1","-1","200","-1","0","4437","157","80","","181105_4J_2","-1","121","-1","100","73662","3978","3289","-1","GET","3978","","49","0.15","-1","-1","yt3.ggpht.com","100","-1","https://m.youtube.com/yts/jsbin/mobile-c3-vflFjOsD9/mobile-c3.js","5","2786","/-xIpCEoEWz-U/AAAAAAAAAAI/AAAAAAAAAAA/583J6o-KtGc/s68-c-k-no-mo-rj-c0xffffff/photo.jpg","50","","Google","3458","3289","3410","3410","3458","48","3289","3458","169","26","27","1","0","public, max-age=86400, no-transform","Mon, 05 Nov 2018 20:56:59 GMT","h2","low","","","1","50",
"108.177.103.132","165","6827","","-1","100","Image","3","-1","-1","image/jpeg","","1","","-1","-1","https://yt3.ggpht.com/-tThwVvqqa3k/AAAAAAAAAAI/AAAAAAAAAAA/WhQ7IiQthjc/s68-c-k-no-mo-rj-c0xffffff/photo.jpg","-1","-1","200","-1","0","7285","157","80","","181105_4J_2","-1","61","-1","100","74919","6827","3290","-1","GET","6827","","49","0.16","-1","-1","yt3.ggpht.com","100","-1","https://m.youtube.com/yts/jsbin/mobile-c3-vflFjOsD9/mobile-c3.js","5","2787","/-tThwVvqqa3k/AAAAAAAAAAI/AAAAAAAAAAA/WhQ7IiQthjc/s68-c-k-no-mo-rj-c0xffffff/photo.jpg","50","","Google","3455","3290","3351","3351","3455","104","3290","3455","165","27","28","1","0","public, max-age=86400, no-transform","Mon, 05 Nov 2018 21:17:56 GMT","h2","low","","","1","50",
"23.218.103.174","418","35","","-1","100","","3","-1","-1","image/gif","","1","","-1","-1","https://secure.insightexpressai.com/adServer/adServerESI.aspx?bannerID=3608830&rnd=1108025237","-1","-1","200","-1","0","895","","721","","181105_4J_2","-1","417","-1","100","","35","3465","-1","GET","35","","","0.13.1","-1","-1","secure.insightexpressai.com","100","-1","","7","3465","/adServer/adServerESI.aspx?bannerID=3608830&rnd=1108025237","-1","","Akamai","3883","3465","3882","3882","3883","1","3465","3883","418","28","29","1","0","max-age=0, no-cache","Mon, 05 Nov 2018 00:29:17 GMT","http/1.1","low","","","","",
"108.177.104.101","117","","","-1","-1","Image","3","-1","-1","text/html; charset=utf-8","","1","","-1","-1","https://m.youtube.com/csi_204?v=2&s=youtube_mobile&action=home&yt_sts=n&st=669&vpni=2&vpil=2&yt_lt=cold&is_nav=1&csn=2o7fW7m7I6LOiwSm8JKIDA&p=h2&t=tcp&yt_vis=1&pis=u&yt_fn=what_to_watch&GetBrowse_rid=0xafef2e865f8c4951&c=MWEB&cver=2.20181101&yt_li=0&h2pc=0&rt=pe.3287,ai.2109,apr.2139,srt.973,nreqs.868,nress.973,nrese.1835,ndnss.674,ndnse.704,ntcps.704,ntcpe.868,nstcps.757,wffs.1850,wffe.2267,rsf_mcj.1851,rse_mcj.2032,pdr.2215,cpt.2302,vpl.2931,aft.2302,ps.3474","-1","-1","204","-1","","41","597","395","","181105_4J_2","-1","88","-1","-1","","0","3473","-1","GET","0","","2","0.27","-1","-1","m.youtube.com","-1","-1","https://m.youtube.com/yts/jsbin/mobile-c3-vflFjOsD9/mobile-c3.js","1","3472","/csi_204?v=2&s=youtube_mobile&action=home&yt_sts=n&st=669&vpni=2&vpil=2&yt_lt=cold&is_nav=1&csn=2o7fW7m7I6LOiwSm8JKIDA&p=h2&t=tcp&yt_vis=1&pis=u&yt_fn=what_to_watch&GetBrowse_rid=0xafef2e865f8c4951&c=MWEB&cver=2.20181101&yt_li=0&h2pc=0&rt=pe.3287,ai.2109,apr.2139,srt.973,nreqs.868,nress.973,nrese.1835,ndnss.674,ndnse.704,ntcps.704,ntcpe.868,nstcps.757,wffs.1850,wffe.2267,rsf_mcj.1851,rse_mcj.2032,pdr.2215,cpt.2302,vpl.2931,aft.2302,ps.3474","-1","","","3590","3473","3561","3561","3590","29","3473","3590","117","29","30","1","0","no-cache","Tue, 27 Apr 1971 19:44:06 EST","h2","low","","","","",
"","446","","","-1","-1","Document","3","-1","-1","text/html; charset=utf-8","","1","","-1","-1","https://www.youtube.com/","-1","-1","302","-1","","565","","0","","181105_4J_2","-1","446","-1","-1","","0","24","-1","GET","0","","","0.2.1","-1","-1","www.youtube.com","-1","-1","","-1","24","/","-1","","","470","24","470","470","470","0","24","470","446","0","1","1","1","no-cache","Tue, 27 Apr 1971 19:44:06 EST","","","","","","",
"108.177.104.100","754","","","-1","-1","Document","3","-1","-1","text/html; charset=utf-8","0","1","","100","-1","https://m.youtube.com/","-1","-1","200","-1","","13789","","477","","181105_4J_2","-1","305","-1","100","","59540","470","-1","GET","13110","13110","","0.2.2","-1","-1","m.youtube.com","100","-1","","1","470","/","-1","","Google","1224","470","775","775","1224","449","470","1224","754","1","2","1","1","no-cache","Tue, 27 Apr 1971 19:44:06 EST","h2","high","1","br","","",
"","291","","","-1","-1","XHR","3","-1","-1","text/html; charset=UTF-8","","1","","-1","-1","https://googleads.g.doubleclick.net/pagead/id","-1","-1","302","-1","","837","482","0","","181105_4J_2","-1","291","-1","-1","","0","1394","-1","GET","0","","498","0.10","-1","-1","googleads.g.doubleclick.net","-1","-1","https://m.youtube.com/yts/jsbin/mobile-c3-vflFjOsD9/mobile-c3.js","-1","1394","/pagead/id","-1","","","1685","1394","1685","1685","1685","0","1394","1685","291","2","3","1","1","no-cache, no-store, must-revalidate","Fri, 01 Jan 1990 00:00:00 GMT","","","","","","",
"74.125.30.119","172","51738","","-1","100","Image","3","1241","1491","image/jpeg","","1","","-1","1335","https://i.ytimg.com/vi/jzcRZST-oZ4/hq720.jpg?sqp=-oaymwEhCK4FEIIDSFryq4qpAxMIARUAAAAAGAElAADIQj0AgKJD&rs=AOn4CLBy0RIspHlbmtFZ9PjFcH11zBI6aA","34","1335","200","156","0","52111","409","292","","181105_4J_2","1275","59","1276","100","2600","51738","1491","59","GET","51738","","","0.5","-1","-1","i.ytimg.com","100","-1","https://m.youtube.com/","2","1239","/vi/jzcRZST-oZ4/hq720.jpg?sqp=-oaymwEhCK4FEIIDSFryq4qpAxMIARUAAAAAGAElAADIQj0AgKJD&rs=AOn4CLBy0RIspHlbmtFZ9PjFcH11zBI6aA","0","","Google","1663","1491","1550","1550","1663","113","1241","1663","421","3","4","1","1","public, max-age=7200","Mon, 05 Nov 2018 01:12:55 GMT","h2","low","","","1","0",
"64.233.180.155","73","","","-1","-1","","3","-1","-1","application/json; charset=UTF-8","0","1","","100","-1","https://googleads.g.doubleclick.net/pagead/id?slf_rd=1","-1","-1","200","-1","","973","","211","","181105_4J_2","-1","73","-1","100","","100","1685","-1","GET","120","120","","0.10.1","-1","-1","googleads.g.doubleclick.net","100","-1","","3","1685","/pagead/id?slf_rd=1","-1","","Google","1758","1685","1758","1758","1758","0","1685","1758","73","4","5","1","1","no-cache, no-store, must-revalidate","Fri, 01 Jan 1990 00:00:00 GMT","h2","medium","","gzip","","",
"","366","","","-1","-1","Image","3","-1","-1","text/html; charset=UTF-8","","1","","-1","-1","https://ad.doubleclick.net/ddm/ad/N624.127733GOOGLE-YOUTUBE/B21689109.231615411;sz=1x1;ord=1339177992;dc_lat=;dc_rdid=;tag_for_child_directed_treatment=;tfua=?","-1","-1","302","-1","","710","597","0","","181105_4J_2","-1","366","-1","-1","","0","1720","-1","GET","0","","2","0.12","-1","-1","ad.doubleclick.net","-1","-1","https://m.youtube.com/yts/jsbin/mobile-c3-vflFjOsD9/mobile-c3.js","-1","1720","/ddm/ad/N624.127733GOOGLE-YOUTUBE/B21689109.231615411;sz=1x1;ord=1339177992;dc_lat=;dc_rdid=;tag_for_child_directed_treatment=;tfua=","-1","","","2086","1720","2086","2086","2086","0","1720","2086","366","5","6","1","1","no-cache, must-revalidate","Fri, 01 Jan 1990 00:00:00 GMT","","","","","","",
"108.177.103.157","96","","","-1","-1","Image","3","1721","1968","image/gif","","1","","-1","1780","https://securepubads.g.doubleclick.net/pcs/view?xai=AKAOjss1ENU0RNFmBemAyNopQ2QGOde9Nkuo2qE4PyxdBTdOUF8oiGTtahqVkTXjaYX07oIMKNokXZZuKaVcnXFk3s-G6OD-ebRpVbYiFLd92CAcRiq3sn-1lG0qOHykaVTV3cPg2tjeyDtZhzbL7nrGSaoKTDsNpJKkoiimn_1-Z5es4n58ZwHnkqL1nzFI65uNDkrP4dS4_IlXzdWLNoqeK8yIXIeFOja9hG4&sig=Cg0ArKJSzBBeMR0yJyDfEAE&urlfix=1&adurl=","4","1780","200","188","","558","597","438","","181105_4J_2","1725","81","1726","100","","0","1973","54","GET","0","","2","0.11","-1","-1","securepubads.g.doubleclick.net","100","-1","https://m.youtube.com/yts/jsbin/mobile-c3-vflFjOsD9/mobile-c3.js","4","1719","/pcs/view?xai=AKAOjss1ENU0RNFmBemAyNopQ2QGOde9Nkuo2qE4PyxdBTdOUF8oiGTtahqVkTXjaYX07oIMKNokXZZuKaVcnXFk3s-G6OD-ebRpVbYiFLd92CAcRiq3sn-1lG0qOHykaVTV3cPg2tjeyDtZhzbL7nrGSaoKTDsNpJKkoiimn_1-Z5es4n58ZwHnkqL1nzFI65uNDkrP4dS4_IlXzdWLNoqeK8yIXIeFOja9hG4&sig=Cg0ArKJSzBBeMR0yJyDfEAE&urlfix=1&adurl=","-1","","Google","2069","1973","2054","2054","2069","15","1721","2069","342","6","7","1","1","private","Mon, 05 Nov 2018 00:29:35 GMT","h2","low","","","","",
"108.177.103.132","74","3871","","-1","100","Image","3","1727","1997","image/jpeg","","1","","-1","1793","https://yt3.ggpht.com/-DX9R74Fuzps/AAAAAAAAAAI/AAAAAAAAAAA/pWI3GXGC8R0/s68-c-k-no-mo-rj-c0xffffff/photo.jpg","3","1793","200","204","0","4330","157","263","","181105_4J_2","1730","59","1730","100","83687","3871","1998","63","GET","3871","","49","0.14","-1","-1","yt3.ggpht.com","100","-1","https://m.youtube.com/yts/jsbin/mobile-c3-vflFjOsD9/mobile-c3.js","5","1724","/-DX9R74Fuzps/AAAAAAAAAAI/AAAAAAAAAAA/pWI3GXGC8R0/s68-c-k-no-mo-rj-c0xffffff/photo.jpg","50","","Google","2072","1998","2057","2057","2072","15","1727","2072","344","7","8","1","1","public, max-age=86400, no-transform","Mon, 05 Nov 2018 19:44:17 GMT","h2","low","","","1","50",
"23.222.194.195","341","35","","-1","100","","3","-1","-1","image/gif","","1","","-1","-1","https://secure.insightexpressai.com/adServer/adServerESI.aspx?bannerID=3608830&rnd=2198301706","-1","-1","200","-1","0","895","","721","","181105_4J_2","-1","340","-1","100","","35","2086","-1","GET","35","","","0.12.1","-1","-1","secure.insightexpressai.com","100","-1","","6","2086","/adServer/adServerESI.aspx?bannerID=3608830&rnd=2198301706","-1","","Akamai","2427","2086","2426","2426","2427","1","2086","2427","341","8","9","1","1","max-age=0, no-cache","Mon, 05 Nov 2018 00:29:35 GMT","http/1.1","low","","","","",
"74.125.30.119","181","73708","","-1","97","Image","3","-1","-1","image/jpeg","","1","","-1","-1","https://i.ytimg.com/vi/hl-WDxx1rpE/hq720.jpg?sqp=-oaymwEhCK4FEIIDSFryq4qpAxMIARUAAAAAGAElAADIQj0AgKJD&rs=AOn4CLDsr9LajjHMJ6EN3wGz1XFIqtGw4g","-1","-1","200","-1","1784","74081","157","112","","181105_4J_2","-1","54","-1","100","5863","73708","2115","-1","GET","73708","","49","0.24","-1","-1","i.ytimg.com","100","-1","https://m.youtube.com/yts/jsbin/mobile-c3-vflFjOsD9/mobile-c3.js","2","2114","/vi/hl-WDxx1rpE/hq720.jpg?sqp=-oaymwEhCK4FEIIDSFryq4qpAxMIARUAAAAAGAElAADIQj0AgKJD&rs=AOn4CLDsr9LajjHMJ6EN3wGz1XFIqtGw4g","50","","Google","2296","2115","2169","2169","2296","127","2115","2296","181","9","10","1","1","public, max-age=7200","Mon, 05 Nov 2018 02:07:18 GMT","h2","low","","","1","0",
"108.177.103.132","95","4539","","-1","100","Image","3","-1","-1","image/jpeg","","1","","-1","-1","https://yt3.ggpht.com/-Ar46mbQ_Nog/AAAAAAAAAAI/AAAAAAAAAAA/YnvLnnxNOeE/s68-c-k-no-mo-rj-c0xffffff/photo.jpg","-1","-1","200","-1","0","4997","157","80","","181105_4J_2","-1","52","-1","100","85504","4539","2115","-1","GET","4539","","49","0.25","-1","-1","yt3.ggpht.com","100","-1","https://m.youtube.com/yts/jsbin/mobile-c3-vflFjOsD9/mobile-c3.js","5","2115","/-Ar46mbQ_Nog/AAAAAAAAAAI/AAAAAAAAAAA/YnvLnnxNOeE/s68-c-k-no-mo-rj-c0xffffff/photo.jpg","50","","Google","2210","2115","2167","2167","2210","43","2115","2210","95","10","11","1","1","public, max-age=86400, no-transform","Mon, 05 Nov 2018 20:14:08 GMT","h2","low","","","1","50",
"108.177.104.100","99","","","-1","-1","Image","3","-1","-1","text/html; charset=utf-8","","1","","-1","-1","https://m.youtube.com/csi_204?v=2&s=youtube_mobile&action=home&yt_sts=n&st=480&vpni=2&vpil=2&yt_lt=cold&is_nav=1&csn=7o7fW7LNDZGRiwTlrpLwDg&p=h2&t=tcp&yt_vis=1&pis=u&yt_fn=what_to_watch&GetBrowse_rid=0x1f796afc4e390398&c=MWEB&cver=2.20181101&yt_li=0&h2pc=0&rt=pe.1989,ai.1370,apr.1393,srt.772,nreqs.653,nress.772,nrese.1228,ndnss.463,ndnse.465,ntcps.465,ntcpe.652,nstcps.511,rsf_mcj.1246,rse_mcj.1246,pdr.1431,cpt.1491,vpl.2055,aft.1491,ps.2620","-1","-1","204","-1","","41","597","397","","181105_4J_2","-1","94","-1","-1","","0","2618","-1","GET","0","","2","0.26","-1","-1","m.youtube.com","-1","-1","https://m.youtube.com/yts/jsbin/mobile-c3-vflFjOsD9/mobile-c3.js","1","2617","/csi_204?v=2&s=youtube_mobile&action=home&yt_sts=n&st=480&vpni=2&vpil=2&yt_lt=cold&is_nav=1&csn=7o7fW7LNDZGRiwTlrpLwDg&p=h2&t=tcp&yt_vis=1&pis=u&yt_fn=what_to_watch&GetBrowse_rid=0x1f796afc4e390398&c=MWEB&cver=2.20181101&yt_li=0&h2pc=0&rt=pe.1989,ai.1370,apr.1393,srt.772,nreqs.653,nress.772,nrese.1228,ndnss.463,ndnse.465,ntcps.465,ntcpe.652,nstcps.511,rsf_mcj.1246,rse_mcj.1246,pdr.1431,cpt.1491,vpl.2055,aft.1491,ps.2620","-1","","","2717","2618","2712","2712","2717","5","2618","2717","99","11","12","1","1","no-cache","Tue, 27 Apr 1971 19:44:06 EST","h2","low","","","","",
