"ip_addr","load_ms","image_total","minify_save","score_cookies","score_compress","requestType","type","dns_start","ssl_end","contentType","gzip_save","is_secure","server_count","score_gzip","ssl_start","full_url","dns_ms","connect_end","responseCode","ssl_ms","image_save","bytesIn","initiator_line","bytesOut","minify_total","cacheControl","id","dns_end","ttfb_ms","connect_start","score_cdn","cache_time","objectSizeUncompressed","load_start","connect_ms","method","objectSize","gzip_total","initiator_column","request_id","score_combine","score_etags","host","score_keep-alive","score_minify","initiator","socket","created","url","score_cache","server_rtt","cdn_provider","load_end","ttfb_start","ttfb_end","download_start","download_end","download_ms","all_start","all_end","all_ms","index","number","run","cached","protocol","priority","is_base_page","contentEncoding","expires","jpeg_scan_count","score_progressive_jpeg",
"","344","","","-1","-1","Document","3","-1","-1","text/html","","1","","-1","-1","https://yahoo.com/","-1","-1","301","-1","","548","","0","","no-store, no-cache","181105_P9_M","-1","344","-1","-1","","0","0","-1","GET","8","","","0.2","-1","-1","yahoo.com","-1","-1","","-1","0","/","-1","","","344","0","344","344","344","0","0","344","344","0","1","1","0","","","","","","","",
"98.138.219.232","599","","","-1","-1","Document","3","-1","-1","text/html; charset=UTF-8","0","1","","100","-1","https://www.yahoo.com/","-1","-1","200","-1","","61276","","373","","no-store, no-cache, max-age=0, private","181105_P9_M","-1","194","-1","-1","","263035","344","-1","GET","59438","59438","","0.2.1","-1","-1","www.yahoo.com","100","-1","","1","344","/","-1","","","943","344","538","538","943","405","344","943","599","1","2","1","0","h2","high","1","gzip","-1","","",
"69.147.82.61","187","","","-1","-1","Script","3","-1","-1","application/javascript","0","1","","100","-1","https://s.yimg.com/oa/guce-1.0.6.js","-1","-1","200","-1","","9567","7","163","","max-age=300","181105_P9_M","-1","73","-1","100","54","23180","1033","-1","GET","8181","8181","","0.3","-1","-1","s.yimg.com","100","-1","https://www.yahoo.com/","2","811","/oa/guce-1.0.6.js","0","","Yahoo","1220","1033","1106","1106","1220","114","1033","1220","187","2","3","1","0","h2","high","","gzip","","","",
"69.147.82.61","283","","","-1","-1","Stylesheet","3","-1","-1","text/css","0","1","","100","-1","https://s.yimg.com/aaq/fp/css/tdv2-applet-header-wafer/atomic.ltr.8e05317f.css","-1","-1","200","-1","","3342","57","57","","public,max-age=315360000","181105_P9_M","-1","129","-1","100","314477909","7412","1041","-1","GET","1904","1904","","0.11","-1","-1","s.yimg.com","100","-1","https://www.yahoo.com/","2","837","/aaq/fp/css/tdv2-applet-header-wafer/atomic.ltr.8e05317f.css","100","","Yahoo","1324","1041","1170","1170","1324","154","1041","1324","283","3","4","1","0","h2","high","","gzip","","","",
"69.147.82.61","285","","","-1","-1","Stylesheet","3","-1","-1","text/css","0","1","","100","-1","https://s.yimg.com/aaq/fp/css/tdv2-applet-cards/common.smartphone.a6f5c935.css","-1","-1","200","-1","","6723","57","57","","public,max-age=315360000","181105_P9_M","-1","130","-1","100","315196635","15885","1041","-1","GET","5285","5285","","0.12","-1","-1","s.yimg.com","100","-1","https://www.yahoo.com/","2","837","/aaq/fp/css/tdv2-applet-cards/common.smartphone.a6f5c935.css","100","","Yahoo","1326","1041","1171","1171","1326","155","1041","1326","285","4","5","1","0","h2","high","","gzip","","","",
"69.147.82.61","312","","","-1","-1","Script","3","-1","-1","application/javascript","0","1","","100","-1","https://s.yimg.com/aaq/wf/wf-beacon-1.0.8.js","-1","-1","200","-1","","4117","58","34","","public,max-age=315360000","181105_P9_M","-1","163","-1","100","315339836","8426","1042","-1","GET","2666","2666","","0.15","-1","-1","s.yimg.com","100","-1","https://www.yahoo.com/","2","838","/aaq/wf/wf-beacon-1.0.8.js","100","","Yahoo","1354","1042","1205","1205","1354","149","1042","1354","312","5","6","1","0","h2","high","","gzip","","","",
"69.147.82.61","341","","","-1","-1","Stylesheet","3","-1","-1","text/css","0","1","","100","-1","https://s.yimg.com/aaq/caas/907e7c2.caas-scooby.min.css","-1","-1","200","-1","","5540","57","41","","public,max-age=315360000","181105_P9_M","-1","161","-1","100","315303047","20622","1042","-1","GET","4103","4103","","0.14","-1","-1","s.yimg.com","100","-1","https://www.yahoo.com/","2","838","/aaq/caas/907e7c2.caas-scooby.min.css","100","","Yahoo","1383","1042","1203","1203","1383","180","1042","1383","341","6","7","1","0","h2","high","","gzip","","","",
"69.147.82.61","311","","","-1","-1","Stylesheet","3","-1","-1","text/css","0","1","","100","-1","https://s.yimg.com/aaq/fp/css/tdv2-applet-cards/custom.smartphone.f060ffa7.css","-1","-1","200","-1","","5211","57","57","","public,max-age=315360000","181105_P9_M","-1","131","-1","100","315195430","10643","1042","-1","GET","3773","3773","","0.13","-1","-1","s.yimg.com","100","-1","https://www.yahoo.com/","2","838","/aaq/fp/css/tdv2-applet-cards/custom.smartphone.f060ffa7.css","100","","Yahoo","1353","1042","1173","1173","1353","180","1042","1353","311","7","8","1","0","h2","high","","gzip","","","",
"69.147.82.61","313","","","-1","-1","Script","3","-1","-1","application/javascript","0","1","","100","-1","https://s.yimg.com/aaq/wf/wf-darla-1.0.8.js","-1","-1","200","-1","","3378","59","34","","public,max-age=315360000","181105_P9_M","-1","163","-1","100","315303047","4286","1043","-1","GET","1927","1927","","0.16","-1","-1","s.yimg.com","100","-1","https://www.yahoo.com/","2","839","/aaq/wf/wf-darla-1.0.8.js","100","","Yahoo","1356","1043","1206","1206","1356","150","1043","1356","313","8","9","1","0","h2","high","","gzip","","","",
"69.147.82.61","312","","","-1","-1","Script","3","-1","-1","application/javascript","0","1","","100","-1","https://s.yimg.com/aaq/wf/wf-drawer-1.0.4.js","-1","-1","200","-1","","3927","60","35","","public,max-age=315360000","181105_P9_M","-1","163","-1","100","315303047","7841","1044","-1","GET","2476","2476","","0.17","-1","-1","s.yimg.com","100","-1","https://www.yahoo.com/","2","839","/aaq/wf/wf-drawer-1.0.4.js","100","","Yahoo","1356","1044","1207","1207","1356","149","1044","1356","312","9","10","1","0","h2","high","","gzip","","","",
"69.147.82.61","312","","","-1","-1","Script","3","-1","-1","application/javascript","0","1","","100","-1","https://s.yimg.com/aaq/wf/wf-image-1.0.8.js","-1","-1","200","-1","","3316","62","34","","public,max-age=315360000","181105_P9_M","-1","163","-1","100","315303047","4421","1044","-1","GET","1865","1865","","0.19","-1","-1","s.yimg.com","100","-1","https://www.yahoo.com/","2","839","/aaq/wf/wf-image-1.0.8.js","100","","Yahoo","1356","1044","1207","1207","1356","149","1044","1356","312","10","11","1","0","h2","high","","gzip","","","",
"69.147.82.61","312","","","-1","-1","Script","3","-1","-1","application/javascript","0","1","","100","-1","https://s.yimg.com/aaq/wf/wf-fetch-1.3.6.js","-1","-1","200","-1","","5261","61","34","","public,max-age=315360000","181105_P9_M","-1","163","-1","100","315303047","11600","1044","-1","GET","3810","3810","","0.18","-1","-1","s.yimg.com","100","-1","https://www.yahoo.com/","2","839","/aaq/wf/wf-fetch-1.3.6.js","100","","Yahoo","1356","1044","1207","1207","1356","149","1044","1356","312","11","12","1","0","h2","high","","gzip","","","",
"69.147.82.61","316","","","-1","-1","Script","3","-1","-1","application/javascript","0","1","","100","-1","https://s.yimg.com/aaq/wf/wf-rapid-1.0.6.js","-1","-1","200","-1","","2563","63","34","","public,max-age=315360000","181105_P9_M","-1","163","-1","100","315303047","2554","1045","-1","GET","1112","1112","","0.20","-1","-1","s.yimg.com","100","-1","https://www.yahoo.com/","2","840","/aaq/wf/wf-rapid-1.0.6.js","100","","Yahoo","1361","1045","1208","1208","1361","153","1045","1361","316","12","13","1","0","h2","high","","gzip","","","",
"69.147.82.61","318","","","-1","-1","Script","3","-1","-1","application/javascript","0","1","","100","-1","https://s.yimg.com/aaq/wf/wf-scrollview-1.4.5.js","-1","-1","200","-1","","5713","64","38","","public,max-age=315360000","181105_P9_M","-1","164","-1","100","315303047","13961","1045","-1","GET","4262","4262","","0.21","-1","-1","s.yimg.com","100","-1","https://www.yahoo.com/","2","840","/aaq/wf/wf-scrollview-1.4.5.js","100","","Yahoo","1363","1045","1209","1209","1363","154","1045","1363","318","13","14","1","0","h2","high","","gzip","","","",
"69.147.82.61","319","","","-1","-1","Script","3","-1","-1","application/javascript","0","1","","100","-1","https://s.yimg.com/aaq/wf/wf-tabs-1.1.3.js","-1","-1","200","-1","","3295","65","33","","public,max-age=315360000","181105_P9_M","-1","164","-1","100","315303047","4674","1045","-1","GET","1844","1844","","0.22","-1","-1","s.yimg.com","100","-1","https://www.yahoo.com/","2","840","/aaq/wf/wf-tabs-1.1.3.js","100","","Yahoo","1364","1045","1209","1209","1364","155","1045","1364","319","14","15","1","0","h2","high","","gzip","","","",
"69.147.82.61","320","","","-1","-1","Script","3","-1","-1","application/javascript","0","1","","100","-1","https://s.yimg.com/aaq/wf/wf-text-1.0.6.js","-1","-1","200","-1","","2736","66","33","","public,max-age=315360000","181105_P9_M","-1","164","-1","100","315303047","3840","1046","-1","GET","1285","1285","","0.23","-1","-1","s.yimg.com","100","-1","https://www.yahoo.com/","2","841","/aaq/wf/wf-text-1.0.6.js","100","","Yahoo","1366","1046","1210","1210","1366","156","1046","1366","320","15","16","1","0","h2","high","","gzip","","","",
"69.147.82.61","320","","","-1","-1","Script","3","-1","-1","application/javascript","0","1","","100","-1","https://s.yimg.com/aaq/wf/wf-toggle-1.3.1.js","-1","-1","200","-1","","3995","67","34","","public,max-age=315360000","181105_P9_M","-1","163","-1","100","315303047","7122","1047","-1","GET","2544","2544","","0.24","-1","-1","s.yimg.com","100","-1","https://www.yahoo.com/","2","841","/aaq/wf/wf-toggle-1.3.1.js","100","","Yahoo","1367","1047","1210","1210","1367","157","1047","1367","320","16","17","1","0","h2","high","","gzip","","","",
"69.147.82.61","323","","","-1","-1","Script","3","-1","-1","application/javascript","0","1","","100","-1","https://s.yimg.com/aaq/wf/wf-video-1.0.6.js","-1","-1","200","-1","","2885","68","34","","public,max-age=315360000","181105_P9_M","-1","163","-1","100","315303047","3361","1047","-1","GET","1434","1434","","0.25","-1","-1","s.yimg.com","100","-1","https://www.yahoo.com/","2","841","/aaq/wf/wf-video-1.0.6.js","100","","Yahoo","1370","1047","1210","1210","1370","160","1047","1370","323","17","18","1","0","h2","high","","gzip","","","",
"69.147.82.61","341","","","-1","-1","Script","3","-1","-1","application/javascript","0","1","","100","-1","https://s.yimg.com/aaq/cmp/version/2.10.0/cmp.js","-1","-1","200","-1","","8395","77","37","","max-age=31536000","181105_P9_M","-1","203","-1","100","31531793","19541","1048","-1","GET","6953","6953","","0.28","-1","-1","s.yimg.com","100","-1","https://www.yahoo.com/","2","842","/aaq/cmp/version/2.10.0/cmp.js","100","","Yahoo","1389","1048","1251","1251","1389","138","1048","1389","341","18","19","1","0","h2","high","","gzip","","","",
"69.147.82.61","340","","","-1","-1","Script","3","-1","-1","application/javascript","0","1","","100","-1","https://s.yimg.com/aaq/caas/14753ee.caas-scooby.min.js","-1","-1","200","-1","","21831","69","40","","public,max-age=315360000","181105_P9_M","-1","163","-1","100","315303047","83159","1048","-1","GET","20379","20379","","0.26","-1","-1","s.yimg.com","100","-1","https://www.yahoo.com/","2","842","/aaq/caas/14753ee.caas-scooby.min.js","100","","Yahoo","1388","1048","1211","1211","1388","177","1048","1388","340","19","20","1","0","h2","high","","gzip","","","",
"69.147.82.61","339","","","-1","-1","Script","3","-1","-1","application/javascript","0","1","","100","-1","https://s.yimg.com/os/yc/js/iframe-1.0.15.js","-1","-1","200","-1","","3427","70","34","","public,max-age=536112000","181105_P9_M","-1","194","-1","100","535244417","4630","1048","-1","GET","1745","1745","","0.27","-1","-1","s.yimg.com","100","-1","https://www.yahoo.com/","2","842","/os/yc/js/iframe-1.0.15.js","100","","Yahoo","1387","1048","1242","1242","1387","145","1048","1387","339","20","21","1","0","h2","high","","gzip","Thu, 05 Jul 2035 05:32:21 GMT","","",
"69.147.82.61","273","","","-1","-1","Stylesheet","3","-1","-1","text/css","0","1","","100","-1","https://s.yimg.com/aaq/fp/css/tdv2-applet-promo/atomic.ltr.a2526be1.css","-1","-1","200","-1","","2527","57","52","","public,max-age=315360000","181105_P9_M","-1","121","-1","100","314477909","3641","1049","-1","GET","1089","1089","","0.10","-1","-1","s.yimg.com","100","-1","https://www.yahoo.com/","2","837","/aaq/fp/css/tdv2-applet-promo/atomic.ltr.a2526be1.css","100","","Yahoo","1322","1049","1170","1170","1322","152","1049","1322","273","21","22","1","0","h2","high","","gzip","","","",
"69.147.82.61","264","","","-1","-1","Stylesheet","3","-1","-1","text/css","0","1","","100","-1","https://s.yimg.com/aaq/fp/css/tdv2-applet-featurebar/atomic.ltr.136e8722.css","-1","-1","200","-1","","2744","57","56","","public,max-age=315360000","181105_P9_M","-1","120","-1","100","314477909","4146","1055","-1","GET","1306","1306","","0.9","-1","-1","s.yimg.com","100","-1","https://www.yahoo.com/","2","836","/aaq/fp/css/tdv2-applet-featurebar/atomic.ltr.136e8722.css","100","","Yahoo","1319","1055","1175","1175","1319","144","1055","1319","264","22","23","1","0","h2","high","","gzip","","","",
"69.147.82.61","260","","","-1","-1","Stylesheet","3","-1","-1","text/css","0","1","","100","-1","https://s.yimg.com/aaq/fp/css/tdv2-applet-cards/atomic.smartphone.ltr.a977ded7.css","-1","-1","200","-1","","7258","57","60","","public,max-age=315360000","181105_P9_M","-1","121","-1","100","315194149","27540","1055","-1","GET","5820","5820","","0.8","-1","-1","s.yimg.com","100","-1","https://www.yahoo.com/","2","836","/aaq/fp/css/tdv2-applet-cards/atomic.smartphone.ltr.a977ded7.css","100","","Yahoo","1315","1055","1176","1176","1315","139","1055","1315","260","23","24","1","0","h2","high","","gzip","","","",
"69.147.82.61","254","","","-1","-1","Stylesheet","3","-1","-1","text/css","0","1","","100","-1","https://s.yimg.com/nn/lib/metro/g/myy/caas-viewer_0.0.58.css","-1","-1","200","-1","","2489","57","45","","max-age=31536000, public, immutable","181105_P9_M","-1","85","-1","100","31536000","3336","1055","-1","GET","1095","1095","","0.5","-1","-1","s.yimg.com","100","-1","https://www.yahoo.com/","2","835","/nn/lib/metro/g/myy/caas-viewer_0.0.58.css","100","","Yahoo","1309","1055","1140","1140","1309","169","1055","1309","254","24","25","1","0","h2","high","","gzip","","","",
"69.147.82.61","252","","","-1","-1","Stylesheet","3","-1","-1","text/css","0","1","","100","-1","https://s.yimg.com/os/yc/css/bundle.c60a6d54.css","-1","-1","200","-1","","3166","57","51","","max-age=536112000","181105_P9_M","-1","85","-1","100","536111674","4261","1055","-1","GET","1508","1508","","0.4","-1","-1","s.yimg.com","100","-1","https://www.yahoo.com/","2","834","/os/yc/css/bundle.c60a6d54.css","100","","Yahoo","1307","1055","1140","1140","1307","167","1055","1307","252","25","26","1","0","h2","high","","gzip","Sat, 12 May 2035 13:04:58 GMT","","",
"69.147.82.61","256","","","-1","-1","Stylesheet","3","-1","-1","text/css","0","1","","100","-1","https://s.yimg.com/nn/lib/metro/g/myy/cards_sm_0.0.112.css","-1","-1","200","-1","","10898","57","44","","max-age=31536000, public, immutable","181105_P9_M","-1","121","-1","100","31536000","28383","1055","-1","GET","9504","9504","","0.7","-1","-1","s.yimg.com","100","-1","https://www.yahoo.com/","2","836","/nn/lib/metro/g/myy/cards_sm_0.0.112.css","100","","Yahoo","1311","1055","1176","1176","1311","135","1055","1311","256","26","27","1","0","h2","high","","gzip","","","",
"69.147.82.61","268","","","-1","-1","Stylesheet","3","-1","-1","text/css","0","1","","100","-1","https://s.yimg.com/nn/lib/metro/g/myy/video-manager-standalone_0.0.23.css","-1","-1","200","-1","","1616","57","54","","max-age=31536000, public, immutable","181105_P9_M","-1","121","-1","100","31536000","349","1055","-1","GET","223","223","","0.6","-1","-1","s.yimg.com","100","-1","https://www.yahoo.com/","2","835","/nn/lib/metro/g/myy/video-manager-standalone_0.0.23.css","100","","Yahoo","1323","1055","1176","1176","1323","147","1055","1323","268","27","28","1","0","h2","high","","gzip","","","",
"69.147.82.61","1069","100413","","-1","100","Image","3","-1","-1","image/jpeg","","1","","-1","-1","https://s.yimg.com/uu/api/res/1.2/j9Psm_fAPePIwf03HIOeYQ--~B/Zmk9c3RyaW07aD00MzI7cHlvZmY9MDtxPTgwO3c9NzY4O3NtPTE7YXBwaWQ9eXRhY2h5b24-/https://media-mbst-pub-ue1.s3.amazonaws.com/creatr-uploaded-images/2018-11/9e3d0c00-e070-11e8-9df4-0886932f4ed3","-1","-1","200","-1","0","102018","77","235","","public, max-age=604800","181105_P9_M","-1","218","-1","100","590103","100413","1066","-1","GET","100413","","","0.29","-1","-1","s.yimg.com","100","-1","https://www.yahoo.com/","2","860","/uu/api/res/1.2/j9Psm_fAPePIwf03HIOeYQ--~B/Zmk9c3RyaW07aD00MzI7cHlvZmY9MDtxPTgwO3c9NzY4O3NtPTE7YXBwaWQ9eXRhY2h5b24-/https://media-mbst-pub-ue1.s3.amazonaws.com/creatr-uploaded-images/2018-11/9e3d0c00-e070-11e8-9df4-0886932f4ed3","50","","Yahoo","2135","1066","1284","1284","2135","851","1066","2135","1069","28","29","1","0","h2","low","","","","1","0",
"69.147.82.61","324","1843","","-1","100","Image","3","-1","-1","image/jpeg","","1","","-1","-1","https://s.yimg.com/lo/api/res/1.2/7dMaV_p6iHh4VS8DApQxHQ--~B/YXBwaWQ9eW15O3c9NjA-/https://ct.yimg.com/cy/1802/40147157986_eca1f6_o.jpg","-1","-1","200","-1","0","3414","77","102","","max-age=604800,public","181105_P9_M","-1","221","-1","100","305480","1843","1066","-1","GET","1843","","","0.30","-1","-1","s.yimg.com","100","-1","https://www.yahoo.com/","2","860","/lo/api/res/1.2/7dMaV_p6iHh4VS8DApQxHQ--~B/YXBwaWQ9eW15O3c9NjA-/https://ct.yimg.com/cy/1802/40147157986_eca1f6_o.jpg","50","","Yahoo","1390","1066","1287","1287","1390","103","1066","1390","324","29","30","1","0","h2","low","","","","1","50",
"69.147.82.61","334","43","","-1","100","Image","3","-1","-1","image/gif","","1","","-1","-1","https://s.yimg.com/g/images/spaceball.gif","-1","-1","200","-1","0","1568","77","31","","max-age=315360000","181105_P9_M","-1","221","-1","100","313857765","43","1067","-1","GET","43","","","0.31","-1","-1","s.yimg.com","100","-1","https://www.yahoo.com/","2","861","/g/images/spaceball.gif","100","","Yahoo","1401","1067","1288","1288","1401","113","1067","1401","334","30","31","1","0","h2","low","","","Mon, 28 Jul 2014 23:30:00 GMT","","",
"69.147.82.61","288","10086","","-1","100","Image","3","-1","-1","image/jpeg","","1","","-1","-1","https://s.yimg.com/uu/api/res/1.2/xlyPJXtZBR9QLPxDnMj2Hg--~B/Zmk9c3RyaW07aD0yMDA7cHlvZmY9MDt3PTIwMDtzbT0xO2FwcGlkPXl0YWNoeW9u/http://l.yimg.com/av/curveball/ads/pr/NONE/450x450/77401f9ddaad5bb06e46949e6c1d2788.jpeg","-1","-1","200","-1","0","11716","77","167","","max-age=31536000, public","181105_P9_M","-1","247","-1","100","31399020","10086","1111","-1","GET","10086","","","0.38","-1","-1","s.yimg.com","100","-1","https://www.yahoo.com/","2","942","/uu/api/res/1.2/xlyPJXtZBR9QLPxDnMj2Hg--~B/Zmk9c3RyaW07aD0yMDA7cHlvZmY9MDt3PTIwMDtzbT0xO2FwcGlkPXl0YWNoeW9u/http://l.yimg.com/av/curveball/ads/pr/NONE/450x450/77401f9ddaad5bb06e46949e6c1d2788.jpeg","100","","Yahoo","1399","1111","1358","1358","1399","41","1111","1399","288","31","32","1","0","h2","low","","","","1","50",
"69.147.82.61","285","9161","","-1","100","Image","3","-1","-1","image/jpeg","","1","","-1","-1","https://s.yimg.com/uu/api/res/1.2/Obs7QdBsBlCcAQYkWHMbbA--~B/Zmk9c3RyaW07aD0yMDA7cHlvZmY9MDt3PTIwMDtzbT0xO2FwcGlkPXl0YWNoeW9u/http://media.zenfs.com/en-US/homerun/marie_claire_447/8ed90a6dd74c8956ec951f3b96f3bdcc","-1","-1","200","-1","0","10799","77","163","","public,max-age=2592000,immutable","181105_P9_M","-1","243","-1","100","2555491","9161","1111","-1","GET","9161","","","0.35","-1","-1","s.yimg.com","100","-1","https://www.yahoo.com/","2","941","/uu/api/res/1.2/Obs7QdBsBlCcAQYkWHMbbA--~B/Zmk9c3RyaW07aD0yMDA7cHlvZmY9MDt3PTIwMDtzbT0xO2FwcGlkPXl0YWNoeW9u/http://media.zenfs.com/en-US/homerun/marie_claire_447/8ed90a6dd74c8956ec951f3b96f3bdcc","100","","Yahoo","1396","1111","1354","1354","1396","42","1111","1396","285","32","33","1","0","h2","low","","","","1","50",
"69.147.82.61","281","4835","","-1","100","Image","3","-1","-1","image/jpeg","","1","","-1","-1","https://s.yimg.com/uu/api/res/1.2/.QgF5KgVpYjd9UUjqjgytw--~B/Zmk9c3RyaW07aD0yMDA7cHlvZmY9MDt3PTIwMDtzbT0xO2FwcGlkPXl0YWNoeW9u/http://media.zenfs.com/en-GB/homerun/the_independent_635/c13d702240e40e67d07ab62bbcdc6c8c","-1","-1","200","-1","0","6473","77","165","","public,max-age=2592000,immutable","181105_P9_M","-1","218","-1","100","2568084","4835","1111","-1","GET","4835","","","0.33","-1","-1","s.yimg.com","100","-1","https://www.yahoo.com/","2","940","/uu/api/res/1.2/.QgF5KgVpYjd9UUjqjgytw--~B/Zmk9c3RyaW07aD0yMDA7cHlvZmY9MDt3PTIwMDtzbT0xO2FwcGlkPXl0YWNoeW9u/http://media.zenfs.com/en-GB/homerun/the_independent_635/c13d702240e40e67d07ab62bbcdc6c8c","100","","Yahoo","1392","1111","1329","1329","1392","63","1111","1392","281","33","34","1","0","h2","low","","","","1","50",
"69.147.82.61","478","7894","","-1","100","Image","3","-1","-1","image/jpeg","","1","","-1","-1","https://s.yimg.com/uu/api/res/1.2/7Nk5RFUZyHn1iz6D3Vkodg--~B/Zmk9c3RyaW07aD0yMDA7cHlvZmY9MDt3PTIwMDtzbT0xO2FwcGlkPXl0YWNoeW9u/http://media.zenfs.com/en-US/homerun/refinery29_778/20f5ea4f51ce23b48818d7c9fc514ed0","-1","-1","200","-1","0","9531","77","162","","public,max-age=2592000,immutable","181105_P9_M","-1","247","-1","100","2583218","7894","1112","-1","GET","7894","","","0.37","-1","-1","s.yimg.com","100","-1","https://www.yahoo.com/","2","942","/uu/api/res/1.2/7Nk5RFUZyHn1iz6D3Vkodg--~B/Zmk9c3RyaW07aD0yMDA7cHlvZmY9MDt3PTIwMDtzbT0xO2FwcGlkPXl0YWNoeW9u/http://media.zenfs.com/en-US/homerun/refinery29_778/20f5ea4f51ce23b48818d7c9fc514ed0","100","","Yahoo","1590","1112","1359","1359","1590","231","1112","1590","478","34","35","1","0","h2","low","","","","1","50",
"69.147.82.61","288","7062","","-1","100","Image","3","-1","-1","image/jpeg","","1","","-1","-1","https://s.yimg.com/uu/api/res/1.2/0LMT8uTKZv1YHYuOxxYOfg--~B/Zmk9c3RyaW07aD0yMDA7cHlvZmY9MDt3PTIwMDtzbT0xO2FwcGlkPXl0YWNoeW9u/http://media.zenfs.com/en-US/video/video.kabc.abc.news.com/387bcfdfefcb688ffcf3cef269ed2ecf","-1","-1","200","-1","0","8701","77","167","","public,max-age=2592000,immutable","181105_P9_M","-1","244","-1","100","2462400","7062","1112","-1","GET","7062","","","0.36","-1","-1","s.yimg.com","100","-1","https://www.yahoo.com/","2","942","/uu/api/res/1.2/0LMT8uTKZv1YHYuOxxYOfg--~B/Zmk9c3RyaW07aD0yMDA7cHlvZmY9MDt3PTIwMDtzbT0xO2FwcGlkPXl0YWNoeW9u/http://media.zenfs.com/en-US/video/video.kabc.abc.news.com/387bcfdfefcb688ffcf3cef269ed2ecf","100","","Yahoo","1400","1112","1356","1356","1400","44","1112","1400","288","35","36","1","0","h2","low","","","","1","50",
"69.147.82.61","283","11871","","-1","100","Image","3","-1","-1","image/jpeg","","1","","-1","-1","https://s.yimg.com/uu/api/res/1.2/ZlxZfCbr8H.8ApXoygRa7A--~B/Zmk9c3RyaW07aD0yMDA7cHlvZmY9MDt3PTIwMDtzbT0xO2FwcGlkPXl0YWNoeW9u/http://l.yimg.com/av/curveball/ads/pr/NONE/450x450/01a214637ee5e4cdacdbbef2d3921549.jpeg","-1","-1","200","-1","0","13499","77","165","","max-age:31536000,public","181105_P9_M","-1","234","-1","100","0","11871","1112","-1","GET","11871","","","0.34","-1","-1","s.yimg.com","100","-1","https://www.yahoo.com/","2","941","/uu/api/res/1.2/ZlxZfCbr8H.8ApXoygRa7A--~B/Zmk9c3RyaW07aD0yMDA7cHlvZmY9MDt3PTIwMDtzbT0xO2FwcGlkPXl0YWNoeW9u/http://l.yimg.com/av/curveball/ads/pr/NONE/450x450/01a214637ee5e4cdacdbbef2d3921549.jpeg","0","","Yahoo","1395","1112","1346","1346","1395","49","1112","1395","283","36","37","1","0","h2","low","","","","1","0",
"69.147.82.61","479","","","-1","-1","Script","3","-1","-1","application/javascript","0","1","","100","-1","https://s.yimg.com/ss/rapid-3.53.1.js","-1","-1","200","-1","","18434","77","29","","max-age=31536000, immutable","181105_P9_M","-1","329","-1","100","30215980","47110","1114","-1","GET","17027","17027","","0.40","-1","-1","s.yimg.com","100","-1","https://www.yahoo.com/","2","945","/ss/rapid-3.53.1.js","100","","Yahoo","1593","1114","1443","1443","1593","150","1114","1593","479","37","38","1","0","h2","high","","gzip","","","",
"69.147.82.61","482","","","-1","-1","Script","3","-1","-1","application/javascript; charset=utf-8","0","1","","100","-1","https://s.yimg.com/rq/darla/3-4-0/js/g-r-min.js","-1","-1","200","-1","","89059","77","37","","public,max-age=86400","181105_P9_M","-1","248","-1","100","54544","207999","1114","-1","GET","87646","87646","","0.39","-1","-1","s.yimg.com","100","-1","https://www.yahoo.com/","2","945","/rq/darla/3-4-0/js/g-r-min.js","50","","Yahoo","1596","1114","1362","1362","1596","234","1114","1596","482","38","39","1","0","h2","high","","gzip","","","",
"69.147.64.34","176","975","","-1","100","Image","3","908","1114","image/jpeg","","1","","-1","1010","https://ct.yimg.com/cy/1768/39361574426_98028a_48sq.jpg","74","1010","200","104","0","2653","77","223","","max-age=604800,public","181105_P9_M","982","34","983","100","172481","975","1118","27","GET","975","","","0.32","-1","-1","ct.yimg.com","100","-1","https://www.yahoo.com/","3","861","/cy/1768/39361574426_98028a_48sq.jpg","50","","Yahoo","1294","1118","1152","1152","1294","142","908","1294","381","39","40","1","0","h2","low","","","Wed, 07 Nov 2018 00:53:59 UTC","1","50",
"69.147.82.61","1010","","","-1","-1","Script","3","-1","-1","application/javascript","0","1","","100","-1","https://s.yimg.com/os/yaft/yaft-0.3.14.min.js","-1","-1","200","-1","","7310","77","35","","public, max-age=536112000","181105_P9_M","-1","323","-1","100","536110097","16720","1121","-1","GET","5745","5745","","0.46","-1","-1","s.yimg.com","100","-1","https://www.yahoo.com/","2","946","/os/yaft/yaft-0.3.14.min.js","100","","Yahoo","2131","1121","1444","1444","2131","687","1121","2131","1010","40","41","1","0","h2","high","","gzip","Sun, 15 Jul 2035 23:00:26 GMT","","",
"69.147.82.61","1016","","","-1","-1","Script","3","-1","-1","application/javascript","0","1","","100","-1","https://s.yimg.com/os/yaft/yaft-plugin-aftnoad-0.1.5.min.js","-1","-1","200","-1","","2264","77","45","","public,max-age=536112000","181105_P9_M","-1","323","-1","100","536106184","1144","1121","-1","GET","585","585","","0.47","-1","-1","s.yimg.com","100","-1","https://www.yahoo.com/","2","946","/os/yaft/yaft-plugin-aftnoad-0.1.5.min.js","100","","Yahoo","2137","1121","1444","1444","2137","693","1121","2137","1016","41","42","1","0","h2","high","","gzip","Wed, 16 May 2035 11:15:02 GMT","","",
"69.147.82.61","474","","","-1","-1","Script","3","-1","-1","application/javascript","0","1","","100","-1","https://s.yimg.com/aaq/wf/wf-core-1.4.2.js","-1","-1","200","-1","","24240","77","33","","public,max-age=315360000","181105_P9_M","-1","322","-1","100","315339836","93094","1121","-1","GET","22788","22788","","0.45","-1","-1","s.yimg.com","100","-1","https://www.yahoo.com/","2","946","/aaq/wf/wf-core-1.4.2.js","100","","Yahoo","1595","1121","1443","1443","1595","152","1121","1595","474","42","43","1","0","h2","high","","gzip","","","",
"69.147.82.61","473","","","-1","-1","Script","3","-1","-1","application/x-javascript","0","1","","100","-1","https://s.yimg.com/nn/lib/metro/g/myy/caas-viewer_0.0.169.js","-1","-1","200","-1","","10272","77","46","","max-age=31536000, public, immutable","181105_P9_M","-1","321","-1","100","31536000","28951","1121","-1","GET","8862","8862","","0.42","-1","-1","s.yimg.com","100","-1","https://www.yahoo.com/","2","945","/nn/lib/metro/g/myy/caas-viewer_0.0.169.js","100","","Yahoo","1594","1121","1442","1442","1594","152","1121","1594","473","43","44","1","0","h2","high","","gzip","","","",
"69.147.82.61","472","","","-1","-1","Script","3","-1","-1","application/x-javascript","0","1","","100","-1","https://s.yimg.com/nn/lib/metro/g/myy/livestream-manager_0.0.32.js","-1","-1","200","-1","","3210","77","50","","max-age=31536000, public, immutable","181105_P9_M","-1","321","-1","100","31536000","4210","1121","-1","GET","1800","1800","","0.41","-1","-1","s.yimg.com","100","-1","https://www.yahoo.com/","2","945","/nn/lib/metro/g/myy/livestream-manager_0.0.32.js","100","","Yahoo","1593","1121","1442","1442","1593","151","1121","1593","472","44","45","1","0","h2","high","","gzip","","","",
"69.147.82.61","473","","","-1","-1","Script","3","-1","-1","application/x-javascript","0","1","","100","-1","https://s.yimg.com/nn/lib/metro/g/myy/video-manager-standalone_0.0.44.js","-1","-1","200","-1","","5458","77","54","","max-age=31536000, public, immutable","181105_P9_M","-1","321","-1","100","31536000","10998","1122","-1","GET","4048","4048","","0.44","-1","-1","s.yimg.com","100","-1","https://www.yahoo.com/","2","946","/nn/lib/metro/g/myy/video-manager-standalone_0.0.44.js","100","","Yahoo","1595","1122","1443","1443","1595","152","1122","1595","473","45","46","1","0","h2","high","","gzip","","","",
"69.147.82.61","473","","","-1","-1","Script","3","-1","-1","application/x-javascript","0","1","","100","-1","https://s.yimg.com/nn/lib/metro/g/myy/history_0.0.24.js","-1","-1","200","-1","","1994","77","42","","max-age=31536000, public, immutable","181105_P9_M","-1","321","-1","100","31536000","1468","1122","-1","GET","585","585","","0.43","-1","-1","s.yimg.com","100","-1","https://www.yahoo.com/","2","946","/nn/lib/metro/g/myy/history_0.0.24.js","100","","Yahoo","1595","1122","1443","1443","1595","152","1122","1595","473","46","47","1","0","h2","high","","gzip","","","",
"69.147.82.61","806","11514","","-1","100","Image","3","-1","-1","image/png","","1","","-1","-1","https://s.yimg.com/dh/ap/default/150604/orb.png","-1","-1","200","-1","0","13142","181","36","","max-age=31536000,public","181105_P9_M","-1","34","-1","100","31025375","11514","1490","-1","GET","11514","","","0.51","-1","-1","s.yimg.com","100","-1","https://www.yahoo.com/","2","1487","/dh/ap/default/150604/orb.png","100","","Yahoo","2296","1490","1524","1524","2296","772","1490","2296","806","47","48","1","0","h2","low","","","Sat, 05 Sep 2026 00:00:00 GMT","","",
"192.229.163.248","584","43","","-1","100","Image","3","1432","1707","image/gif","","1","","-1","1572","https://aka-cdn.adtechus.com/images/ATCollapse.gif","106","1572","200","135","0","284","115","218","","max-age=608400","181105_P9_M","1538","53","1539","100","608400","43","1713","33","GET","43","","71","0.49","-1","-1","aka-cdn.adtechus.com","100","-1","https://www.yahoo.com/","4","1423","/images/ATCollapse.gif","100","","Edgecast","2297","1713","1766","1766","2297","531","1432","2297","858","48","49","1","0","h2","low","","","Mon, 12 Nov 2018 01:59:18 GMT","","",
"98.138.219.232","401","","","-1","-1","XHR","3","-1","-1","application/x-javascript","0","1","","100","-1","https://www.yahoo.com/lib/metro/g/myy/rapidworker_1_2_0.0.30.js","-1","-1","200","-1","","9153","1","96","","max-age=31536000, public, immutable","181105_P9_M","-1","49","-1","0","31515528","16605","1898","-1","GET","7125","7125","12815","0.54","-1","-1","www.yahoo.com","100","-1","https://s.yimg.com/ss/rapid-3.53.1.js","1","1897","/lib/metro/g/myy/rapidworker_1_2_0.0.30.js","100","","","2299","1898","1947","1947","2299","352","1898","2299","401","49","50","1","0","h2","medium","","gzip","","","",
"98.138.219.232","316","","","-1","-1","Fetch","3","-1","-1","application/json","0","1","","100","-1","https://www.yahoo.com/fpjs/viewer/?device=smartphone&bucket=MFPNAD01,FPMRAP12,strm013&rid=7os92j5dtv5f5&site=fp&lang=en-US&region=US&features=enableSlickVideo,enableVideoDocking&uuid=390ddfa2-e12d-3fae-8232-e3252de83abf,6c98a1ed-0f70-39e1-9cdd-64d824fbb1b5,7ab9dbe4-11f2-3d5c-9e78-9c7f1267dcfd,b3cca145-631e-3742-9ef2-1a6cecdc788c,bcde7f4a-c61c-3ded-9d76-e97516b0daa7,efcb1423-d7a4-350b-9521-fd8734c4734c","-1","-1","200","-1","","20123","1","291","","private","181105_P9_M","-1","82","-1","0","0","79286","1991","-1","GET","18735","18735","91691","0.55","-1","-1","www.yahoo.com","100","-1","https://s.yimg.com/aaq/wf/wf-core-1.4.2.js","1","1990","/fpjs/viewer/?device=smartphone&bucket=MFPNAD01,FPMRAP12,strm013&rid=7os92j5dtv5f5&site=fp&lang=en-US&region=US&features=enableSlickVideo,enableVideoDocking&uuid=390ddfa2-e12d-3fae-8232-e3252de83abf,6c98a1ed-0f70-39e1-9cdd-64d824fbb1b5,7ab9dbe4-11f2-3d5c-9e78-9c7f1267dcfd,b3cca145-631e-3742-9ef2-1a6cecdc788c,bcde7f4a-c61c-3ded-9d76-e97516b0daa7,efcb1423-d7a4-350b-9521-fd8734c4734c","0","","","2307","1991","2073","2073","2307","234","1991","2307","316","50","51","1","0","h2","medium","","gzip","","","",
"98.138.219.232","349","","","-1","-1","Fetch","3","-1","-1","application/json","0","1","","100","-1","https://www.yahoo.com/fpjs/viewer/?device=smartphone&bucket=MFPNAD01,FPMRAP12,strm013&rid=7os92j5dtv5f5&site=fp&lang=en-US&region=US&features=enableSlickVideo,enableVideoDocking&uuid=00df2a35-ee7b-3c0b-85da-5987ce578ca9,08ff0334-a68e-350f-aee5-14b2ce51b292,14eeb1c9-8dc1-35e5-b6df-0c55f83ab227,512c7e37-54c3-397b-896a-515c7c883054,622a778a-1dae-30c5-b373-9f99af6976d8,84676b5a-bbfe-32ca-8ca7-4250ea166254,9507e147-0ace-333c-abcc-5a723b38528d,9c104e0c-9898-3185-86d7-a1b6283d51bd,dcf79402-cb8d-3387-90f6-8b074f9b2dc7,f6c5ccf6-782c-3e65-8af2-13b080bbfba5","-1","-1","200","-1","","31213","1","398","","private","181105_P9_M","-1","101","-1","0","0","148992","1991","-1","GET","30772","30772","91691","0.56","-1","-1","www.yahoo.com","100","-1","https://s.yimg.com/aaq/wf/wf-core-1.4.2.js","1","1990","/fpjs/viewer/?device=smartphone&bucket=MFPNAD01,FPMRAP12,strm013&rid=7os92j5dtv5f5&site=fp&lang=en-US&region=US&features=enableSlickVideo,enableVideoDocking&uuid=00df2a35-ee7b-3c0b-85da-5987ce578ca9,08ff0334-a68e-350f-aee5-14b2ce51b292,14eeb1c9-8dc1-35e5-b6df-0c55f83ab227,512c7e37-54c3-397b-896a-515c7c883054,622a778a-1dae-30c5-b373-9f99af6976d8,84676b5a-bbfe-32ca-8ca7-4250ea166254,9507e147-0ace-333c-abcc-5a723b38528d,9c104e0c-9898-3185-86d7-a1b6283d51bd,dcf79402-cb8d-3387-90f6-8b074f9b2dc7,f6c5ccf6-782c-3e65-8af2-13b080bbfba5","0","","","2340","1991","2092","2092","2340","248","1991","2340","349","51","52","1","0","h2","medium","","gzip","","","",
"98.138.219.232","257","","","-1","-1","Fetch","3","-1","-1","application/json; charset=utf-8","0","1","","100","-1","https://www.yahoo.com/tdv2_fp/remote?config.setDiscoveredCookie=true&config.xhrPathPrefix=%2Ftdv2_fp%2Fremote&ctrl=UserIntentPreference&m_id=tdv2-applet-cards&m_mode=json","-1","-1","200","-1","","1013","1","119","","","181105_P9_M","-1","45","-1","0","0","42","2045","-1","GET","61","61","91691","0.57","-1","-1","www.yahoo.com","100","-1","https://s.yimg.com/aaq/wf/wf-core-1.4.2.js","1","2044","/tdv2_fp/remote?config.setDiscoveredCookie=true&config.xhrPathPrefix=%2Ftdv2_fp%2Fremote&ctrl=UserIntentPreference&m_id=tdv2-applet-cards&m_mode=json","0","","","2302","2045","2090","2090","2302","212","2045","2302","257","52","53","1","0","h2","medium","","gzip","","","",
"69.147.82.61","232","36384","","-1","100","Image","3","-1","-1","image/jpeg","","1","","-1","-1","https://s.yimg.com/uu/api/res/1.2/9ANDaZyfd8WhulmzCmBgOw--~B/Zmk9c3RyaW07aD00MzI7cHlvZmY9MDtxPTgwO3c9NzY4O3NtPTE7YXBwaWQ9eXRhY2h5b24-/https://media-mbst-pub-ue1.s3.amazonaws.com/creatr-uploaded-images/2018-11/6b932570-e06e-11e8-be7f-1fab52e5fe0f","-1","-1","200","-1","0","37988","1","186","","public, max-age=604800","181105_P9_M","-1","40","-1","100","590677","36384","2071","-1","GET","36384","","1519","0.58","-1","-1","s.yimg.com","100","-1","https://s.yimg.com/aaq/wf/wf-image-1.0.8.js","2","2070","/uu/api/res/1.2/9ANDaZyfd8WhulmzCmBgOw--~B/Zmk9c3RyaW07aD00MzI7cHlvZmY9MDtxPTgwO3c9NzY4O3NtPTE7YXBwaWQ9eXRhY2h5b24-/https://media-mbst-pub-ue1.s3.amazonaws.com/creatr-uploaded-images/2018-11/6b932570-e06e-11e8-be7f-1fab52e5fe0f","50","","Yahoo","2303","2071","2111","2111","2303","192","2071","2303","232","53","54","1","0","h2","low","","","","1","0",
"69.147.82.61","232","1382","","-1","100","Image","3","-1","-1","image/jpeg","","1","","-1","-1","https://s.yimg.com/lo/api/res/1.2/.0HltvzuUDiV3vQjVE3CDQ--~B/YXBwaWQ9eW15O3c9NjA-/https://ct.yimg.com/cy/4580/37434900783_4a816a_192sq.jpg","-1","-1","200","-1","0","2956","1","106","","max-age=604800,public","181105_P9_M","-1","45","-1","100","591043","1382","2072","-1","GET","1382","","1519","0.59","-1","-1","s.yimg.com","100","-1","https://s.yimg.com/aaq/wf/wf-image-1.0.8.js","2","2071","/lo/api/res/1.2/.0HltvzuUDiV3vQjVE3CDQ--~B/YXBwaWQ9eW15O3c9NjA-/https://ct.yimg.com/cy/4580/37434900783_4a816a_192sq.jpg","50","","Yahoo","2304","2072","2117","2117","2304","187","2072","2304","232","54","55","1","0","h2","low","","","","1","50",
"69.147.82.61","234","52751","","-1","100","Image","3","-1","-1","image/jpeg","","1","","-1","-1","https://s.yimg.com/uu/api/res/1.2/BTrkOg1ZrCMfKgR.BHnI.g--~B/Zmk9c3RyaW07aD00MzI7cHlvZmY9MDtxPTgwO3c9NzY4O3NtPTE7YXBwaWQ9eXRhY2h5b24-/https://media-mbst-pub-ue1.s3.amazonaws.com/creatr-uploaded-images/2018-11/622a89b0-e05f-11e8-afdf-315c36b60c7d","-1","-1","200","-1","0","54355","1","186","","public, max-age=604800","181105_P9_M","-1","46","-1","100","582719","52751","2073","-1","GET","52751","","1519","0.60","-1","-1","s.yimg.com","100","-1","https://s.yimg.com/aaq/wf/wf-image-1.0.8.js","2","2072","/uu/api/res/1.2/BTrkOg1ZrCMfKgR.BHnI.g--~B/Zmk9c3RyaW07aD00MzI7cHlvZmY9MDtxPTgwO3c9NzY4O3NtPTE7YXBwaWQ9eXRhY2h5b24-/https://media-mbst-pub-ue1.s3.amazonaws.com/creatr-uploaded-images/2018-11/622a89b0-e05f-11e8-afdf-315c36b60c7d","50","","Yahoo","2307","2073","2119","2119","2307","188","2073","2307","234","55","56","1","0","h2","low","","","","1","0",
"69.147.82.61","234","1511","","-1","100","Image","3","-1","-1","image/jpeg","","1","","-1","-1","https://s.yimg.com/lo/api/res/1.2/XxzTm36LUif1G9ResaojBA--~B/YXBwaWQ9eW15O3c9NjA-/https://ct.yimg.com/cy/1772/29332397299_879050_o.jpg","-1","-1","200","-1","0","3082","1","102","","max-age=604800,public","181105_P9_M","-1","57","-1","100","355110","1511","2074","-1","GET","1511","","1519","0.61","-1","-1","s.yimg.com","100","-1","https://s.yimg.com/aaq/wf/wf-image-1.0.8.js","2","2073","/lo/api/res/1.2/XxzTm36LUif1G9ResaojBA--~B/YXBwaWQ9eW15O3c9NjA-/https://ct.yimg.com/cy/1772/29332397299_879050_o.jpg","50","","Yahoo","2308","2074","2131","2131","2308","177","2074","2308","234","56","57","1","0","h2","low","","","","1","50",
"66.218.84.43","216","","","-1","-1","XHR","3","1845","2156","","","1","","-1","1972","https://udc.yahoo.com/v2/public/yql?yhlVer=2&yhlClient=rapid&yhlS=1197228339&yhlCT=2&yhlBTMS=1541379558680&yhlClientVer=3.53.1&yhlRnd=8nZfk9J9dDOAbt37&yhlCompressed=0","73","1972","204","184","","1044","1","2119","","private, no-cache, no-store, must-revalidate, max-age=0","181105_P9_M","1918","78","1919","-1","","0","2158","53","POST","0","","9656","0.53","-1","-1","udc.yahoo.com","-1","-1","https://s.yimg.com/ss/rapid-3.53.1.js","5","1844","/v2/public/yql?yhlVer=2&yhlClient=rapid&yhlS=1197228339&yhlCT=2&yhlBTMS=1541379558680&yhlClientVer=3.53.1&yhlRnd=8nZfk9J9dDOAbt37&yhlCompressed=0","-1","","","2374","2158","2236","2236","2374","138","1845","2374","526","57","58","1","0","h2","medium","","","Wed, 01 Mar 1995 00:00:00 GMT","","",
"","177","","","-1","-1","Beacon","3","-1","-1","image/gif","","1","","-1","-1","https://www.yahoo.com/p.gif?beaconType=saready&timeFromNavigationStart=2171&timeFromDomLoading=1365","-1","-1","200","-1","","1356","1","0","","private","181105_P9_M","-1","176","-1","0","0","0","2167","-1","POST","153","","81819","0.62","-1","-1","www.yahoo.com","100","-1","https://s.yimg.com/aaq/wf/wf-core-1.4.2.js","-1","2167","/p.gif?beaconType=saready&timeFromNavigationStart=2171&timeFromDomLoading=1365","0","","","2344","2167","2343","2343","2344","1","2167","2344","177","58","59","1","0","","","","","","","",
"98.138.219.232","169","","","-1","-1","XHR","3","-1","-1","application/json; charset=utf-8; charset=utf-8","0","1","","100","-1","https://www.yahoo.com/_td_api/resource/notificationHistory;count=4;imageTag=img%3A40x40%7C2%7C80;lastUpdate=1541379559;lang=en-US;region=US","-1","-1","200","-1","","1763","102","389","","private","181105_P9_M","-1","72","-1","0","0","1755","2176","-1","GET","862","862","56445","0.63","-1","-1","www.yahoo.com","100","-1","https://www.yahoo.com/","1","2175","/_td_api/resource/notificationHistory;count=4;imageTag=img%3A40x40%7C2%7C80;lastUpdate=1541379559;lang=en-US;region=US","0","","","2345","2176","2248","2248","2345","97","2176","2345","169","59","60","1","0","h2","medium","","gzip","","","",
"","291","","","-1","-1","Beacon","3","-1","-1","image/gif","","1","","-1","-1","https://www.yahoo.com/p.gif?for=Function&beaconType=wafer_log&info=%7B%22duration%22%3A291%2C%22source%22%3A%22NETWORK%22%2C%22url%22%3A%22/tdv2_fp/remote%3Fconfig.setDiscoveredCookie%3Dtrue%26config.xhrPathPrefix%3D%252Ftdv2_fp%252Fremote%26ctrl%3DUserIntentPreference%26m_id%3Dtdv2-applet-cards%26m_mode%3Djson%22%7D&rid=7os92j5dtv5f5&bucket=MFPNAD01,FPMRAP12,strm013&apptype=default","-1","-1","200","-1","","2064","1","0","","private","181105_P9_M","-1","291","-1","0","0","0","2325","-1","POST","153","","81819","0.64","-1","-1","www.yahoo.com","100","-1","https://s.yimg.com/aaq/wf/wf-core-1.4.2.js","-1","2325","/p.gif?for=Function&beaconType=wafer_log&info=%7B%22duration%22%3A291%2C%22source%22%3A%22NETWORK%22%2C%22url%22%3A%22/tdv2_fp/remote%3Fconfig.setDiscoveredCookie%3Dtrue%26config.xhrPathPrefix%3D%252Ftdv2_fp%252Fremote%26ctrl%3DUserIntentPreference%26m_id%3Dtdv2-applet-cards%26m_mode%3Djson%22%7D&rid=7os92j5dtv5f5&bucket=MFPNAD01,FPMRAP12,strm013&apptype=default","0","","","2616","2325","2616","2616","2616","0","2325","2616","291","60","61","1","0","","","","","","","",
"69.147.82.61","267","7531","","-1","100","Image","3","-1","-1","image/png","","1","","-1","-1","https://s.yimg.com/cv/ae/news/Purple-News.png","-1","-1","200","-1","0","9159","102","35","","max-age=31536000,public","181105_P9_M","-1","28","-1","100","30503042","7531","2348","-1","GET","7531","","59802","0.65","-1","-1","s.yimg.com","100","-1","https://www.yahoo.com/","2","2347","/cv/ae/news/Purple-News.png","100","","Yahoo","2615","2348","2376","2376","2615","239","2348","2615","267","61","62","1","0","h2","low","","","Sat, 05 Sep 2026 00:00:00 GMT","","",
"69.147.82.61","295","","","-1","-1","Document","3","-1","-1","text/html; charset=utf-8","0","1","","100","-1","https://s.yimg.com/rq/darla/3-4-0/html/r-csc.html","-1","-1","200","-1","","2542","1","87","","public,max-age=86400","181105_P9_M","-1","41","-1","100","","2241","2484","-1","GET","1143","1143","24328","0.66","-1","-1","s.yimg.com","100","-1","https://s.yimg.com/rq/darla/3-4-0/js/g-r-min.js","2","2482","/rq/darla/3-4-0/html/r-csc.html","-1","","Yahoo","2779","2484","2525","2525","2779","254","2484","2779","295","62","63","1","0","h2","high","","gzip","","","",
"69.147.82.61","261","","","-1","-1","Document","3","-1","-1","text/html; charset=utf-8","0","1","","100","-1","https://s.yimg.com/rq/darla/3-4-0/html/r-sf.html","-1","-1","200","-1","","2032","1","37","","public,max-age=86400","181105_P9_M","-1","47","-1","100","","1432","2612","-1","GET","634","634","21094","0.67","-1","-1","s.yimg.com","100","-1","https://s.yimg.com/rq/darla/3-4-0/js/g-r-min.js","2","2611","/rq/darla/3-4-0/html/r-sf.html","-1","","Yahoo","2873","2612","2659","2659","2873","214","2612","2873","261","63","64","1","0","h2","high","","gzip","","","",
"52.72.184.229","220","","","-1","-1","XHR","3","1320","2643","application/json","0","1","","100","2516","https://guce.yahoo.com/v1/consentCheck?brandType=nonEu&done=https%3A%2F%2Fwww.yahoo.com%2F&gcrumb=80mtXH4=&lang=en-US&jsVersion=1.0.6","1117","2516","200","127","","625","2","484","","","181105_P9_M","2437","97","2438","0","0","162","2643","78","GET","167","167","12201","0.48","-1","-1","guce.yahoo.com","100","-1","https://s.yimg.com/oa/guce-1.0.6.js","6","1293","/v1/consentCheck?brandType=nonEu&done=https%3A%2F%2Fwww.yahoo.com%2F&gcrumb=80mtXH4=&lang=en-US&jsVersion=1.0.6","0","","","2863","2643","2740","2740","2863","123","1320","2863","1542","64","65","1","0","http/1.1","medium","","gzip","","","",
"66.218.84.43","214","","","-1","-1","XHR","3","-1","-1","","","1","","-1","-1","https://udc.yahoo.com/v2/public/yql?yhlVer=2&yhlClient=rapid&yhlS=1197228339&yhlCT=2&yhlBTMS=1541379559484&yhlClientVer=3.53.1&yhlRnd=agueZT2DledCisih&yhlCompressed=3","-1","-1","204","-1","","17","1","1910","","private, no-cache, no-store, must-revalidate, max-age=0","181105_P9_M","-1","99","-1","-1","","0","2650","-1","POST","0","","9656","0.68","-1","-1","udc.yahoo.com","-1","-1","https://s.yimg.com/ss/rapid-3.53.1.js","5","2648","/v2/public/yql?yhlVer=2&yhlClient=rapid&yhlS=1197228339&yhlCT=2&yhlBTMS=1541379559484&yhlClientVer=3.53.1&yhlRnd=agueZT2DledCisih&yhlCompressed=3","-1","","","2864","2650","2749","2749","2864","115","2650","2864","214","65","66","1","0","h2","medium","","","Wed, 01 Mar 1995 00:00:00 GMT","","",
"","190","","","-1","-1","Beacon","3","-1","-1","image/gif","","1","","-1","-1","https://geo.yahoo.com/p?s=1197228339&t=dO6Xotz1oRUbkmgQ,0.8353837219724454&_I=&_AO=0&_NOL=0&_R=&_P=3.53.1%05_pl%031%04A_v%033.53.1%04A_cn%03VERSIONED-PROD%04test%03MFPNAD01%2CFPMRAP12%2Cstrm013%04_bt%03rapid%04A_pr%03https%04A_tzoff%03-5%04A_sid%03J0JFNlUHpefM4M4O%04_w%03www.yahoo.com%2F%04_rid%037os92j5dtv5f5%04mrkt%03us%04pt%03home%04site%03fp%04ver%03ss%04uh_vw%030%04colo%03ne1%04navtype%03server%04bw%03375%04bh%03656%04A_pfb%0388%04A_pbp%03292%04A_psr%03379%04A_pol%032332%04A_pdi%032000%04A_pdl%0358%04A_psh%03127%04A_psc%03174%04A_pfe%031385%04etrg%03backgroundPost%04outcm%03performance%04usergenf%030%04etag%03performance%04_E%03pageperf%04_ts%031541379559%04_ms%03509%04A_sr%03375x667%04A_vr%03375x667%04A_do%03%04A_ib%03375x603%04A_ob%03375x603%04A_srr%032","-1","-1","200","-1","","876","1","0","","no-cache, no-store, private","181105_P9_M","-1","190","-1","-1","","0","2673","-1","POST","43","","7447","0.69","-1","-1","geo.yahoo.com","100","-1","https://s.yimg.com/ss/rapid-3.53.1.js","-1","2673","/p?s=1197228339&t=dO6Xotz1oRUbkmgQ,0.8353837219724454&_I=&_AO=0&_NOL=0&_R=&_P=3.53.1%05_pl%031%04A_v%033.53.1%04A_cn%03VERSIONED-PROD%04test%03MFPNAD01%2CFPMRAP12%2Cstrm013%04_bt%03rapid%04A_pr%03https%04A_tzoff%03-5%04A_sid%03J0JFNlUHpefM4M4O%04_w%03www.yahoo.com%2F%04_rid%037os92j5dtv5f5%04mrkt%03us%04pt%03home%04site%03fp%04ver%03ss%04uh_vw%030%04colo%03ne1%04navtype%03server%04bw%03375%04bh%03656%04A_pfb%0388%04A_pbp%03292%04A_psr%03379%04A_pol%032332%04A_pdi%032000%04A_pdl%0358%04A_psh%03127%04A_psc%03174%04A_pfe%031385%04etrg%03backgroundPost%04outcm%03performance%04usergenf%030%04etag%03performance%04_E%03pageperf%04_ts%031541379559%04_ms%03509%04A_sr%03375x667%04A_vr%03375x667%04A_do%03%04A_ib%03375x603%04A_ob%03375x603%04A_srr%032","-1","","","2863","2673","2863","2863","2863","0","2673","2863","190","66","67","1","0","","","","","","","",
"69.147.82.61","130","","","-1","-1","Script","3","-1","-1","application/javascript; charset=utf-8","0","1","","100","-1","https://s.yimg.com/rq/sbox/bv.js","-1","-1","200","-1","","1666","1","25","","public,max-age=1800","181105_P9_M","-1","37","-1","100","630","357","2842","-1","GET","257","257","88","0.70","-1","-1","s.yimg.com","100","-1","https://s.yimg.com/rq/darla/3-4-0/html/r-csc.html","2","2841","/rq/sbox/bv.js","0","","Yahoo","2972","2842","2879","2879","2972","93","2842","2972","130","67","68","1","0","h2","high","","gzip","","","",
"","363","","","-1","-1","Beacon","3","-1","-1","","","1","","-1","-1","https://ganon.yahoo.com/p?s=1197805870&t=1541379559707&outcm=decision&gm_crsn=1&gm_ra=3&gm_pjs=1640&_R=www.yahoo.com&_w=https%3A%2F%2Fwww.yahoo.com%2F&etrg=backgroundPost&ver=gucejs&gm_vn=1.0.6&gm_beu=0&gm_inline=1&gm_lang=en-US&gm_np=yahoo","-1","-1","-1","-1","","0","2","0","","","181105_P9_M","-1","363","-1","-1","","0","2871","-1","POST","0","","2153","0.71","-1","-1","ganon.yahoo.com","-1","-1","https://s.yimg.com/oa/guce-1.0.6.js","-1","2871","/p?s=1197805870&t=1541379559707&outcm=decision&gm_crsn=1&gm_ra=3&gm_pjs=1640&_R=www.yahoo.com&_w=https%3A%2F%2Fwww.yahoo.com%2F&etrg=backgroundPost&ver=gucejs&gm_vn=1.0.6&gm_beu=0&gm_inline=1&gm_lang=en-US&gm_np=yahoo","-1","","","3234","2871","3234","3234","3234","0","2871","3234","363","68","69","1","0","","","","","","","",
"69.147.82.61","145","","","-1","-1","Script","3","-1","-1","application/javascript; charset=utf-8","0","1","","100","-1","https://s.yimg.com/rq/darla/3-4-0/js/sfext-min.js","-1","-1","200","-1","","28969","34","74","","public,max-age=86400","181105_P9_M","-1","58","-1","100","22043","64745","2878","-1","GET","27556","27556","","0.72","-1","-1","s.yimg.com","100","-1","https://s.yimg.com/rq/darla/3-4-0/html/r-sf.html","2","2877","/rq/darla/3-4-0/js/sfext-min.js","50","","Yahoo","3023","2878","2936","2936","3023","87","2878","3023","145","69","70","1","0","h2","high","","gzip","","","",
"52.72.184.229","287","","","-1","-1","XHR","3","2652","2936","application/json","","1","","-1","2720","https://guce.yahoo.com/v1/consentRecord?consentTypes=iab%2CoathVendorsConsent&oathVendorIds=106","10","2720","400","216","","539","3","446","","","181105_P9_M","2662","46","2663","-1","","64","2937","57","GET","82","","1783","0.52","-1","-1","guce.yahoo.com","-1","-1","https://s.yimg.com/aaq/cmp/version/2.10.0/cmp.js","7","1559","/v1/consentRecord?consentTypes=iab%2CoathVendorsConsent&oathVendorIds=106","-1","","","3224","2937","2983","2983","3224","241","2652","3224","570","70","71","1","0","http/1.1","medium","","gzip","","","",
"","437","","","-1","-1","Image","3","-1","-1","","","1","","-1","-1","https://pr-bh.ybp.yahoo.com/fac-sync?cb=0.479209392877461","-1","-1","302","-1","","1344","1","0","","","181105_P9_M","-1","437","-1","-1","","0","3021","-1","GET","0","","217","0.74","-1","-1","pr-bh.ybp.yahoo.com","-1","-1","https://s.yimg.com/rq/sbox/bv.js","-1","3021","/fac-sync?cb=0.479209392877461","-1","","","3458","3021","3458","3458","3458","0","3021","3458","437","71","72","1","0","","","","","Thu, 01 Jan 1970 00:00:00 GMT","","",
"69.147.82.61","88","","","-1","-1","Script","3","-1","-1","application/javascript","0","1","","100","-1","https://s.yimg.com/lq/lib/3pm/cs_0.2.js","-1","-1","200","-1","","2527","773","31","","public,max-age=315360000","181105_P9_M","-1","34","-1","100","315193925","1420","3233","-1","GET","875","875","33","0.75","-1","-1","s.yimg.com","100","-1","https://www.yahoo.com/","2","3232","/lq/lib/3pm/cs_0.2.js","100","","Yahoo","3321","3233","3267","3267","3321","54","3233","3321","88","72","73","1","0","h2","high","","gzip","Thu, 18 May 2028 14:38:14 GMT","","",
"","217","","","-1","-1","Beacon","3","-1","-1","","","1","","-1","-1","https://beap.gemini.yahoo.com/mbcsc?bv=1.0.0&es=aIIrqDMGIS.ghQ.WFBkOsFm8gCuUNAxtHsiBvb3pI7OadZCMCexYmkeAeX3vbPpYfbFfJIJZmQbfq8tpszmyKfBTMqPr7.z7x7R28GuY0BdODU0_LgSP8AFaLI2a3DlixFQ1STLuKGgvYvCzxAt4w28wOBO4kG2TDMbKR27oVH5l75C_Kfs83NCeM6lUccHH1hE5wnDPBY2It4EjWIVPePJNuzB7BxSMhhsfubLij5HudDTgawPp6lJ7IHNOgPQo19r0P7Ai9XvfpS0N.PSat3Eab8vhi0.kDD.T0W3pRNNS1tfYMilzc4tGT2QhXfVqL8KpRpGdp6HXknsPZstDqhUdxLGG3z21p5Agzk3GVWJz6rCDEEy0Zx0GAsyB7H1LXR9FlbyF5LWVw1YFe5vAwDPUbaj5wsKGKPdo6RSZRPQOx.2NHsEOg8QbQg0-&ap=2","-1","-1","-1","-1","","0","1","0","","","181105_P9_M","-1","217","-1","-1","","0","3242","-1","POST","0","","81819","0.76","-1","-1","beap.gemini.yahoo.com","-1","-1","https://s.yimg.com/aaq/wf/wf-core-1.4.2.js","-1","3242","/mbcsc?bv=1.0.0&es=aIIrqDMGIS.ghQ.WFBkOsFm8gCuUNAxtHsiBvb3pI7OadZCMCexYmkeAeX3vbPpYfbFfJIJZmQbfq8tpszmyKfBTMqPr7.z7x7R28GuY0BdODU0_LgSP8AFaLI2a3DlixFQ1STLuKGgvYvCzxAt4w28wOBO4kG2TDMbKR27oVH5l75C_Kfs83NCeM6lUccHH1hE5wnDPBY2It4EjWIVPePJNuzB7BxSMhhsfubLij5HudDTgawPp6lJ7IHNOgPQo19r0P7Ai9XvfpS0N.PSat3Eab8vhi0.kDD.T0W3pRNNS1tfYMilzc4tGT2QhXfVqL8KpRpGdp6HXknsPZstDqhUdxLGG3z21p5Agzk3GVWJz6rCDEEy0Zx0GAsyB7H1LXR9FlbyF5LWVw1YFe5vAwDPUbaj5wsKGKPdo6RSZRPQOx.2NHsEOg8QbQg0-&ap=2","-1","","","3459","3242","3459","3459","3459","0","3242","3459","217","73","74","1","0","","","","","","","",
"152.195.32.163","187","","","-1","-1","Document","3","3021","3266","text/html","0","1","","100","3128","https://tag.sp.advertising.com/bid-apid/bid-apid-idsync.html","65","3128","200","138","","525","1","207","","","181105_P9_M","3086","25","3087","100","","136","3267","41","GET","124","124","136","0.73","-1","-1","tag.sp.advertising.com","100","-1","https://s.yimg.com/rq/sbox/bv.js","8","3020","/bid-apid/bid-apid-idsync.html","-1","","Edgecast","3454","3267","3292","3292","3454","162","3021","3454","431","74","75","1","0","h2","high","","gzip","","","",
"52.206.18.154","551","","","-1","-1","","3","-1","-1","text/plain","","1","","-1","-1","https://sync.adaptv.advertising.com/sync?rUrl=https://pr-bh.ybp.yahoo.com/sync/adaptv_ortb/csrc/7/%7Bcombo_uid%7D","-1","-1","410","-1","","89","","687","","","181105_P9_M","-1","54","-1","-1","","10","3458","-1","GET","10","","","0.74.1","-1","-1","sync.adaptv.advertising.com","-1","-1","","9","3458","/sync?rUrl=https://pr-bh.ybp.yahoo.com/sync/adaptv_ortb/csrc/7/%7Bcombo_uid%7D","-1","","","4009","3458","3512","3512","4009","497","3458","4009","551","75","76","1","0","http/1.1","low","","","","","",
"152.195.32.163","193","","","-1","-1","Script","3","-1","-1","application/javascript","0","1","","100","-1","https://tag.sp.advertising.com/bid-apid/bid-apid-idsync.js","-1","-1","200","-1","","1983","5","86","","","181105_P9_M","-1","145","-1","100","0","3811","3458","-1","GET","1568","1568","","0.77","-1","-1","tag.sp.advertising.com","100","-1","https://tag.sp.advertising.com/bid-apid/bid-apid-idsync.html","8","3456","/bid-apid/bid-apid-idsync.js","0","","Edgecast","3651","3458","3603","3603","3651","48","3458","3651","193","76","77","1","0","h2","high","","gzip","","","",
"","536","","","-1","-1","Image","3","-1","-1","","","1","","-1","-1","https://sb.scorecardresearch.com/p?c1=2&c2=7241469&c5=1197228339&c7=https%3A%2F%2Fwww.yahoo.com%2F&c14=-1&ns__t=1541379560310&ns_c=UTF-8","-1","-1","302","-1","","578","1","0","","private, no-cache, no-cache=Set-Cookie, no-store, proxy-revalidate","181105_P9_M","-1","536","-1","-1","","0","3474","-1","GET","0","","479","0.78","-1","-1","sb.scorecardresearch.com","-1","-1","https://s.yimg.com/lq/lib/3pm/cs_0.2.js","-1","3474","/p?c1=2&c2=7241469&c5=1197228339&c7=https%3A%2F%2Fwww.yahoo.com%2F&c14=-1&ns__t=1541379560310&ns_c=UTF-8","-1","","","4010","3474","4010","4010","4010","0","3474","4010","536","77","78","1","0","","","","","Mon, 01 Jan 1990 00:00:00 GMT","","",
"","85","","","-1","-1","Beacon","3","-1","-1","image/gif","","1","","-1","-1","https://www.yahoo.com/p.gif?for=IDB-connection-success&beaconType=wafer_log&info=%7B%22duration%22%3A1483%7D&rid=7os92j5dtv5f5&bucket=MFPNAD01,FPMRAP12,strm013&apptype=default","-1","-1","200","-1","","1355","1","0","","private","181105_P9_M","-1","85","-1","0","0","0","3678","-1","POST","153","","81819","0.79","-1","-1","www.yahoo.com","100","-1","https://s.yimg.com/aaq/wf/wf-core-1.4.2.js","-1","3678","/p.gif?for=IDB-connection-success&beaconType=wafer_log&info=%7B%22duration%22%3A1483%7D&rid=7os92j5dtv5f5&bucket=MFPNAD01,FPMRAP12,strm013&apptype=default","0","","","3763","3678","3763","3763","3763","0","3678","3763","85","78","79","1","0","","","","","","","",
"","423","","","-1","-1","Image","3","-1","-1","text/html;charset=utf-8","","1","","-1","-1","https://cms.analytics.yahoo.com/cms?partner_id=ADOBE&orig=ono","-1","-1","302","-1","","627","1","0","","","181105_P9_M","-1","423","-1","-1","","0","3683","-1","GET","0","","1558","0.80","-1","-1","cms.analytics.yahoo.com","-1","-1","https://tag.sp.advertising.com/bid-apid/bid-apid-idsync.js","-1","3683","/cms?partner_id=ADOBE&orig=ono","-1","","","4106","3683","4106","4106","4106","0","3683","4106","423","79","80","1","0","","","","","","","",
"","430","","","-1","-1","Image","3","-1","-1","text/html;charset=utf-8","","1","","-1","-1","https://cms.analytics.yahoo.com/cms?partner_id=VISPP&orig=ono","-1","-1","302","-1","","490","1","0","","","181105_P9_M","-1","430","-1","-1","","0","3684","-1","GET","0","","1558","0.81","-1","-1","cms.analytics.yahoo.com","-1","-1","https://tag.sp.advertising.com/bid-apid/bid-apid-idsync.js","-1","3684","/cms?partner_id=VISPP&orig=ono","-1","","","4114","3684","4114","4114","4114","0","3684","4114","430","80","81","1","0","","","","","","","",
"","81","","","-1","-1","Beacon","3","-1","-1","image/gif","","1","","-1","-1","https://www.yahoo.com/p.gif?for=IDB-connection-success&beaconType=wafer_log&info=%7B%22duration%22%3A1736%7D&rid=7os92j5dtv5f5&bucket=MFPNAD01,FPMRAP12,strm013&apptype=default","-1","-1","200","-1","","1356","1","0","","private","181105_P9_M","-1","81","-1","0","0","0","3930","-1","POST","153","","81819","0.82","-1","-1","www.yahoo.com","100","-1","https://s.yimg.com/aaq/wf/wf-core-1.4.2.js","-1","3930","/p.gif?for=IDB-connection-success&beaconType=wafer_log&info=%7B%22duration%22%3A1736%7D&rid=7os92j5dtv5f5&bucket=MFPNAD01,FPMRAP12,strm013&apptype=default","0","","","4011","3930","4011","4011","4011","0","3930","4011","81","81","82","1","0","","","","","","","",
"","107","","","-1","-1","Beacon","3","-1","-1","image/gif","","1","","-1","-1","https://geo.yahoo.com/p?s=1197228339&t=spjN5Jf0QZLxxawi,0.535741426207902&_I=&_AO=0&_NOL=0&_R=&_P=3.53.1%05_pl%031%04A_v%033.53.1%04A_cn%03VERSIONED-PROD%04test%03MFPNAD01%2CFPMRAP12%2Cstrm013%04_bt%03rapid%04A_pr%03https%04A_tzoff%03-5%04A_sid%03J0JFNlUHpefM4M4O%04_w%03www.yahoo.com%2F%04_rid%037os92j5dtv5f5%04mrkt%03us%04pt%03home%04site%03fp%04ver%03ss%04uh_vw%030%04colo%03ne1%04navtype%03server%04bw%03375%04bh%03656%04_guc%03AQEBAQFb4ONcskIjeQTg%26s%3DAQAAAAqluJte%26g%3DW9-V8Q%04A_cmi%03%7B%22AFT%22%3A2100%2C%22AFT1%22%3A2100%2C%22STR%22%3A2142%2C%22VIC%22%3A2100%2C%22PLT%22%3A2332%2C%22DOMC%22%3A1313%2C%22HTTPC%22%3A64%2C%22CP%22%3A95.6882255389718%2C%22NCP%22%3A100%7D%04A_utm%03%7B%22COSTLY_RESOURCE%22%3A1424%2C%22X_FB1%22%3A14%2C%22X_FBN%22%3A22%2C%22DARLA_RSTART%22%3A2399%2C%22ADSTART_WFPAD%22%3A2533%2C%22DARLA_REND%22%3A2618%2C%22ADEND_WFPAD%22%3A3225%2C%22CONNECTION_TYPE%22%3A%22unknown%22%7D%04etrg%03backgroundPost%04outcm%03performance%04usergenf%030%04etag%03performance%04_E%03pageperf%04_ts%031541379560%04_ms%03843%04A_sr%03375x667%04A_vr%03375x667%04A_do%03%04A_ib%03375x603%04A_ob%03375x603%04A_srr%032","-1","-1","200","-1","","876","1","0","","no-cache, no-store, private","181105_P9_M","-1","107","-1","-1","","0","4008","-1","POST","43","","7447","0.83","-1","-1","geo.yahoo.com","100","-1","https://s.yimg.com/ss/rapid-3.53.1.js","-1","4008","/p?s=1197228339&t=spjN5Jf0QZLxxawi,0.535741426207902&_I=&_AO=0&_NOL=0&_R=&_P=3.53.1%05_pl%031%04A_v%033.53.1%04A_cn%03VERSIONED-PROD%04test%03MFPNAD01%2CFPMRAP12%2Cstrm013%04_bt%03rapid%04A_pr%03https%04A_tzoff%03-5%04A_sid%03J0JFNlUHpefM4M4O%04_w%03www.yahoo.com%2F%04_rid%037os92j5dtv5f5%04mrkt%03us%04pt%03home%04site%03fp%04ver%03ss%04uh_vw%030%04colo%03ne1%04navtype%03server%04bw%03375%04bh%03656%04_guc%03AQEBAQFb4ONcskIjeQTg%26s%3DAQAAAAqluJte%26g%3DW9-V8Q%04A_cmi%03%7B%22AFT%22%3A2100%2C%22AFT1%22%3A2100%2C%22STR%22%3A2142%2C%22VIC%22%3A2100%2C%22PLT%22%3A2332%2C%22DOMC%22%3A1313%2C%22HTTPC%22%3A64%2C%22CP%22%3A95.6882255389718%2C%22NCP%22%3A100%7D%04A_utm%03%7B%22COSTLY_RESOURCE%22%3A1424%2C%22X_FB1%22%3A14%2C%22X_FBN%22%3A22%2C%22DARLA_RSTART%22%3A2399%2C%22ADSTART_WFPAD%22%3A2533%2C%22DARLA_REND%22%3A2618%2C%22ADEND_WFPAD%22%3A3225%2C%22CONNECTION_TYPE%22%3A%22unknown%22%7D%04etrg%03backgroundPost%04outcm%03performance%04usergenf%030%04etag%03performance%04_E%03pageperf%04_ts%031541379560%04_ms%03843%04A_sr%03375x667%04A_vr%03375x667%04A_do%03%04A_ib%03375x603%04A_ob%03375x603%04A_srr%032","-1","","","4115","4008","4115","4115","4115","0","4008","4115","107","82","83","1","0","","","","","","","",
"23.212.111.187","105","43","","-1","100","","3","-1","-1","image/gif","","1","","-1","-1","https://sb.scorecardresearch.com/p2?c1=2&c2=7241469&c5=1197228339&c7=https%3A%2F%2Fwww.yahoo.com%2F&c14=-1&ns__t=1541379560310&ns_c=UTF-8","-1","-1","200","-1","0","276","","931","","private, no-cache, no-cache=Set-Cookie, no-store, proxy-revalidate","181105_P9_M","-1","105","-1","100","","43","4010","-1","GET","43","","","0.78.1","-1","-1","sb.scorecardresearch.com","100","-1","","10","4010","/p2?c1=2&c2=7241469&c5=1197228339&c7=https%3A%2F%2Fwww.yahoo.com%2F&c14=-1&ns__t=1541379560310&ns_c=UTF-8","-1","","Akamai","4115","4010","4115","4115","4115","0","4010","4115","105","83","84","1","0","http/1.1","low","","","Mon, 01 Jan 1990 00:00:00 GMT","","",
"","503","","","-1","-1","","3","-1","-1","","","1","","-1","-1","https://dpm.demdex.net/ibs:dpid=30646?dpuuid=ZrWLNlHv0kgGRvzmif8pJ2CPgK.S4_PmG_1EBQ--&redir=https%3A%2F%2Fcms.analytics.yahoo.com%2Fcms%2F%3Fpartner_id%3DADOBE%26_origin%3Dfalse%26_redirect%3Dfalse%26_hosted_id%3D%24%7BDD_UUID%7D","-1","-1","302","-1","","512","","0","","no-cache,no-store,must-revalidate,max-age=0,proxy-revalidate,no-transform,private","181105_P9_M","-1","503","-1","-1","","0","4106","-1","GET","0","","","0.80.1","-1","-1","dpm.demdex.net","-1","-1","","-1","4106","/ibs:dpid=30646?dpuuid=ZrWLNlHv0kgGRvzmif8pJ2CPgK.S4_PmG_1EBQ--&redir=https%3A%2F%2Fcms.analytics.yahoo.com%2Fcms%2F%3Fpartner_id%3DADOBE%26_origin%3Dfalse%26_redirect%3Dfalse%26_hosted_id%3D%24%7BDD_UUID%7D","-1","","","4609","4106","4609","4609","4609","0","4106","4609","503","84","85","1","0","","","","","Thu, 01 Jan 1970 00:00:00 GMT","","",
"68.128.209.5","585","","","-1","-1","","3","-1","-1","application/octet-stream","","1","","-1","-1","https://auth.svcs.verizon.com:22790/5s1CeUgu?yahoo_id=y-kee2ZJt1lwENnIyWITUo5CFUs02L9VMMhi4-","-1","-1","200","-1","","182","","426","","","181105_P9_M","-1","55","-1","-1","","0","4114","-1","GET","0","","","0.81.1","-1","-1","auth.svcs.verizon.com:22790","100","-1","","11","4114","/5s1CeUgu?yahoo_id=y-kee2ZJt1lwENnIyWITUo5CFUs02L9VMMhi4-","-1","","","4699","4114","4169","4169","4699","530","4114","4699","585","85","86","1","0","http/1.1","low","","","","","",
"52.5.36.114","119","42","","-1","100","","3","-1","-1","image/gif","","1","","-1","-1","https://dpm.demdex.net/demconf.jpg?et:ibs%7cdata:dpid=30646","-1","-1","200","-1","0","449","","1161","","no-cache,no-store,must-revalidate,max-age=0,proxy-revalidate,no-transform,private","181105_P9_M","-1","118","-1","-1","","42","4609","-1","GET","42","","","0.80.2","-1","-1","dpm.demdex.net","100","-1","","12","4609","/demconf.jpg?et:ibs%7cdata:dpid=30646","-1","","","4728","4609","4727","4727","4728","1","4609","4728","119","86","87","1","0","http/1.1","low","","","Thu, 01 Jan 1970 00:00:00 GMT","","",
"","478","","","-1","-1","Document","3","-1","-1","text/html","","1","","-1","-1","https://yahoo.com/","-1","-1","301","-1","","446","","0","","no-store, no-cache","181105_P9_M","-1","478","-1","-1","","0","0","-1","GET","8","","","0.2","-1","-1","yahoo.com","-1","-1","","-1","0","/","-1","","","478","0","478","478","478","0","0","478","478","0","1","1","1","","","","","","","",
"72.30.35.9","574","","","-1","-1","Document","3","-1","-1","text/html; charset=UTF-8","0","1","","100","-1","https://www.yahoo.com/","-1","-1","200","-1","","61105","","760","","no-store, no-cache, max-age=0, private","181105_P9_M","-1","35","-1","-1","","263190","478","-1","GET","59853","59853","","0.2.1","-1","-1","www.yahoo.com","100","-1","","1","478","/","-1","","","1052","478","513","513","1052","539","478","1052","574","1","2","1","1","h2","high","1","gzip","-1","","",
"69.147.82.61","640","10835","","-1","100","Image","3","-1","-1","image/jpeg","","1","","-1","-1","https://s.yimg.com/uu/api/res/1.2/op4VB2vFZmrhhdf2CxATaw--~B/Zmk9c3RyaW07aD0yMDA7cHlvZmY9MDt3PTIwMDtzbT0xO2FwcGlkPXl0YWNoeW9u/http://media.zenfs.com/en-US/homerun/people_218/c38c4308c97c93a5e7322d0ea735ebcb","-1","-1","200","-1","0","12475","147","339","","public,max-age=2592000,immutable","181105_P9_M","-1","32","-1","100","2449250","10835","1358","-1","GET","10835","","","0.40","-1","-1","s.yimg.com","100","-1","https://www.yahoo.com/","2","1039","/uu/api/res/1.2/op4VB2vFZmrhhdf2CxATaw--~B/Zmk9c3RyaW07aD0yMDA7cHlvZmY9MDt3PTIwMDtzbT0xO2FwcGlkPXl0YWNoeW9u/http://media.zenfs.com/en-US/homerun/people_218/c38c4308c97c93a5e7322d0ea735ebcb","100","","Yahoo","1998","1358","1390","1390","1998","608","1358","1998","640","2","3","1","1","h2","low","","","","1","0",
"152.195.32.119","522","","","-1","-1","Image","3","1032","1480","","","1","","-1","1366","https://adserverec.adtechus.com/adperf|2.0|5113|4876172|0|0|AdId=-3;BnId=0;ct=1716769344;st=6291;ku=0;ccid=1;scid=1035504;iid=417;zcid=20463;subnid=1;camnid=5113;camsubnid=1;bnnr=0;ctlen=717;","304","1366","204","114","","84","117","325","","no-store, no-cache","181105_P9_M","1336","46","1339","-1","","0","1481","27","GET","0","","10","0.31","-1","-1","adserverec.adtechus.com","-1","-1","https://www.yahoo.com/","3","1030","/adperf|2.0|5113|4876172|0|0|AdId=-3;BnId=0;ct=1716769344;st=6291;ku=0;ccid=1;scid=1035504;iid=417;zcid=20463;subnid=1;camnid=5113;camsubnid=1;bnnr=0;ctlen=717;","-1","","","2003","1481","1527","1527","2003","476","1032","2003","967","3","4","1","1","h2","low","","","Mon, 15 Jun 1998 00:00:00 GMT","","",
"54.152.59.74","510","","","-1","-1","XHR","3","1008","1493","application/json","0","1","","100","1132","https://guce.yahoo.com/v1/consentRecord?consentTypes=iab%2CoathVendorsConsent&oathVendorIds=106","9","1132","200","361","","580","3","496","","","181105_P9_M","1017","72","1019","0","0","130","1493","113","GET","122","122","1783","0.29","-1","-1","guce.yahoo.com","100","-1","https://s.yimg.com/aaq/cmp/version/2.10.0/cmp.js","4","1006","/v1/consentRecord?consentTypes=iab%2CoathVendorsConsent&oathVendorIds=106","0","","","2003","1493","1565","1565","2003","438","1008","2003","993","4","5","1","1","http/1.1","medium","","gzip","","","",
"72.30.35.9","567","","","-1","-1","Fetch","3","-1","-1","application/json","0","1","","100","-1","https://www.yahoo.com/fpjs/viewer/?device=smartphone&bucket=MFPNAD01,FPMRAP12,strm013&rid=e1h54p9dtv5fr&site=fp&lang=en-US&region=US&features=enableSlickVideo,enableVideoDocking&uuid=390ddfa2-e12d-3fae-8232-e3252de83abf,6c98a1ed-0f70-39e1-9cdd-64d824fbb1b5,7ab9dbe4-11f2-3d5c-9e78-9c7f1267dcfd,b3cca145-631e-3742-9ef2-1a6cecdc788c,bcde7f4a-c61c-3ded-9d76-e97516b0daa7,efcb1423-d7a4-350b-9521-fd8734c4734c","-1","-1","200","-1","","19166","1","313","","private","181105_P9_M","-1","158","-1","0","0","79291","1527","-1","GET","18755","18755","91691","0.53","-1","-1","www.yahoo.com","100","-1","https://s.yimg.com/aaq/wf/wf-core-1.4.2.js","1","1521","/fpjs/viewer/?device=smartphone&bucket=MFPNAD01,FPMRAP12,strm013&rid=e1h54p9dtv5fr&site=fp&lang=en-US&region=US&features=enableSlickVideo,enableVideoDocking&uuid=390ddfa2-e12d-3fae-8232-e3252de83abf,6c98a1ed-0f70-39e1-9cdd-64d824fbb1b5,7ab9dbe4-11f2-3d5c-9e78-9c7f1267dcfd,b3cca145-631e-3742-9ef2-1a6cecdc788c,bcde7f4a-c61c-3ded-9d76-e97516b0daa7,efcb1423-d7a4-350b-9521-fd8734c4734c","0","","","2094","1527","1685","1685","2094","409","1527","2094","567","5","6","1","1","h2","medium","","gzip","","","",
"72.30.35.9","563","","","-1","-1","Fetch","3","-1","-1","application/json","0","1","","100","-1","https://www.yahoo.com/fpjs/viewer/?device=smartphone&bucket=MFPNAD01,FPMRAP12,strm013&rid=e1h54p9dtv5fr&site=fp&lang=en-US&region=US&features=enableSlickVideo,enableVideoDocking&uuid=00df2a35-ee7b-3c0b-85da-5987ce578ca9,08ff0334-a68e-350f-aee5-14b2ce51b292,14eeb1c9-8dc1-35e5-b6df-0c55f83ab227,565b2c50-fc2a-314b-bb17-0e1540f5b784,5e7c3f36-f9bb-3b4c-856c-c09b4af49e78,622a778a-1dae-30c5-b373-9f99af6976d8,84676b5a-bbfe-32ca-8ca7-4250ea166254,9507e147-0ace-333c-abcc-5a723b38528d,9c104e0c-9898-3185-86d7-a1b6283d51bd,f6c5ccf6-782c-3e65-8af2-13b080bbfba5","-1","-1","200","-1","","33247","1","398","","private","181105_P9_M","-1","176","-1","0","0","155818","1533","-1","GET","32917","32917","91691","0.54","-1","-1","www.yahoo.com","100","-1","https://s.yimg.com/aaq/wf/wf-core-1.4.2.js","1","1532","/fpjs/viewer/?device=smartphone&bucket=MFPNAD01,FPMRAP12,strm013&rid=e1h54p9dtv5fr&site=fp&lang=en-US&region=US&features=enableSlickVideo,enableVideoDocking&uuid=00df2a35-ee7b-3c0b-85da-5987ce578ca9,08ff0334-a68e-350f-aee5-14b2ce51b292,14eeb1c9-8dc1-35e5-b6df-0c55f83ab227,565b2c50-fc2a-314b-bb17-0e1540f5b784,5e7c3f36-f9bb-3b4c-856c-c09b4af49e78,622a778a-1dae-30c5-b373-9f99af6976d8,84676b5a-bbfe-32ca-8ca7-4250ea166254,9507e147-0ace-333c-abcc-5a723b38528d,9c104e0c-9898-3185-86d7-a1b6283d51bd,f6c5ccf6-782c-3e65-8af2-13b080bbfba5","0","","","2096","1533","1709","1709","2096","387","1533","2096","563","6","7","1","1","h2","medium","","gzip","","","",
"72.30.35.9","515","","","-1","-1","Fetch","3","-1","-1","application/json; charset=utf-8","0","1","","100","-1","https://www.yahoo.com/tdv2_fp/remote?config.setDiscoveredCookie=true&config.xhrPathPrefix=%2Ftdv2_fp%2Fremote&ctrl=UserIntentPreference&m_id=tdv2-applet-cards&m_mode=json","-1","-1","200","-1","","916","1","119","","","181105_P9_M","-1","157","-1","0","0","42","1580","-1","GET","61","61","91691","0.55","-1","-1","www.yahoo.com","100","-1","https://s.yimg.com/aaq/wf/wf-core-1.4.2.js","1","1577","/tdv2_fp/remote?config.setDiscoveredCookie=true&config.xhrPathPrefix=%2Ftdv2_fp%2Fremote&ctrl=UserIntentPreference&m_id=tdv2-applet-cards&m_mode=json","0","","","2095","1580","1737","1737","2095","358","1580","2095","515","7","8","1","1","h2","medium","","gzip","","","",
"","409","","","-1","-1","Beacon","3","-1","-1","image/gif","","1","","-1","-1","https://www.yahoo.com/p.gif?beaconType=saready&timeFromNavigationStart=1693&timeFromDomLoading=828","-1","-1","200","-1","","2064","1","0","","private","181105_P9_M","-1","409","-1","0","0","0","1686","-1","POST","153","","81819","0.60","-1","-1","www.yahoo.com","100","-1","https://s.yimg.com/aaq/wf/wf-core-1.4.2.js","-1","1686","/p.gif?beaconType=saready&timeFromNavigationStart=1693&timeFromDomLoading=828","0","","","2095","1686","2095","2095","2095","0","1686","2095","409","8","9","1","1","","","","","","","",
"66.218.84.43","379","","","-1","-1","XHR","3","1414","1744","","","1","","-1","1471","https://udc.yahoo.com/v2/public/yql?yhlVer=2&yhlClient=rapid&yhlS=1197228339&yhlCT=2&yhlBTMS=1541379580604&yhlClientVer=3.53.1&yhlRnd=x6ARg6kPpqFVokMq&yhlCompressed=0","9","1471","204","273","","1044","1","2188","","private, no-cache, no-store, must-revalidate, max-age=0","181105_P9_M","1423","53","1425","-1","","0","1746","46","POST","0","","9656","0.51","-1","-1","udc.yahoo.com","-1","-1","https://s.yimg.com/ss/rapid-3.53.1.js","5","1412","/v2/public/yql?yhlVer=2&yhlClient=rapid&yhlS=1197228339&yhlCT=2&yhlBTMS=1541379580604&yhlClientVer=3.53.1&yhlRnd=x6ARg6kPpqFVokMq&yhlCompressed=0","-1","","","2125","1746","1799","1799","2125","326","1414","2125","707","9","10","1","1","h2","medium","","","Wed, 01 Mar 1995 00:00:00 GMT","","",
"","180","","","-1","-1","Beacon","3","-1","-1","image/gif","","1","","-1","-1","https://www.yahoo.com/p.gif?for=Function&beaconType=wafer_log&info=%7B%22duration%22%3A543%2C%22source%22%3A%22NETWORK%22%2C%22url%22%3A%22/tdv2_fp/remote%3Fconfig.setDiscoveredCookie%3Dtrue%26config.xhrPathPrefix%3D%252Ftdv2_fp%252Fremote%26ctrl%3DUserIntentPreference%26m_id%3Dtdv2-applet-cards%26m_mode%3Djson%22%7D&rid=e1h54p9dtv5fr&bucket=MFPNAD01,FPMRAP12,strm013&apptype=default","-1","-1","200","-1","","1356","1","0","","private","181105_P9_M","-1","179","-1","0","0","0","2122","-1","POST","153","","81819","0.66","-1","-1","www.yahoo.com","100","-1","https://s.yimg.com/aaq/wf/wf-core-1.4.2.js","-1","2122","/p.gif?for=Function&beaconType=wafer_log&info=%7B%22duration%22%3A543%2C%22source%22%3A%22NETWORK%22%2C%22url%22%3A%22/tdv2_fp/remote%3Fconfig.setDiscoveredCookie%3Dtrue%26config.xhrPathPrefix%3D%252Ftdv2_fp%252Fremote%26ctrl%3DUserIntentPreference%26m_id%3Dtdv2-applet-cards%26m_mode%3Djson%22%7D&rid=e1h54p9dtv5fr&bucket=MFPNAD01,FPMRAP12,strm013&apptype=default","0","","","2302","2122","2301","2301","2302","1","2122","2302","180","10","11","1","1","","","","","","","",
"","326","","","-1","-1","Beacon","3","-1","-1","image/gif","","1","","-1","-1","https://www.yahoo.com/p.gif?for=IDB-connection-success&beaconType=wafer_log&info=%7B%22duration%22%3A482%7D&rid=e1h54p9dtv5fr&bucket=MFPNAD01,FPMRAP12,strm013&apptype=default","-1","-1","200","-1","","1356","1","0","","private","181105_P9_M","-1","326","-1","0","0","0","2203","-1","POST","153","","81819","0.68","-1","-1","www.yahoo.com","100","-1","https://s.yimg.com/aaq/wf/wf-core-1.4.2.js","-1","2203","/p.gif?for=IDB-connection-success&beaconType=wafer_log&info=%7B%22duration%22%3A482%7D&rid=e1h54p9dtv5fr&bucket=MFPNAD01,FPMRAP12,strm013&apptype=default","0","","","2529","2203","2529","2529","2529","0","2203","2529","326","11","12","1","1","","","","","","","",
"66.218.84.43","94","","","-1","-1","XHR","3","-1","-1","","","1","","-1","-1","https://udc.yahoo.com/v2/public/yql?yhlVer=2&yhlClient=rapid&yhlS=1197228339&yhlCT=2&yhlBTMS=1541379581741&yhlClientVer=3.53.1&yhlRnd=BbceseFELv0kCGTm&yhlCompressed=0","-1","-1","204","-1","","17","1","5504","","private, no-cache, no-store, must-revalidate, max-age=0","181105_P9_M","-1","53","-1","-1","","0","2550","-1","POST","0","","9656","0.69","-1","-1","udc.yahoo.com","-1","-1","https://s.yimg.com/ss/rapid-3.53.1.js","5","2549","/v2/public/yql?yhlVer=2&yhlClient=rapid&yhlS=1197228339&yhlCT=2&yhlBTMS=1541379581741&yhlClientVer=3.53.1&yhlRnd=BbceseFELv0kCGTm&yhlCompressed=0","-1","","","2644","2550","2603","2603","2644","41","2550","2644","94","12","13","1","1","h2","medium","","","Wed, 01 Mar 1995 00:00:00 GMT","","",
"","587","","","-1","-1","Image","3","-1","-1","","","1","","-1","-1","https://sb.scorecardresearch.com/p?c1=2&c2=7241469&c5=1197228339&c7=https%3A%2F%2Fwww.yahoo.com%2F&c14=-1&ns__t=1541379581753&ns_c=UTF-8","-1","-1","302","-1","","578","1","0","","private, no-cache, no-cache=Set-Cookie, no-store, proxy-revalidate","181105_P9_M","-1","587","-1","-1","","0","2560","-1","GET","0","","479","0.70","-1","-1","sb.scorecardresearch.com","-1","-1","https://s.yimg.com/lq/lib/3pm/cs_0.2.js","-1","2560","/p?c1=2&c2=7241469&c5=1197228339&c7=https%3A%2F%2Fwww.yahoo.com%2F&c14=-1&ns__t=1541379581753&ns_c=UTF-8","-1","","","3147","2560","3147","3147","3147","0","2560","3147","587","13","14","1","1","","","","","Mon, 01 Jan 1990 00:00:00 GMT","","",
"","92","","","-1","-1","Beacon","3","-1","-1","","","1","","-1","-1","https://beap.gemini.yahoo.com/mbcsc?bv=1.0.0&es=X578q2cGIS8u.ROx4JS1ihaIwq5qhn0UZzcpWEOrQpZ3XKRqs7kb2Ls0TVE.vtVFFUGKkNsnRUoLqI_rFovFLqVeE5tcxyHvqNUl7YJnxGUcbKMnBdjHNXKNE7ekk..IaxpoMszkzjtDAdoDnbP4LoYNolCtRnIVef_HRAsBLIsYlKx7twuXu18hpXUa5u_DXi0mIOX3TZPa3BYkZUMPX86Kw_78a9W740K9y7BrQrLkgRPzUDfWZfB0Nqao7vSKZOFMVRkHp0O29UOxbVuzN4ghYYbQUPumlJ2BsqQaz9vxSFkgx.ebuMQPIH01Pk4yiF5dentkSjwfaIBJmw0.5lTMB9V5hXOgCUlredor7CORstPvUqDN7eStatukha6d8Sk68F7sWZsj_cY88afhN7QkXxRPbcC83u.URmXgITN1BP7njgkXfF3kRoc-&ap=2","-1","-1","-1","-1","","0","1","0","","","181105_P9_M","-1","92","-1","-1","","0","2674","-1","POST","0","","81819","0.71","-1","-1","beap.gemini.yahoo.com","-1","-1","https://s.yimg.com/aaq/wf/wf-core-1.4.2.js","-1","2674","/mbcsc?bv=1.0.0&es=X578q2cGIS8u.ROx4JS1ihaIwq5qhn0UZzcpWEOrQpZ3XKRqs7kb2Ls0TVE.vtVFFUGKkNsnRUoLqI_rFovFLqVeE5tcxyHvqNUl7YJnxGUcbKMnBdjHNXKNE7ekk..IaxpoMszkzjtDAdoDnbP4LoYNolCtRnIVef_HRAsBLIsYlKx7twuXu18hpXUa5u_DXi0mIOX3TZPa3BYkZUMPX86Kw_78a9W740K9y7BrQrLkgRPzUDfWZfB0Nqao7vSKZOFMVRkHp0O29UOxbVuzN4ghYYbQUPumlJ2BsqQaz9vxSFkgx.ebuMQPIH01Pk4yiF5dentkSjwfaIBJmw0.5lTMB9V5hXOgCUlredor7CORstPvUqDN7eStatukha6d8Sk68F7sWZsj_cY88afhN7QkXxRPbcC83u.URmXgITN1BP7njgkXfF3kRoc-&ap=2","-1","","","2766","2674","2766","2766","2766","0","2674","2766","92","14","15","1","1","","","","","","","",
"23.212.111.187","114","43","","-1","100","","3","-1","-1","image/gif","","1","","-1","-1","https://sb.scorecardresearch.com/p2?c1=2&c2=7241469&c5=1197228339&c7=https%3A%2F%2Fwww.yahoo.com%2F&c14=-1&ns__t=1541379581753&ns_c=UTF-8","-1","-1","200","-1","0","276","904","931","","private, no-cache, no-cache=Set-Cookie, no-store, proxy-revalidate","181105_P9_M","-1","114","-1","100","","43","3148","-1","GET","43","","","0.70.1","-1","-1","sb.scorecardresearch.com","100","-1","https://www.yahoo.com/","6","3148","/p2?c1=2&c2=7241469&c5=1197228339&c7=https%3A%2F%2Fwww.yahoo.com%2F&c14=-1&ns__t=1541379581753&ns_c=UTF-8","-1","","Akamai","3262","3148","3262","3262","3262","0","3148","3262","114","15","16","1","1","http/1.1","low","","","Mon, 01 Jan 1990 00:00:00 GMT","","",
"","540","","","-1","-1","Image","3","-1","-1","text/plain; charset=utf-8","","1","","-1","-1","https://ads.yahoo.com/get-user-id?ver=2&s=800000004&type=redirect&ts=1541379579&sig=333861270de9858d","-1","-1","302","-1","","1404","1","0","","private","181105_P9_M","-1","540","-1","-1","","0","3160","-1","GET","0","","407","0.72","-1","-1","ads.yahoo.com","-1","-1","https://s.yimg.com/rq/darla/3-4-0/html/r-csc.html","-1","3160","/get-user-id?ver=2&s=800000004&type=redirect&ts=1541379579&sig=333861270de9858d","-1","","","3700","3160","3700","3700","3700","0","3160","3700","540","16","17","1","1","","","","","","","",
"","128","","","-1","-1","Beacon","3","-1","-1","image/gif","","1","","-1","-1","https://geo.yahoo.com/p?s=1197228339&t=XiN4nwvB2uJUfKrV,0.9715252335576864&_I=&_AO=0&_NOL=0&_R=&_P=3.53.1%05_pl%031%04A_v%033.53.1%04A_cn%03VERSIONED-PROD%04test%03MFPNAD01%2CFPMRAP12%2Cstrm013%04_bt%03rapid%04A_pr%03https%04A_tzoff%03-5%04A_sid%03LVq5QaV9IFK3VNBF%04_w%03www.yahoo.com%2F%04_rid%03e1h54p9dtv5fr%04mrkt%03us%04pt%03home%04site%03fp%04ver%03ss%04uh_vw%030%04colo%03bf1%04navtype%03server%04_guc%03AQEBAQFb4ONcskIjeQTg%26s%3DAQAAAAqluJte%26g%3DW9-V8Q%04A_pfb%0375%04A_pbp%03346%04A_psr%03419%04A_pdi%031547%04A_pdl%031%04A_psh%03121%04A_psc%03170%04etrg%03backgroundPost%04outcm%03performance%04usergenf%030%04etag%03performance%04_E%03pageperf%04_ts%031541379582%04_ms%03451%04A_sr%03375x667%04A_vr%03375x667%04A_do%03%04A_ib%03375x603%04A_ob%03375x603%04A_srr%032","-1","-1","200","-1","","876","1","0","","no-cache, no-store, private","181105_P9_M","-1","126","-1","-1","","0","3260","-1","POST","43","","7447","0.73","-1","-1","geo.yahoo.com","100","-1","https://s.yimg.com/ss/rapid-3.53.1.js","-1","3260","/p?s=1197228339&t=XiN4nwvB2uJUfKrV,0.9715252335576864&_I=&_AO=0&_NOL=0&_R=&_P=3.53.1%05_pl%031%04A_v%033.53.1%04A_cn%03VERSIONED-PROD%04test%03MFPNAD01%2CFPMRAP12%2Cstrm013%04_bt%03rapid%04A_pr%03https%04A_tzoff%03-5%04A_sid%03LVq5QaV9IFK3VNBF%04_w%03www.yahoo.com%2F%04_rid%03e1h54p9dtv5fr%04mrkt%03us%04pt%03home%04site%03fp%04ver%03ss%04uh_vw%030%04colo%03bf1%04navtype%03server%04_guc%03AQEBAQFb4ONcskIjeQTg%26s%3DAQAAAAqluJte%26g%3DW9-V8Q%04A_pfb%0375%04A_pbp%03346%04A_psr%03419%04A_pdi%031547%04A_pdl%031%04A_psh%03121%04A_psc%03170%04etrg%03backgroundPost%04outcm%03performance%04usergenf%030%04etag%03performance%04_E%03pageperf%04_ts%031541379582%04_ms%03451%04A_sr%03375x667%04A_vr%03375x667%04A_do%03%04A_ib%03375x603%04A_ob%03375x603%04A_srr%032","-1","","","3388","3260","3386","3386","3388","2","3260","3388","128","17","18","1","1","","","","","","","",
"","613","","","-1","-1","","3","-1","-1","text/html; charset=UTF-8","","1","","-1","-1","https://e.nexac.com/e/yahoo_sync.xgi?na_exid=7PQ1LDYzz6ZwpIm4XteuX8ULC5ixniOGPQDh","-1","-1","302","-1","","374","","0","","","181105_P9_M","-1","613","-1","-1","","0","3701","-1","GET","160","","","0.72.1","-1","-1","e.nexac.com","-1","-1","","-1","3701","/e/yahoo_sync.xgi?na_exid=7PQ1LDYzz6ZwpIm4XteuX8ULC5ixniOGPQDh","-1","","","4314","3701","4314","4314","4314","0","3701","4314","613","18","19","1","1","","","","","","","",
"34.204.250.117","493","43","","-1","100","","3","-1","-1","image/gif","","1","","-1","-1","https://x.dlx.addthis.com/e/yahoo_sync.xgi?na_exid=7PQ1LDYzz6ZwpIm4XteuX8ULC5ixniOGPQDh","-1","-1","200","-1","0","158","","1088","","no-cache","181105_P9_M","-1","447","-1","-1","","203","4314","-1","GET","43","","","0.72.2","-1","-1","x.dlx.addthis.com","100","-1","","7","4314","/e/yahoo_sync.xgi?na_exid=7PQ1LDYzz6ZwpIm4XteuX8ULC5ixniOGPQDh","-1","","","4807","4314","4761","4761","4807","46","4314","4807","493","19","20","1","1","h2","low","","","","","",
"","173","","","-1","-1","Beacon","3","-1","-1","image/gif","","1","","-1","-1","https://geo.yahoo.com/p?s=1197228339&t=wKBv4Dk7zJpQI6xM,0.5786549326693616&_I=&_AO=0&_NOL=0&_R=&_P=3.53.1%05_pl%031%04A_v%033.53.1%04A_cn%03VERSIONED-PROD%04test%03MFPNAD01%2CFPMRAP12%2Cstrm013%04_bt%03rapid%04A_pr%03https%04A_tzoff%03-5%04A_sid%03LVq5QaV9IFK3VNBF%04_w%03www.yahoo.com%2F%04_rid%03e1h54p9dtv5fr%04mrkt%03us%04pt%03home%04site%03fp%04ver%03ss%04uh_vw%030%04colo%03bf1%04navtype%03server%04_guc%03AQEBAQFb4ONcskIjeQTg%26s%3DAQAAAAqluJte%26g%3DW9-V8Q%04A_cmi%03%7B%22AFT%22%3A1700%2C%22AFT1%22%3A1700%2C%22STR%22%3A1668%2C%22VIC%22%3A1700%2C%22PLT%22%3A3271%2C%22DOMC%22%3A1304%2C%22HTTPC%22%3A64%2C%22CP%22%3A95.6882255389718%2C%22NCP%22%3A100%7D%04A_utm%03%7B%22COSTLY_RESOURCE%22%3A1044%2C%22X_FB1%22%3A15%2C%22X_FBN%22%3A29%2C%22DARLA_RSTART%22%3A1839%2C%22ADSTART_WFPAD%22%3A1933%2C%22DARLA_REND%22%3A2005%2C%22ADEND_WFPAD%22%3A2535%2C%22CONNECTION_TYPE%22%3A%22unknown%22%7D%04etrg%03backgroundPost%04outcm%03performance%04usergenf%030%04etag%03performance%04_E%03pageperf%04_ts%031541379583%04_ms%03998%04A_sr%03375x667%04A_vr%03375x667%04A_do%03%04A_ib%03375x603%04A_ob%03375x603%04A_srr%032","-1","-1","200","-1","","876","1","0","","no-cache, no-store, private","181105_P9_M","-1","173","-1","-1","","0","4806","-1","POST","43","","7447","0.74","-1","-1","geo.yahoo.com","100","-1","https://s.yimg.com/ss/rapid-3.53.1.js","-1","4806","/p?s=1197228339&t=wKBv4Dk7zJpQI6xM,0.5786549326693616&_I=&_AO=0&_NOL=0&_R=&_P=3.53.1%05_pl%031%04A_v%033.53.1%04A_cn%03VERSIONED-PROD%04test%03MFPNAD01%2CFPMRAP12%2Cstrm013%04_bt%03rapid%04A_pr%03https%04A_tzoff%03-5%04A_sid%03LVq5QaV9IFK3VNBF%04_w%03www.yahoo.com%2F%04_rid%03e1h54p9dtv5fr%04mrkt%03us%04pt%03home%04site%03fp%04ver%03ss%04uh_vw%030%04colo%03bf1%04navtype%03server%04_guc%03AQEBAQFb4ONcskIjeQTg%26s%3DAQAAAAqluJte%26g%3DW9-V8Q%04A_cmi%03%7B%22AFT%22%3A1700%2C%22AFT1%22%3A1700%2C%22STR%22%3A1668%2C%22VIC%22%3A1700%2C%22PLT%22%3A3271%2C%22DOMC%22%3A1304%2C%22HTTPC%22%3A64%2C%22CP%22%3A95.6882255389718%2C%22NCP%22%3A100%7D%04A_utm%03%7B%22COSTLY_RESOURCE%22%3A1044%2C%22X_FB1%22%3A15%2C%22X_FBN%22%3A29%2C%22DARLA_RSTART%22%3A1839%2C%22ADSTART_WFPAD%22%3A1933%2C%22DARLA_REND%22%3A2005%2C%22ADEND_WFPAD%22%3A2535%2C%22CONNECTION_TYPE%22%3A%22unknown%22%7D%04etrg%03backgroundPost%04outcm%03performance%04usergenf%030%04etag%03performance%04_E%03pageperf%04_ts%031541379583%04_ms%03998%04A_sr%03375x667%04A_vr%03375x667%04A_do%03%04A_ib%03375x603%04A_ob%03375x603%04A_srr%032","-1","","","4979","4806","4979","4979","4979","0","4806","4979","173","20","21","1","1","","","","","","","",
