"ip_addr","load_ms","image_total","minify_save","score_cookies","score_compress","requestType","type","dns_start","ssl_end","contentType","gzip_save","is_secure","server_count","score_gzip","ssl_start","full_url","dns_ms","connect_end","responseCode","ssl_ms","image_save","bytesIn","initiator_line","bytesOut","minify_total","cacheControl","contentEncoding","id","dns_end","ttfb_ms","connect_start","score_cdn","cache_time","objectSizeUncompressed","load_start","connect_ms","method","objectSize","gzip_total","initiator_column","request_id","score_combine","score_etags","host","score_keep-alive","score_minify","initiator","socket","created","url","score_cache","server_rtt","cdn_provider","load_end","ttfb_start","ttfb_end","download_start","download_end","download_ms","all_start","all_end","all_ms","index","number","run","cached","protocol","priority","is_base_page","jpeg_scan_count","score_progressive_jpeg","expires",
"","268","","","-1","-1","Document","3","-1","-1","text/html; charset=utf-8","","1","","-1","-1","https://bing.com/","-1","-1","301","-1","","969","","0","","private","gzip","181105_8N_6","-1","268","-1","-1","","0","0","-1","GET","179","","","0.2","-1","-1","bing.com","-1","-1","","-1","0","/","-1","","","268","0","268","268","268","0","0","268","268","0","1","1","0","","","","","","",
"13.107.21.200","486","","","-1","-1","Document","3","-1","-1","text/html; charset=utf-8","0","1","","100","-1","https://www.bing.com/?toWww=1&redig=B7763EC4CDD647798109EE01B0285E5C","-1","-1","200","-1","","22050","","469","","private, max-age=0","gzip","181105_8N_6","-1","103","-1","-1","","52292","268","-1","GET","20927","20927","","0.2.1","-1","-1","www.bing.com","100","-1","","1","268","/?toWww=1&redig=B7763EC4CDD647798109EE01B0285E5C","-1","","","754","268","371","371","754","383","268","754","486","1","2","1","0","h2","high","1","","","",
"13.107.21.200","37","3242","","-1","100","Image","3","-1","-1","image/png","","1","","-1","-1","https://www.bing.com/sa/simg/hp_mob_ll2x.png","-1","-1","200","-1","0","3550","16","357","","public, max-age=15552000","","181105_8N_6","-1","28","-1","0","15552000","3242","754","-1","GET","3242","","","0.4","-1","-1","www.bing.com","100","-1","https://www.bing.com/?toWww=1&redig=B7763EC4CDD647798109EE01B0285E5C","1","753","/sa/simg/hp_mob_ll2x.png","100","","","791","754","782","782","791","9","754","791","37","2","3","1","0","h2","low","","","","",
"13.107.21.200","68","","","-1","-1","Image","3","-1","-1","","","1","","-1","-1","https://www.bing.com/fd/ls/l?IG=BAF14837E02B459E8E1CB813072283B5&Type=Event.CPT&DATA={%22pp%22:{%22S%22:%22L%22,%22FC%22:-1,%22BC%22:-1,%22SE%22:-1,%22TC%22:-1,%22H%22:-1,%22BP%22:74,%22CT%22:80,%22IL%22:1},%22ad%22:[-1,-1,375,603,375,603,0]}&P=SERP&DA=CH01&MN=SERP","-1","-1","200","-1","","152","12","211","","","","181105_8N_6","-1","42","-1","-1","","0","803","-1","GET","0","","8205","0.5","-1","-1","www.bing.com","100","-1","https://www.bing.com/?toWww=1&redig=B7763EC4CDD647798109EE01B0285E5C","1","802","/fd/ls/l?IG=BAF14837E02B459E8E1CB813072283B5&Type=Event.CPT&DATA={%22pp%22:{%22S%22:%22L%22,%22FC%22:-1,%22BC%22:-1,%22SE%22:-1,%22TC%22:-1,%22H%22:-1,%22BP%22:74,%22CT%22:80,%22IL%22:1},%22ad%22:[-1,-1,375,603,375,603,0]}&P=SERP&DA=CH01&MN=SERP","-1","","","871","803","845","845","871","26","803","871","68","3","4","1","0","h2","low","","","","",
"","62","","","-1","-1","Beacon","3","-1","-1","","","1","","-1","-1","https://www.bing.com/fd/ls/lsp.aspx?","-1","-1","204","-1","","0","12","0","","","","181105_8N_6","-1","62","-1","-1","","0","805","-1","POST","0","","6736","0.6","-1","-1","www.bing.com","-1","-1","https://www.bing.com/?toWww=1&redig=B7763EC4CDD647798109EE01B0285E5C","-1","805","/fd/ls/lsp.aspx","-1","","","867","805","867","867","867","0","805","867","62","4","5","1","0","","","","","","",
"13.107.21.200","64","","","-1","-1","Script","3","-1","-1","application/x-javascript; charset=utf-8","0","1","","100","-1","https://www.bing.com/rms/BingCore.Bundle/cj,nj/3e6a7d75/9a358300.js?bu=rms+answers+Shared+BingCore%24ClientInstV2%24DuplicateXlsDefaultConfig*BingCore%24ClientInstV2%24SharedLocalStorageConfigDefault*BingCore%24shared*BingCore%24env.override*Empty*BingCore%24event.custom.fix*BingCore%24event.native*BingCore%24onHTML*BingCore%24dom*BingCore%24cookies*BingCore%24rmsajax*BingCore%24ClientInstV2%24LogUploadCapFeatureDisabled*BingCore%24ClientInstV2%24ClientInstConfigSeparateOfflineQueue*BingCore%24clientinst*BingCore%24replay*BingCore%24Animation*BingCore%24fadeAnimation*BingCore%24framework","-1","-1","200","-1","","5468","9","439","","public, max-age=15552000","br","181105_8N_6","-1","38","-1","0","15552000","12619","809","-1","GET","5110","5110","2681","0.7","-1","-1","www.bing.com","100","-1","https://www.bing.com/?toWww=1&redig=B7763EC4CDD647798109EE01B0285E5C","1","808","/rms/BingCore.Bundle/cj,nj/3e6a7d75/9a358300.js?bu=rms+answers+Shared+BingCore%24ClientInstV2%24DuplicateXlsDefaultConfig*BingCore%24ClientInstV2%24SharedLocalStorageConfigDefault*BingCore%24shared*BingCore%24env.override*Empty*BingCore%24event.custom.fix*BingCore%24event.native*BingCore%24onHTML*BingCore%24dom*BingCore%24cookies*BingCore%24rmsajax*BingCore%24ClientInstV2%24LogUploadCapFeatureDisabled*BingCore%24ClientInstV2%24ClientInstConfigSeparateOfflineQueue*BingCore%24clientinst*BingCore%24replay*BingCore%24Animation*BingCore%24fadeAnimation*BingCore%24framework","100","","","873","809","847","847","873","26","809","873","64","5","6","1","0","h2","high","","","","",
"13.107.21.200","157","","","-1","-1","Document","3","-1","-1","application/x-javascript; charset=utf-8","0","1","","100","-1","https://www.bing.com/rs/5k/Uq/cj,nj/c9ce19fd/92e3c570.js","-1","-1","200","-1","","597","3","43","","public, max-age=15552000","br","181105_8N_6","-1","31","-1","0","15552000","395","945","-1","GET","240","240","5102","0.8","-1","-1","www.bing.com","100","-1","https://www.bing.com/rms/BingCore.Bundle/cj,nj/3e6a7d75/9a358300.js?bu=rms+answers+Shared+BingCore%24ClientInstV2%24DuplicateXlsDefaultConfig*BingCore%24ClientInstV2%24SharedLocalStorageConfigDefault*BingCore%24shared*BingCore%24env.override*Empty*BingCore%24event.custom.fix*BingCore%24event.native*BingCore%24onHTML*BingCore%24dom*BingCore%24cookies*BingCore%24rmsajax*BingCore%24ClientInstV2%24LogUploadCapFeatureDisabled*BingCore%24ClientInstV2%24ClientInstConfigSeparateOfflineQueue*BingCore%24clientinst*BingCore%24replay*BingCore%24Animation*BingCore%24fadeAnimation*BingCore%24framework","1","944","/rs/5k/Uq/cj,nj/c9ce19fd/92e3c570.js","100","","","1102","945","976","976","1102","126","945","1102","157","6","7","1","0","h2","high","","","","",
"13.107.21.200","165","","","-1","-1","Document","3","-1","-1","application/x-javascript; charset=utf-8","0","1","","100","-1","https://www.bing.com/rs/5k/Ut/cj,nj/8c497c38/f92a50a7.js","-1","-1","200","-1","","410","3","43","","public, max-age=15552000","br","181105_8N_6","-1","44","-1","0","15552000","70","970","-1","GET","54","54","5196","0.9","-1","-1","www.bing.com","100","-1","https://www.bing.com/rms/BingCore.Bundle/cj,nj/3e6a7d75/9a358300.js?bu=rms+answers+Shared+BingCore%24ClientInstV2%24DuplicateXlsDefaultConfig*BingCore%24ClientInstV2%24SharedLocalStorageConfigDefault*BingCore%24shared*BingCore%24env.override*Empty*BingCore%24event.custom.fix*BingCore%24event.native*BingCore%24onHTML*BingCore%24dom*BingCore%24cookies*BingCore%24rmsajax*BingCore%24ClientInstV2%24LogUploadCapFeatureDisabled*BingCore%24ClientInstV2%24ClientInstConfigSeparateOfflineQueue*BingCore%24clientinst*BingCore%24replay*BingCore%24Animation*BingCore%24fadeAnimation*BingCore%24framework","1","969","/rs/5k/Ut/cj,nj/8c497c38/f92a50a7.js","100","","","1135","970","1014","1014","1135","121","970","1135","165","7","8","1","0","h2","high","","","","",
"13.107.21.200","142","","","-1","-1","Document","3","-1","-1","application/x-javascript; charset=utf-8","0","1","","100","-1","https://www.bing.com/rb/14/cj,nj/1b7dfb88/cc8437ad.js?bu=DikuWWltcWVdYaoBrgEungEu","-1","-1","200","-1","","8221","3","63","","public, max-age=15552000","br","181105_8N_6","-1","40","-1","0","15552000","18751","1005","-1","GET","7863","7863","5196","0.10","-1","-1","www.bing.com","100","-1","https://www.bing.com/rms/BingCore.Bundle/cj,nj/3e6a7d75/9a358300.js?bu=rms+answers+Shared+BingCore%24ClientInstV2%24DuplicateXlsDefaultConfig*BingCore%24ClientInstV2%24SharedLocalStorageConfigDefault*BingCore%24shared*BingCore%24env.override*Empty*BingCore%24event.custom.fix*BingCore%24event.native*BingCore%24onHTML*BingCore%24dom*BingCore%24cookies*BingCore%24rmsajax*BingCore%24ClientInstV2%24LogUploadCapFeatureDisabled*BingCore%24ClientInstV2%24ClientInstConfigSeparateOfflineQueue*BingCore%24clientinst*BingCore%24replay*BingCore%24Animation*BingCore%24fadeAnimation*BingCore%24framework","1","1004","/rb/14/cj,nj/1b7dfb88/cc8437ad.js?bu=DikuWWltcWVdYaoBrgEungEu","100","","","1147","1005","1045","1045","1147","102","1005","1147","142","8","9","1","0","h2","high","","","","",
"13.107.21.200","374","","","-1","-1","Document","3","-1","-1","application/x-javascript; charset=utf-8","0","1","","100","-1","https://www.bing.com/rs/6h/jK/cj,nj/54603a84/41886d99.js","-1","-1","200","-1","","790","3","44","","public, max-age=15552000","br","181105_8N_6","-1","327","-1","0","15552000","908","1023","-1","GET","433","433","5196","0.11","-1","-1","www.bing.com","100","-1","https://www.bing.com/rms/BingCore.Bundle/cj,nj/3e6a7d75/9a358300.js?bu=rms+answers+Shared+BingCore%24ClientInstV2%24DuplicateXlsDefaultConfig*BingCore%24ClientInstV2%24SharedLocalStorageConfigDefault*BingCore%24shared*BingCore%24env.override*Empty*BingCore%24event.custom.fix*BingCore%24event.native*BingCore%24onHTML*BingCore%24dom*BingCore%24cookies*BingCore%24rmsajax*BingCore%24ClientInstV2%24LogUploadCapFeatureDisabled*BingCore%24ClientInstV2%24ClientInstConfigSeparateOfflineQueue*BingCore%24clientinst*BingCore%24replay*BingCore%24Animation*BingCore%24fadeAnimation*BingCore%24framework","1","1022","/rs/6h/jK/cj,nj/54603a84/41886d99.js","100","","","1397","1023","1350","1350","1397","47","1023","1397","374","9","10","1","0","h2","high","","","","",
"13.107.21.200","101","","","-1","-1","Document","3","-1","-1","application/x-javascript; charset=utf-8","0","1","","100","-1","https://www.bing.com/rs/2W/2D/cj,nj/dcc454e1/e764f426.js","-1","-1","200","-1","","1231","","43","","public, max-age=15552000","br","181105_8N_6","-1","36","-1","0","15552000","1583","1074","-1","GET","874","874","","0.12","-1","-1","www.bing.com","100","-1","","1","1073","/rs/2W/2D/cj,nj/dcc454e1/e764f426.js","100","","","1175","1074","1110","1110","1175","65","1074","1175","101","10","11","1","0","h2","high","","","","",
"13.107.21.200","117","","","-1","-1","XHR","3","-1","-1","text/html; charset=utf-8","0","1","","100","-1","https://www.bing.com/notifications/render?bnptrigger=%7B%22PartnerId%22%3A%22HomePage%22%2C%22IID%22%3A%22SERP.2000%22%2C%22Attributes%22%3A%7B%22RawRequestURL%22%3A%22%2F%3FtoWww%3D1%26redig%3DB7763EC4CDD647798109EE01B0285E5C%22%7D%7D&IG=BAF14837E02B459E8E1CB813072283B5&IID=SERP.2000","-1","-1","200","-1","","4134","2","208","","no-cache","gzip","181105_8N_6","-1","107","-1","-1","","9521","1210","-1","GET","3814","3814","2099","0.16","-1","-1","www.bing.com","100","-1","https://www.bing.com/?toWww=1&redig=B7763EC4CDD647798109EE01B0285E5C","1","1209","/notifications/render?bnptrigger=%7B%22PartnerId%22%3A%22HomePage%22%2C%22IID%22%3A%22SERP.2000%22%2C%22Attributes%22%3A%7B%22RawRequestURL%22%3A%22%2F%3FtoWww%3D1%26redig%3DB7763EC4CDD647798109EE01B0285E5C%22%7D%7D&IG=BAF14837E02B459E8E1CB813072283B5&IID=SERP.2000","-1","","","1327","1210","1317","1317","1327","10","1210","1327","117","11","12","1","0","h2","medium","","","","",
"13.107.21.200","54","937","","-1","100","Image","3","-1","-1","image/png","","1","","-1","-1","https://www.bing.com/s/bnp/BNPOpalappIcon.png","-1","-1","200","-1","0","1244","2","35","","public, max-age=15552000","","181105_8N_6","-1","29","-1","0","15552000","937","1331","-1","GET","937","","1993","0.17","-1","-1","www.bing.com","100","-1","https://www.bing.com/?toWww=1&redig=B7763EC4CDD647798109EE01B0285E5C","1","1330","/s/bnp/BNPOpalappIcon.png","100","","","1385","1331","1360","1360","1385","25","1331","1385","54","12","13","1","0","h2","low","","","","",
"13.107.21.200","57","260","","-1","100","Image","3","-1","-1","image/png","","1","","-1","-1","https://www.bing.com/rs/3X/9r/ic/a5eb578c/409a194b.png","-1","-1","200","-1","0","567","2","41","","public, max-age=15552000","","181105_8N_6","-1","30","-1","0","15552000","260","1332","-1","GET","260","","1993","0.18","-1","-1","www.bing.com","100","-1","https://www.bing.com/?toWww=1&redig=B7763EC4CDD647798109EE01B0285E5C","1","1331","/rs/3X/9r/ic/a5eb578c/409a194b.png","100","","","1389","1332","1362","1362","1389","27","1332","1389","57","13","14","1","0","h2","low","","","","",
"13.107.21.200","65","","","-1","-1","Script","3","-1","-1","application/x-javascript; charset=utf-8","0","1","","100","-1","https://www.bing.com/rms/AutoSug/cj,nj/221f8692/75ae01f9.js?bu=rms+answers+AutoSuggest+Service*Web%24Utils*Web%24EventRegisterer*Web%24EventRegistration*Empty*Empty*Empty*Web%24WebCore*Web%24DataProvider*Empty*Empty*Empty*Web%24Canvas*Web%24Layout*Web%24SearchForm*Empty*Empty*Empty*Web%24PrefixThrottling*Empty*Empty*Web%24DeleteHistorySuggestionHandler*Web%24Init","-1","-1","200","-1","","14405","3","278","","public, max-age=15552000","br","181105_8N_6","-1","35","-1","0","15552000","47500","1430","-1","GET","14046","14046","6234","0.21","-1","-1","www.bing.com","100","-1","https://www.bing.com/rms/BingCore.Bundle/cj,nj/3e6a7d75/9a358300.js?bu=rms+answers+Shared+BingCore%24ClientInstV2%24DuplicateXlsDefaultConfig*BingCore%24ClientInstV2%24SharedLocalStorageConfigDefault*BingCore%24shared*BingCore%24env.override*Empty*BingCore%24event.custom.fix*BingCore%24event.native*BingCore%24onHTML*BingCore%24dom*BingCore%24cookies*BingCore%24rmsajax*BingCore%24ClientInstV2%24LogUploadCapFeatureDisabled*BingCore%24ClientInstV2%24ClientInstConfigSeparateOfflineQueue*BingCore%24clientinst*BingCore%24replay*BingCore%24Animation*BingCore%24fadeAnimation*BingCore%24framework","1","1429","/rms/AutoSug/cj,nj/221f8692/75ae01f9.js?bu=rms+answers+AutoSuggest+Service*Web%24Utils*Web%24EventRegisterer*Web%24EventRegistration*Empty*Empty*Empty*Web%24WebCore*Web%24DataProvider*Empty*Empty*Empty*Web%24Canvas*Web%24Layout*Web%24SearchForm*Empty*Empty*Empty*Web%24PrefixThrottling*Empty*Empty*Web%24DeleteHistorySuggestionHandler*Web%24Init","100","","","1495","1430","1465","1465","1495","30","1430","1495","65","14","15","1","0","h2","high","","","","",
"","105","","","-1","-1","Image","3","-1","-1","text/html; charset=utf-8","","1","","-1","-1","https://www.bing.com/ImageResolution.aspx?w=375&h=603&hash=db526ab80070e151d594c8e0022c065b&toWww=1&redig=B7763EC4CDD647798109EE01B0285E5C","-1","-1","302","-1","","536","16","0","","private","gzip","181105_8N_6","-1","105","-1","-1","","0","1432","-1","GET","160","","3272","0.22","-1","-1","www.bing.com","-1","-1","https://www.bing.com/?toWww=1&redig=B7763EC4CDD647798109EE01B0285E5C","-1","1432","/ImageResolution.aspx?w=375&h=603&hash=db526ab80070e151d594c8e0022c065b&toWww=1&redig=B7763EC4CDD647798109EE01B0285E5C","-1","","","1537","1432","1537","1537","1537","0","1432","1537","105","15","16","1","0","","","","","","",
"13.107.21.200","147","71145","","-1","100","","3","-1","-1","image/jpeg","","1","","-1","-1","https://www.bing.com/az/hprichbg/rb/NYCM_EN-US8962861446_480x640.jpg","-1","-1","200","-1","0","71383","","157","","public, max-age=691200","","181105_8N_6","-1","31","-1","0","691200","71310","1538","-1","GET","71145","","","0.22.1","-1","-1","www.bing.com","100","-1","","1","1538","/az/hprichbg/rb/NYCM_EN-US8962861446_480x640.jpg","100","","","1685","1538","1569","1569","1685","116","1538","1685","147","16","17","1","0","h2","low","","1","0","",
"13.107.21.200","207","","","-1","-1","XHR","3","-1","-1","text/html; charset=utf-8","0","1","","100","-1","https://www.bing.com/hpmob?toWww=1&redig=B7763EC4CDD647798109EE01B0285E5C&IG=BAF14837E02B459E8E1CB813072283B5&IID=SERP.5000","-1","-1","200","-1","","28227","16","91","","private","gzip","181105_8N_6","-1","140","-1","-1","","76056","1691","-1","GET","27880","27880","15326","0.23","-1","-1","www.bing.com","100","-1","https://www.bing.com/?toWww=1&redig=B7763EC4CDD647798109EE01B0285E5C","1","1690","/hpmob?toWww=1&redig=B7763EC4CDD647798109EE01B0285E5C&IG=BAF14837E02B459E8E1CB813072283B5&IID=SERP.5000","-1","","","1898","1691","1831","1831","1898","67","1691","1898","207","17","18","1","0","h2","medium","","","","",
"","70","","","-1","-1","Image","3","-1","-1","text/html; charset=utf-8","","1","","-1","-1","https://www.bing.com/ImageResolution.aspx?w=375&h=603&hash=db526ab80070e151d594c8e0022c065b&toWww=1&redig=B7763EC4CDD647798109EE01B0285E5C","-1","-1","302","-1","","536","16","0","","private","gzip","181105_8N_6","-1","70","-1","-1","","0","1692","-1","GET","160","","3308","0.24","-1","-1","www.bing.com","-1","-1","https://www.bing.com/?toWww=1&redig=B7763EC4CDD647798109EE01B0285E5C","-1","1692","/ImageResolution.aspx?w=375&h=603&hash=db526ab80070e151d594c8e0022c065b&toWww=1&redig=B7763EC4CDD647798109EE01B0285E5C","-1","","","1762","1692","1762","1762","1762","0","1692","1762","70","18","19","1","0","","","","","","",
"13.107.21.200","85","71145","","-1","100","","3","-1","-1","image/jpeg","","1","","-1","-1","https://www.bing.com/az/hprichbg/rb/NYCM_EN-US8962861446_480x640.jpg","-1","-1","200","-1","0","71383","","157","","public, max-age=691200","","181105_8N_6","-1","10","-1","0","691200","71310","1762","-1","GET","71145","","","0.24.1","-1","-1","www.bing.com","100","-1","","1","1762","/az/hprichbg/rb/NYCM_EN-US8962861446_480x640.jpg","100","","","1847","1762","1772","1772","1847","75","1762","1847","85","19","20","1","0","h2","low","","1","0","",
"13.107.21.200","213","11175","","-1","100","Image","3","-1","-1","image/jpeg","","1","","-1","-1","https://www.bing.com/th?id=OPN.RTNews_yDnvPHc02JFdFJ0VcYfRQg&w=400&h=200&c=7&rs=2&qlt=80&cdv=1&pid=PopNow","-1","-1","200","-1","0","11445","16","83","","public, max-age=1209600","","181105_8N_6","-1","71","-1","0","1209600","11175","1903","-1","GET","11175","","14977","0.28","-1","-1","www.bing.com","100","-1","https://www.bing.com/?toWww=1&redig=B7763EC4CDD647798109EE01B0285E5C","1","1902","/th?id=OPN.RTNews_yDnvPHc02JFdFJ0VcYfRQg&w=400&h=200&c=7&rs=2&qlt=80&cdv=1&pid=PopNow","100","","","2116","1903","1974","1974","2116","142","1903","2116","213","20","21","1","0","h2","low","","1","0","",
"13.107.21.200","168","12292","","-1","100","Image","3","-1","-1","image/jpeg","","1","","-1","-1","https://www.bing.com/th?id=OPN.RTNews_8oyXi-EWMHYIIUIDCB-yWw&w=400&h=200&c=7&rs=2&qlt=80&cdv=1&pid=PopNow","-1","-1","200","-1","0","12562","16","84","","public, max-age=1209600","","181105_8N_6","-1","52","-1","0","1209600","12292","1905","-1","GET","12292","","14977","0.29","-1","-1","www.bing.com","100","-1","https://www.bing.com/?toWww=1&redig=B7763EC4CDD647798109EE01B0285E5C","1","1903","/th?id=OPN.RTNews_8oyXi-EWMHYIIUIDCB-yWw&w=400&h=200&c=7&rs=2&qlt=80&cdv=1&pid=PopNow","100","","","2073","1905","1957","1957","2073","116","1905","2073","168","21","22","1","0","h2","low","","1","0","",
"13.107.21.200","188","12720","","-1","100","Image","3","-1","-1","image/jpeg","","1","","-1","-1","https://www.bing.com/th?id=OPN.RTNews_Z9Y_7TnKaHfeprmjjmw0fw&w=400&h=200&c=7&rs=2&qlt=80&cdv=1&pid=PopNow","-1","-1","200","-1","0","12990","16","83","","public, max-age=1209600","","181105_8N_6","-1","68","-1","0","1209600","12720","1906","-1","GET","12720","","14977","0.30","-1","-1","www.bing.com","100","-1","https://www.bing.com/?toWww=1&redig=B7763EC4CDD647798109EE01B0285E5C","1","1905","/th?id=OPN.RTNews_Z9Y_7TnKaHfeprmjjmw0fw&w=400&h=200&c=7&rs=2&qlt=80&cdv=1&pid=PopNow","100","","","2094","1906","1974","1974","2094","120","1906","2094","188","22","23","1","0","h2","low","","1","0","",
"13.107.21.200","187","11102","","-1","100","Image","3","-1","-1","image/jpeg","","1","","-1","-1","https://www.bing.com/th?id=OPN.RTNews_peunnjBULutLpjevkwgiQg&w=400&h=200&c=7&rs=2&qlt=80&cdv=1&pid=PopNow","-1","-1","200","-1","0","11372","16","82","","public, max-age=1209600","","181105_8N_6","-1","44","-1","0","1209600","11102","1917","-1","GET","11102","","14977","0.31","-1","-1","www.bing.com","100","-1","https://www.bing.com/?toWww=1&redig=B7763EC4CDD647798109EE01B0285E5C","1","1906","/th?id=OPN.RTNews_peunnjBULutLpjevkwgiQg&w=400&h=200&c=7&rs=2&qlt=80&cdv=1&pid=PopNow","100","","","2104","1917","1961","1961","2104","143","1917","2104","187","23","24","1","0","h2","low","","1","0","",
"13.107.21.200","222","12089","","-1","100","Image","3","-1","-1","image/jpeg","","1","","-1","-1","https://www.bing.com/th?id=OPN.RTNews_ZRr-QtChwf3kutuzWbvSCg&w=400&h=200&c=7&rs=2&qlt=80&cdv=1&pid=PopNow","-1","-1","200","-1","0","12359","16","83","","public, max-age=1209600","","181105_8N_6","-1","69","-1","0","1209600","12089","1918","-1","GET","12089","","14977","0.32","-1","-1","www.bing.com","100","-1","https://www.bing.com/?toWww=1&redig=B7763EC4CDD647798109EE01B0285E5C","1","1907","/th?id=OPN.RTNews_ZRr-QtChwf3kutuzWbvSCg&w=400&h=200&c=7&rs=2&qlt=80&cdv=1&pid=PopNow","100","","","2140","1918","1987","1987","2140","153","1918","2140","222","24","25","1","0","h2","low","","1","0","",
"13.107.21.200","203","10232","","-1","100","Image","3","-1","-1","image/jpeg","","1","","-1","-1","https://www.bing.com/th?id=OPN.RTNews_VaYZw6eaQ4zMtvZY9skAsw&w=400&h=200&c=7&rs=2&qlt=80&cdv=1&pid=PopNow","-1","-1","200","-1","0","10502","16","83","","public, max-age=1209600","","181105_8N_6","-1","57","-1","0","1209600","10232","1919","-1","GET","10232","","14977","0.33","-1","-1","www.bing.com","100","-1","https://www.bing.com/?toWww=1&redig=B7763EC4CDD647798109EE01B0285E5C","1","1908","/th?id=OPN.RTNews_VaYZw6eaQ4zMtvZY9skAsw&w=400&h=200&c=7&rs=2&qlt=80&cdv=1&pid=PopNow","100","","","2122","1919","1976","1976","2122","146","1919","2122","203","25","26","1","0","h2","low","","1","50","",
"13.107.21.200","200","22617","","-1","100","Image","3","-1","-1","image/jpeg","","1","","-1","-1","https://www.bing.com/th?id=OPN.RTNews_6bsIp2m6mHFgrIGLX42Y8w&w=400&h=200&c=7&rs=2&qlt=80&cdv=1&pid=PopNow","-1","-1","200","-1","0","22887","16","83","","public, max-age=1209600","","181105_8N_6","-1","56","-1","0","1209600","22617","1920","-1","GET","22617","","14977","0.35","-1","-1","www.bing.com","100","-1","https://www.bing.com/?toWww=1&redig=B7763EC4CDD647798109EE01B0285E5C","1","1909","/th?id=OPN.RTNews_6bsIp2m6mHFgrIGLX42Y8w&w=400&h=200&c=7&rs=2&qlt=80&cdv=1&pid=PopNow","100","","","2120","1920","1976","1976","2120","144","1920","2120","200","26","27","1","0","h2","low","","1","0","",
"13.107.21.200","310","21618","","-1","100","Image","3","-1","-1","image/jpeg","","1","","-1","-1","https://www.bing.com/th?id=OPN.RTNews_zv09Xf5nvi6JfiZeQauDmw&w=400&h=200&c=7&rs=2&qlt=80&cdv=1&pid=PopNow","-1","-1","200","-1","0","21888","16","82","","public, max-age=1209600","","181105_8N_6","-1","80","-1","0","1209600","21618","1920","-1","GET","21618","","14977","0.34","-1","-1","www.bing.com","100","-1","https://www.bing.com/?toWww=1&redig=B7763EC4CDD647798109EE01B0285E5C","1","1909","/th?id=OPN.RTNews_zv09Xf5nvi6JfiZeQauDmw&w=400&h=200&c=7&rs=2&qlt=80&cdv=1&pid=PopNow","100","","","2230","1920","2000","2000","2230","230","1920","2230","310","27","28","1","0","h2","low","","1","0","",
"13.107.21.200","200","22062","","-1","100","Image","3","-1","-1","image/jpeg","","1","","-1","-1","https://www.bing.com/th?id=OPN.RTNews_FQDsvA_Jw4LMy_bqIF7Xmw&w=400&h=200&c=7&rs=2&qlt=80&cdv=1&pid=PopNow","-1","-1","200","-1","0","22332","16","83","","public, max-age=1209600","","181105_8N_6","-1","64","-1","0","1209600","22062","1923","-1","GET","22062","","14977","0.38","-1","-1","www.bing.com","100","-1","https://www.bing.com/?toWww=1&redig=B7763EC4CDD647798109EE01B0285E5C","1","1912","/th?id=OPN.RTNews_FQDsvA_Jw4LMy_bqIF7Xmw&w=400&h=200&c=7&rs=2&qlt=80&cdv=1&pid=PopNow","100","","","2123","1923","1987","1987","2123","136","1923","2123","200","28","29","1","0","h2","low","","1","0","",
"13.107.21.200","311","23482","","-1","100","Image","3","-1","-1","image/jpeg","","1","","-1","-1","https://www.bing.com/th?id=OPN.RTNews_FJQLKSH0tVtb63te7ZhyBw&w=400&h=200&c=7&rs=2&qlt=80&cdv=1&pid=PopNow","-1","-1","200","-1","0","23752","16","83","","public, max-age=1209600","","181105_8N_6","-1","102","-1","0","1209600","23482","1923","-1","GET","23482","","14977","0.37","-1","-1","www.bing.com","100","-1","https://www.bing.com/?toWww=1&redig=B7763EC4CDD647798109EE01B0285E5C","1","1912","/th?id=OPN.RTNews_FJQLKSH0tVtb63te7ZhyBw&w=400&h=200&c=7&rs=2&qlt=80&cdv=1&pid=PopNow","100","","","2234","1923","2025","2025","2234","209","1923","2234","311","29","30","1","0","h2","low","","1","0","",
"13.107.21.200","309","20732","","-1","100","Image","3","-1","-1","image/jpeg","","1","","-1","-1","https://www.bing.com/th?id=OPN.RTNews_8MrpD4hLsfSMp690aPnN9A&w=400&h=200&c=7&rs=2&qlt=80&cdv=1&pid=PopNow","-1","-1","200","-1","0","21002","16","82","","public, max-age=1209600","","181105_8N_6","-1","84","-1","0","1209600","20732","1923","-1","GET","20732","","14977","0.36","-1","-1","www.bing.com","100","-1","https://www.bing.com/?toWww=1&redig=B7763EC4CDD647798109EE01B0285E5C","1","1912","/th?id=OPN.RTNews_8MrpD4hLsfSMp690aPnN9A&w=400&h=200&c=7&rs=2&qlt=80&cdv=1&pid=PopNow","100","","","2232","1923","2007","2007","2232","225","1923","2232","309","30","31","1","0","h2","low","","1","0","",
"13.107.21.200","403","665","","-1","100","Image","3","-1","-1","image/png","","1","","-1","-1","https://www.bing.com/th?id=ABTAE3F1F46391A9D2E118482C52026DC8C90D4C3E4B074D0C00C9398FE12E80AD9&w=28&h=28&pid=BingHomepage","-1","-1","200","-1","0","932","16","93","","public, max-age=1209600","","181105_8N_6","-1","312","-1","0","1209600","665","1924","-1","GET","665","","14977","0.40","-1","-1","www.bing.com","100","-1","https://www.bing.com/?toWww=1&redig=B7763EC4CDD647798109EE01B0285E5C","1","1913","/th?id=ABTAE3F1F46391A9D2E118482C52026DC8C90D4C3E4B074D0C00C9398FE12E80AD9&w=28&h=28&pid=BingHomepage","100","","","2327","1924","2236","2236","2327","91","1924","2327","403","31","32","1","0","h2","low","","","","",
"13.107.21.200","288","16386","","-1","100","Image","3","-1","-1","image/jpeg","","1","","-1","-1","https://www.bing.com/th?id=OPN.RTNews_eGG27KRyWuxmNvEX2e_Xcg&w=400&h=200&c=7&rs=2&qlt=80&cdv=1&pid=PopNow","-1","-1","200","-1","0","16656","16","83","","public, max-age=1209600","","181105_8N_6","-1","73","-1","0","1209600","16386","1924","-1","GET","16386","","14977","0.39","-1","-1","www.bing.com","100","-1","https://www.bing.com/?toWww=1&redig=B7763EC4CDD647798109EE01B0285E5C","1","1913","/th?id=OPN.RTNews_eGG27KRyWuxmNvEX2e_Xcg&w=400&h=200&c=7&rs=2&qlt=80&cdv=1&pid=PopNow","100","","","2212","1924","1997","1997","2212","215","1924","2212","288","32","33","1","0","h2","low","","1","0","",
"13.107.21.200","193","716","","-1","100","Image","3","-1","-1","image/png","","1","","-1","-1","https://www.bing.com/th?id=ABT0EA515CA9377B2C31CE562C98FEB0FF8FFB2CCD4A7ED1344E64A2B1B05F4D500&w=28&h=28&pid=BingHomepage","-1","-1","200","-1","0","983","16","94","","public, max-age=1209600","","181105_8N_6","-1","55","-1","0","1209600","716","1925","-1","GET","716","","14977","0.42","-1","-1","www.bing.com","100","-1","https://www.bing.com/?toWww=1&redig=B7763EC4CDD647798109EE01B0285E5C","1","1914","/th?id=ABT0EA515CA9377B2C31CE562C98FEB0FF8FFB2CCD4A7ED1344E64A2B1B05F4D500&w=28&h=28&pid=BingHomepage","100","","","2118","1925","1980","1980","2118","138","1925","2118","193","33","34","1","0","h2","low","","","","",
"13.107.21.200","312","510","","-1","100","Image","3","-1","-1","image/png","","1","","-1","-1","https://www.bing.com/th?id=ABT2349635165C5CA62185E22881692D9C0B9A5D90D4194440180FBE7F1B4418D6F&w=28&h=28&pid=BingHomepage","-1","-1","200","-1","0","777","16","93","","public, max-age=1209600","","181105_8N_6","-1","89","-1","0","1209600","510","1925","-1","GET","510","","14977","0.43","-1","-1","www.bing.com","100","-1","https://www.bing.com/?toWww=1&redig=B7763EC4CDD647798109EE01B0285E5C","1","1914","/th?id=ABT2349635165C5CA62185E22881692D9C0B9A5D90D4194440180FBE7F1B4418D6F&w=28&h=28&pid=BingHomepage","100","","","2237","1925","2014","2014","2237","223","1925","2237","312","34","35","1","0","h2","low","","","","",
"13.107.21.200","298","584","","-1","100","Image","3","-1","-1","image/png","","1","","-1","-1","https://www.bing.com/th?id=ABTAFCBD13CE9A9C6F0197BA5E3DF85C55C8A678597C144B05ABA94F960A9B804FE&w=28&h=28&pid=BingHomepage","-1","-1","200","-1","0","851","16","95","","public, max-age=1209600","","181105_8N_6","-1","72","-1","0","1209600","584","1925","-1","GET","584","","14977","0.41","-1","-1","www.bing.com","100","-1","https://www.bing.com/?toWww=1&redig=B7763EC4CDD647798109EE01B0285E5C","1","1914","/th?id=ABTAFCBD13CE9A9C6F0197BA5E3DF85C55C8A678597C144B05ABA94F960A9B804FE&w=28&h=28&pid=BingHomepage","100","","","2223","1925","1997","1997","2223","226","1925","2223","298","35","36","1","0","h2","low","","","","",
"13.107.21.200","307","794","","-1","100","Image","3","-1","-1","image/jpeg","","1","","-1","-1","https://www.bing.com/rs/2Q/tt/ic/b44fce8e/f5f36af7.jpg","-1","-1","200","-1","0","1102","16","41","","public, max-age=15552000","","181105_8N_6","-1","101","-1","0","15552000","794","1926","-1","GET","794","","14977","0.46","-1","-1","www.bing.com","100","-1","https://www.bing.com/?toWww=1&redig=B7763EC4CDD647798109EE01B0285E5C","1","1915","/rs/2Q/tt/ic/b44fce8e/f5f36af7.jpg","100","","","2233","1926","2027","2027","2233","206","1926","2233","307","36","37","1","0","h2","low","","6","100","",
"13.107.21.200","219","1305","","-1","100","Image","3","-1","-1","image/jpeg","","1","","-1","-1","https://www.bing.com/rs/2Q/tw/ic/0fc4e494/b41889c1.jpg","-1","-1","200","-1","0","1614","16","41","","public, max-age=15552000","","181105_8N_6","-1","68","-1","0","15552000","1305","1926","-1","GET","1305","","14977","0.45","-1","-1","www.bing.com","100","-1","https://www.bing.com/?toWww=1&redig=B7763EC4CDD647798109EE01B0285E5C","1","1915","/rs/2Q/tw/ic/0fc4e494/b41889c1.jpg","100","","","2145","1926","1994","1994","2145","151","1926","2145","219","37","38","1","0","h2","low","","6","100","",
"13.107.21.200","301","789","","-1","100","Image","3","-1","-1","image/jpeg","","1","","-1","-1","https://www.bing.com/rs/2Q/tn/ic/3e32adef/2889f0f1.jpg","-1","-1","200","-1","0","1097","16","41","","public, max-age=15552000","","181105_8N_6","-1","75","-1","0","15552000","789","1927","-1","GET","789","","14977","0.48","-1","-1","www.bing.com","100","-1","https://www.bing.com/?toWww=1&redig=B7763EC4CDD647798109EE01B0285E5C","1","1916","/rs/2Q/tn/ic/3e32adef/2889f0f1.jpg","100","","","2228","1927","2002","2002","2228","226","1927","2228","301","38","39","1","0","h2","low","","6","100","",
"13.107.21.200","301","983","","-1","100","Image","3","-1","-1","image/jpeg","","1","","-1","-1","https://www.bing.com/rs/2Q/tq/ic/da97cf8c/7988cc1c.jpg","-1","-1","200","-1","0","1291","16","41","","public, max-age=15552000","","181105_8N_6","-1","75","-1","0","15552000","983","1927","-1","GET","983","","14977","0.47","-1","-1","www.bing.com","100","-1","https://www.bing.com/?toWww=1&redig=B7763EC4CDD647798109EE01B0285E5C","1","1916","/rs/2Q/tq/ic/da97cf8c/7988cc1c.jpg","100","","","2228","1927","2002","2002","2228","226","1927","2228","301","39","40","1","0","h2","low","","6","100","",
"13.107.21.200","178","761","","-1","100","Image","3","-1","-1","image/jpeg","","1","","-1","-1","https://www.bing.com/rs/2Q/tO/ic/905a59b7/146ad29b.jpg","-1","-1","200","-1","0","1069","16","41","","public, max-age=15552000","","181105_8N_6","-1","43","-1","0","15552000","761","1929","-1","GET","761","","14977","0.49","-1","-1","www.bing.com","100","-1","https://www.bing.com/?toWww=1&redig=B7763EC4CDD647798109EE01B0285E5C","1","1917","/rs/2Q/tO/ic/905a59b7/146ad29b.jpg","100","","","2107","1929","1972","1972","2107","135","1929","2107","178","40","41","1","0","h2","low","","6","100","",
"13.107.21.200","301","1212","","-1","100","Image","3","-1","-1","image/jpeg","","1","","-1","-1","https://www.bing.com/rs/2Q/tF/ic/84227801/31c1a571.jpg","-1","-1","200","-1","0","1521","16","41","","public, max-age=15552000","","181105_8N_6","-1","74","-1","0","15552000","1212","1929","-1","GET","1212","","14977","0.51","-1","-1","www.bing.com","100","-1","https://www.bing.com/?toWww=1&redig=B7763EC4CDD647798109EE01B0285E5C","1","1917","/rs/2Q/tF/ic/84227801/31c1a571.jpg","100","","","2230","1929","2003","2003","2230","227","1929","2230","301","41","42","1","0","h2","low","","6","100","",
"13.107.21.200","276","952","","-1","100","Image","3","-1","-1","image/jpeg","","1","","-1","-1","https://www.bing.com/rs/2Q/tC/ic/86deb1b6/5ccac8d2.jpg","-1","-1","200","-1","0","1260","16","41","","public, max-age=15552000","","181105_8N_6","-1","67","-1","0","15552000","952","1929","-1","GET","952","","14977","0.50","-1","-1","www.bing.com","100","-1","https://www.bing.com/?toWww=1&redig=B7763EC4CDD647798109EE01B0285E5C","1","1917","/rs/2Q/tC/ic/86deb1b6/5ccac8d2.jpg","100","","","2205","1929","1996","1996","2205","209","1929","2205","276","42","43","1","0","h2","low","","6","100","",
"13.107.21.200","295","848","","-1","100","Image","3","-1","-1","image/jpeg","","1","","-1","-1","https://www.bing.com/rs/2Q/tz/ic/78b41b92/d4671a5c.jpg","-1","-1","200","-1","0","1156","16","41","","public, max-age=15552000","","181105_8N_6","-1","74","-1","0","15552000","848","1930","-1","GET","848","","14977","0.53","-1","-1","www.bing.com","100","-1","https://www.bing.com/?toWww=1&redig=B7763EC4CDD647798109EE01B0285E5C","1","1918","/rs/2Q/tz/ic/78b41b92/d4671a5c.jpg","100","","","2225","1930","2004","2004","2225","221","1930","2225","295","43","44","1","0","h2","low","","6","100","",
"13.107.21.200","214","833","","-1","100","Image","3","-1","-1","image/jpeg","","1","","-1","-1","https://www.bing.com/rs/2Q/tI/ic/62e26c9c/4d15d5bc.jpg","-1","-1","200","-1","0","1141","16","41","","public, max-age=15552000","","181105_8N_6","-1","67","-1","0","15552000","833","1930","-1","GET","833","","14977","0.52","-1","-1","www.bing.com","100","-1","https://www.bing.com/?toWww=1&redig=B7763EC4CDD647798109EE01B0285E5C","1","1918","/rs/2Q/tI/ic/62e26c9c/4d15d5bc.jpg","100","","","2144","1930","1997","1997","2144","147","1930","2144","214","44","45","1","0","h2","low","","6","100","",
"13.107.21.200","305","979","","-1","100","Image","3","-1","-1","image/jpeg","","1","","-1","-1","https://www.bing.com/rs/2Q/tL/ic/da45e62f/201dd8a2.jpg","-1","-1","200","-1","0","1287","16","41","","public, max-age=15552000","","181105_8N_6","-1","118","-1","0","15552000","979","1931","-1","GET","979","","14977","0.55","-1","-1","www.bing.com","100","-1","https://www.bing.com/?toWww=1&redig=B7763EC4CDD647798109EE01B0285E5C","1","1919","/rs/2Q/tL/ic/da45e62f/201dd8a2.jpg","100","","","2236","1931","2049","2049","2236","187","1931","2236","305","45","46","1","0","h2","low","","6","100","",
"13.107.21.200","306","1005","","-1","100","Image","3","-1","-1","image/jpeg","","1","","-1","-1","https://www.bing.com/rs/2Q/tR/ic/0bea548b/d305a9ed.jpg","-1","-1","200","-1","0","1314","16","41","","public, max-age=15552000","","181105_8N_6","-1","118","-1","0","15552000","1005","1931","-1","GET","1005","","14977","0.54","-1","-1","www.bing.com","100","-1","https://www.bing.com/?toWww=1&redig=B7763EC4CDD647798109EE01B0285E5C","1","1919","/rs/2Q/tR/ic/0bea548b/d305a9ed.jpg","100","","","2237","1931","2049","2049","2237","188","1931","2237","306","46","47","1","0","h2","low","","6","100","",
"13.107.21.200","498","","","-1","-1","Image","3","-1","-1","","","1","","-1","-1","https://www.bing.com/fd/ls/l?IG=BAF14837E02B459E8E1CB813072283B5&TYPE=Event.ClientInst&DATA=%5B%7B%22T%22%3A%22CI.Init%22%2C%22FID%22%3A%22CI%22%2C%22Name%22%3A%22Base%22%2C%22TS%22%3A1541378271653%7D%2C%7B%22T%22%3A%22CI.Show%22%2C%22FID%22%3A%22HpPortrait%22%2C%22Name%22%3A%22null%22%2C%22TS%22%3A1541378271653%7D%2C%7B%22shareKey%22%3A%22%22%2C%22guid%22%3A%222fcade44-8958-4375-8c22-42f28bbbd510%22%2C%22stage%22%3A%22Visible%22%2C%22message%22%3A%22Social%20share%20is%20visible.%22%2C%22T%22%3A%22CI.SocialShare%22%2C%22FID%22%3A%22null%22%2C%22Name%22%3A%22WhatsApp%22%2C%22TS%22%3A1541378272200%7D%2C%7B%22shareKey%22%3A%22%22%2C%22guid%22%3A%222fcade44-8958-4375-8c22-42f28bbbd510%22%2C%22stage%22%3A%22Visible%22%2C%22message%22%3A%22Social%20share%20is%20visible.%22%2C%22T%22%3A%22CI.SocialShare%22%2C%22FID%22%3A%22null%22%2C%22Name%22%3A%22Facebook%22%2C%22TS%22%3A1541378272201%7D%2C%7B%22shareKey%22%3A%22%22%2C%22guid%22%3A%222fcade44-8958-4375-8c22-42f28bbbd510%22%2C%22stage%22%3A%22Visible%22%2C%22message%22%3A%22Social%20share%20is%20visible.%22%2C%22T%22%3A%22CI.SocialShare%22%2C%22FID%22%3A%22null%22%2C%22Name%22%3A%22Skype%22%2C%22TS%22%3A1541378272201%7D%2C%7B%22shareKey%22%3A%22%22%2C%22guid%22%3A%222fcade44-8958-4375-8c22-42f28bbbd510%22%2C%22stage%22%3A%22Visible%22%2C%22message%22%3A%22Social%20share%20is%20visible.%22%2C%22T%22%3A%22CI.SocialShare%22%2C%22FID%22%3A%22null%22%2C%22Name%22%3A%22WhatsApp%22%2C%22TS%22%3A1541378272201%7D%2C%7B%22shareKey%22%3A%22%22%2C%22guid%22%3A%222fcade44-8958-4375-8c22-42f28bbbd510%22%2C%22stage%22%3A%22Visible%22%2C%22message%22%3A%22Social%20share%20is%20visible.%22%2C%22T%22%3A%22CI.SocialShare%22%2C%22FID%22%3A%22null%22%2C%22Name%22%3A%22Sms%22%2C%22TS%22%3A1541378272201%7D%5D","-1","-1","200","-1","","152","3","1254","","","","181105_8N_6","-1","445","-1","-1","","0","1988","-1","GET","0","","9011","0.62","-1","-1","www.bing.com","100","-1","https://www.bing.com/rms/BingCore.Bundle/cj,nj/3e6a7d75/9a358300.js?bu=rms+answers+Shared+BingCore%24ClientInstV2%24DuplicateXlsDefaultConfig*BingCore%24ClientInstV2%24SharedLocalStorageConfigDefault*BingCore%24shared*BingCore%24env.override*Empty*BingCore%24event.custom.fix*BingCore%24event.native*BingCore%24onHTML*BingCore%24dom*BingCore%24cookies*BingCore%24rmsajax*BingCore%24ClientInstV2%24LogUploadCapFeatureDisabled*BingCore%24ClientInstV2%24ClientInstConfigSeparateOfflineQueue*BingCore%24clientinst*BingCore%24replay*BingCore%24Animation*BingCore%24fadeAnimation*BingCore%24framework","1","1977","/fd/ls/l?IG=BAF14837E02B459E8E1CB813072283B5&TYPE=Event.ClientInst&DATA=%5B%7B%22T%22%3A%22CI.Init%22%2C%22FID%22%3A%22CI%22%2C%22Name%22%3A%22Base%22%2C%22TS%22%3A1541378271653%7D%2C%7B%22T%22%3A%22CI.Show%22%2C%22FID%22%3A%22HpPortrait%22%2C%22Name%22%3A%22null%22%2C%22TS%22%3A1541378271653%7D%2C%7B%22shareKey%22%3A%22%22%2C%22guid%22%3A%222fcade44-8958-4375-8c22-42f28bbbd510%22%2C%22stage%22%3A%22Visible%22%2C%22message%22%3A%22Social%20share%20is%20visible.%22%2C%22T%22%3A%22CI.SocialShare%22%2C%22FID%22%3A%22null%22%2C%22Name%22%3A%22WhatsApp%22%2C%22TS%22%3A1541378272200%7D%2C%7B%22shareKey%22%3A%22%22%2C%22guid%22%3A%222fcade44-8958-4375-8c22-42f28bbbd510%22%2C%22stage%22%3A%22Visible%22%2C%22message%22%3A%22Social%20share%20is%20visible.%22%2C%22T%22%3A%22CI.SocialShare%22%2C%22FID%22%3A%22null%22%2C%22Name%22%3A%22Facebook%22%2C%22TS%22%3A1541378272201%7D%2C%7B%22shareKey%22%3A%22%22%2C%22guid%22%3A%222fcade44-8958-4375-8c22-42f28bbbd510%22%2C%22stage%22%3A%22Visible%22%2C%22message%22%3A%22Social%20share%20is%20visible.%22%2C%22T%22%3A%22CI.SocialShare%22%2C%22FID%22%3A%22null%22%2C%22Name%22%3A%22Skype%22%2C%22TS%22%3A1541378272201%7D%2C%7B%22shareKey%22%3A%22%22%2C%22guid%22%3A%222fcade44-8958-4375-8c22-42f28bbbd510%22%2C%22stage%22%3A%22Visible%22%2C%22message%22%3A%22Social%20share%20is%20visible.%22%2C%22T%22%3A%22CI.SocialShare%22%2C%22FID%22%3A%22null%22%2C%22Name%22%3A%22WhatsApp%22%2C%22TS%22%3A1541378272201%7D%2C%7B%22shareKey%22%3A%22%22%2C%22guid%22%3A%222fcade44-8958-4375-8c22-42f28bbbd510%22%2C%22stage%22%3A%22Visible%22%2C%22message%22%3A%22Social%20share%20is%20visible.%22%2C%22T%22%3A%22CI.SocialShare%22%2C%22FID%22%3A%22null%22%2C%22Name%22%3A%22Sms%22%2C%22TS%22%3A1541378272201%7D%5D","-1","","","2486","1988","2433","2433","2486","53","1988","2486","498","47","48","1","0","h2","low","","","","",
"13.107.21.200","494","","","-1","-1","Script","3","-1","-1","application/x-javascript; charset=utf-8","0","1","","100","-1","https://www.bing.com/rs/3Q/2m/cj,nj/56b755ce/802fbfb7.js","-1","-1","200","-1","","1162","3","43","","public, max-age=15552000","br","181105_8N_6","-1","433","-1","0","15552000","1974","1991","-1","GET","805","805","6234","0.63","-1","-1","www.bing.com","100","-1","https://www.bing.com/rms/BingCore.Bundle/cj,nj/3e6a7d75/9a358300.js?bu=rms+answers+Shared+BingCore%24ClientInstV2%24DuplicateXlsDefaultConfig*BingCore%24ClientInstV2%24SharedLocalStorageConfigDefault*BingCore%24shared*BingCore%24env.override*Empty*BingCore%24event.custom.fix*BingCore%24event.native*BingCore%24onHTML*BingCore%24dom*BingCore%24cookies*BingCore%24rmsajax*BingCore%24ClientInstV2%24LogUploadCapFeatureDisabled*BingCore%24ClientInstV2%24ClientInstConfigSeparateOfflineQueue*BingCore%24clientinst*BingCore%24replay*BingCore%24Animation*BingCore%24fadeAnimation*BingCore%24framework","1","1979","/rs/3Q/2m/cj,nj/56b755ce/802fbfb7.js","100","","","2485","1991","2424","2424","2485","61","1991","2485","494","48","49","1","0","h2","high","","","","",
"13.107.21.200","495","","","-1","-1","Script","3","-1","-1","application/x-javascript; charset=utf-8","0","1","","100","-1","https://www.bing.com/rs/2Q/iu/cj,nj/551a1fa3/69fc089c.js","-1","-1","200","-1","","2376","3","43","","public, max-age=15552000","br","181105_8N_6","-1","433","-1","0","15552000","4843","1991","-1","GET","2018","2018","6234","0.64","-1","-1","www.bing.com","100","-1","https://www.bing.com/rms/BingCore.Bundle/cj,nj/3e6a7d75/9a358300.js?bu=rms+answers+Shared+BingCore%24ClientInstV2%24DuplicateXlsDefaultConfig*BingCore%24ClientInstV2%24SharedLocalStorageConfigDefault*BingCore%24shared*BingCore%24env.override*Empty*BingCore%24event.custom.fix*BingCore%24event.native*BingCore%24onHTML*BingCore%24dom*BingCore%24cookies*BingCore%24rmsajax*BingCore%24ClientInstV2%24LogUploadCapFeatureDisabled*BingCore%24ClientInstV2%24ClientInstConfigSeparateOfflineQueue*BingCore%24clientinst*BingCore%24replay*BingCore%24Animation*BingCore%24fadeAnimation*BingCore%24framework","1","1980","/rs/2Q/iu/cj,nj/551a1fa3/69fc089c.js","100","","","2486","1991","2424","2424","2486","62","1991","2486","495","49","50","1","0","h2","high","","","","",
"13.107.21.200","495","","","-1","-1","Image","3","-1","-1","","","1","","-1","-1","https://www.bing.com/fd/ls/l?IG=BAF14837E02B459E8E1CB813072283B5&TYPE=Event.ClientInst&DATA=%5B%7B%22shareKey%22%3A%22%22%2C%22guid%22%3A%222fcade44-8958-4375-8c22-42f28bbbd510%22%2C%22stage%22%3A%22Visible%22%2C%22message%22%3A%22Social%20share%20is%20visible.%22%2C%22T%22%3A%22CI.SocialShare%22%2C%22FID%22%3A%22null%22%2C%22Name%22%3A%22Facebook%22%2C%22TS%22%3A1541378272201%7D%2C%7B%22shareKey%22%3A%22%22%2C%22guid%22%3A%222fcade44-8958-4375-8c22-42f28bbbd510%22%2C%22stage%22%3A%22Visible%22%2C%22message%22%3A%22Social%20share%20is%20visible.%22%2C%22T%22%3A%22CI.SocialShare%22%2C%22FID%22%3A%22null%22%2C%22Name%22%3A%22Twitter%22%2C%22TS%22%3A1541378272203%7D%2C%7B%22shareKey%22%3A%22%22%2C%22guid%22%3A%222fcade44-8958-4375-8c22-42f28bbbd510%22%2C%22stage%22%3A%22Visible%22%2C%22message%22%3A%22Social%20share%20is%20visible.%22%2C%22T%22%3A%22CI.SocialShare%22%2C%22FID%22%3A%22null%22%2C%22Name%22%3A%22Skype%22%2C%22TS%22%3A1541378272203%7D%2C%7B%22shareKey%22%3A%22%22%2C%22guid%22%3A%222fcade44-8958-4375-8c22-42f28bbbd510%22%2C%22stage%22%3A%22Visible%22%2C%22message%22%3A%22Social%20share%20is%20visible.%22%2C%22T%22%3A%22CI.SocialShare%22%2C%22FID%22%3A%22null%22%2C%22Name%22%3A%22Email%22%2C%22TS%22%3A1541378272203%7D%2C%7B%22shareKey%22%3A%22%22%2C%22guid%22%3A%222fcade44-8958-4375-8c22-42f28bbbd510%22%2C%22stage%22%3A%22Visible%22%2C%22message%22%3A%22Social%20share%20is%20visible.%22%2C%22T%22%3A%22CI.SocialShare%22%2C%22FID%22%3A%22null%22%2C%22Name%22%3A%22GetUrl%22%2C%22TS%22%3A1541378272203%7D%2C%7B%22T%22%3A%22CI.Load%22%2C%22FID%22%3A%22HP%22%2C%22Name%22%3A%22HpmobAjaxLoad%22%2C%22TS%22%3A1541378272205%7D%5D","-1","-1","200","-1","","152","3","1176","","","","181105_8N_6","-1","445","-1","-1","","0","1991","-1","GET","0","","9011","0.65","-1","-1","www.bing.com","100","-1","https://www.bing.com/rms/BingCore.Bundle/cj,nj/3e6a7d75/9a358300.js?bu=rms+answers+Shared+BingCore%24ClientInstV2%24DuplicateXlsDefaultConfig*BingCore%24ClientInstV2%24SharedLocalStorageConfigDefault*BingCore%24shared*BingCore%24env.override*Empty*BingCore%24event.custom.fix*BingCore%24event.native*BingCore%24onHTML*BingCore%24dom*BingCore%24cookies*BingCore%24rmsajax*BingCore%24ClientInstV2%24LogUploadCapFeatureDisabled*BingCore%24ClientInstV2%24ClientInstConfigSeparateOfflineQueue*BingCore%24clientinst*BingCore%24replay*BingCore%24Animation*BingCore%24fadeAnimation*BingCore%24framework","1","1980","/fd/ls/l?IG=BAF14837E02B459E8E1CB813072283B5&TYPE=Event.ClientInst&DATA=%5B%7B%22shareKey%22%3A%22%22%2C%22guid%22%3A%222fcade44-8958-4375-8c22-42f28bbbd510%22%2C%22stage%22%3A%22Visible%22%2C%22message%22%3A%22Social%20share%20is%20visible.%22%2C%22T%22%3A%22CI.SocialShare%22%2C%22FID%22%3A%22null%22%2C%22Name%22%3A%22Facebook%22%2C%22TS%22%3A1541378272201%7D%2C%7B%22shareKey%22%3A%22%22%2C%22guid%22%3A%222fcade44-8958-4375-8c22-42f28bbbd510%22%2C%22stage%22%3A%22Visible%22%2C%22message%22%3A%22Social%20share%20is%20visible.%22%2C%22T%22%3A%22CI.SocialShare%22%2C%22FID%22%3A%22null%22%2C%22Name%22%3A%22Twitter%22%2C%22TS%22%3A1541378272203%7D%2C%7B%22shareKey%22%3A%22%22%2C%22guid%22%3A%222fcade44-8958-4375-8c22-42f28bbbd510%22%2C%22stage%22%3A%22Visible%22%2C%22message%22%3A%22Social%20share%20is%20visible.%22%2C%22T%22%3A%22CI.SocialShare%22%2C%22FID%22%3A%22null%22%2C%22Name%22%3A%22Skype%22%2C%22TS%22%3A1541378272203%7D%2C%7B%22shareKey%22%3A%22%22%2C%22guid%22%3A%222fcade44-8958-4375-8c22-42f28bbbd510%22%2C%22stage%22%3A%22Visible%22%2C%22message%22%3A%22Social%20share%20is%20visible.%22%2C%22T%22%3A%22CI.SocialShare%22%2C%22FID%22%3A%22null%22%2C%22Name%22%3A%22Email%22%2C%22TS%22%3A1541378272203%7D%2C%7B%22shareKey%22%3A%22%22%2C%22guid%22%3A%222fcade44-8958-4375-8c22-42f28bbbd510%22%2C%22stage%22%3A%22Visible%22%2C%22message%22%3A%22Social%20share%20is%20visible.%22%2C%22T%22%3A%22CI.SocialShare%22%2C%22FID%22%3A%22null%22%2C%22Name%22%3A%22GetUrl%22%2C%22TS%22%3A1541378272203%7D%2C%7B%22T%22%3A%22CI.Load%22%2C%22FID%22%3A%22HP%22%2C%22Name%22%3A%22HpmobAjaxLoad%22%2C%22TS%22%3A1541378272205%7D%5D","-1","","","2486","1991","2436","2436","2486","50","1991","2486","495","50","51","1","0","h2","low","","","","",
"13.107.21.200","495","","","-1","-1","Document","3","-1","-1","application/x-javascript; charset=utf-8","0","1","","100","-1","https://www.bing.com/rs/2W/2k/cj,nj/8d784342/dbeb434c.js","-1","-1","200","-1","","612","2","43","","public, max-age=15552000","br","181105_8N_6","-1","419","-1","0","15552000","407","2021","-1","GET","255","255","10711","0.66","-1","-1","www.bing.com","100","-1","https://www.bing.com/rb/14/cj,nj/1b7dfb88/cc8437ad.js?bu=DikuWWltcWVdYaoBrgEungEu","1","2020","/rs/2W/2k/cj,nj/8d784342/dbeb434c.js","100","","","2516","2021","2440","2440","2516","76","2021","2516","495","51","52","1","0","h2","high","","","","",
"13.107.21.200","83","","","-1","-1","XHR","3","-1","-1","text/html; charset=utf-8","0","1","","100","-1","https://www.bing.com/favorites/cfx","-1","-1","200","-1","","2864","1","21","","private","gzip","181105_8N_6","-1","56","-1","-1","","6341","2493","-1","GET","2545","2545","971","0.67","-1","-1","www.bing.com","100","-1","https://www.bing.com/rs/3Q/2m/cj,nj/56b755ce/802fbfb7.js","1","2492","/favorites/cfx","-1","","","2576","2493","2549","2549","2576","27","2493","2576","83","52","53","1","0","h2","medium","","","","",
"13.107.21.200","104","","","-1","-1","XHR","3","-1","-1","text/html; charset=utf-8","0","1","","100","-1","https://www.bing.com/images/favorites/manage?action=getStatus&sid=34EA17212AF86BA704161BBF2B506AAD","-1","-1","200","-1","","482","2","308","","private","gzip","181105_8N_6","-1","96","-1","-1","","58","2587","-1","POST","78","78","1842","0.69","-1","-1","www.bing.com","100","-1","https://www.bing.com/?toWww=1&redig=B7763EC4CDD647798109EE01B0285E5C","1","2586","/images/favorites/manage?action=getStatus&sid=34EA17212AF86BA704161BBF2B506AAD","-1","","","2691","2587","2683","2683","2691","8","2587","2691","104","53","54","1","0","h2","medium","","","","",
"13.107.21.200","100","","","-1","-1","XHR","3","-1","-1","","","1","","-1","-1","https://www.bing.com/fd/ls/lsp.aspx","-1","-1","204","-1","","71","2","5773","","","","181105_8N_6","-1","95","-1","-1","","0","2845","-1","POST","0","","1663","0.70","-1","-1","www.bing.com","-1","-1","https://www.bing.com/rb/14/cj,nj/1b7dfb88/cc8437ad.js?bu=DikuWWltcWVdYaoBrgEungEu","1","2844","/fd/ls/lsp.aspx","-1","","","2945","2845","2940","2940","2945","5","2845","2945","100","54","55","1","0","h2","medium","","","","",
"","284","","","-1","-1","Document","3","-1","-1","text/html; charset=utf-8","","1","","-1","-1","https://login.live.com/login.srf?wa=wsignin1.0&rpsnv=11&ct=1541378272&rver=6.0.5286.0&wp=MBI_SSL&wreply=https:%2F%2fwww.bing.com%2Fsecure%2FPassport.aspx%3Fpopup%3D1%26ssl%3D1&lc=1033&id=264960&checkda=1","-1","-1","302","-1","","625","2","0","","no-cache","","181105_8N_6","-1","284","-1","-1","","0","3569","-1","GET","0","","24285","0.71","-1","-1","login.live.com","-1","-1","https://www.bing.com/?toWww=1&redig=B7763EC4CDD647798109EE01B0285E5C","-1","3569","/login.srf?wa=wsignin1.0&rpsnv=11&ct=1541378272&rver=6.0.5286.0&wp=MBI_SSL&wreply=https:%2F%2fwww.bing.com%2Fsecure%2FPassport.aspx%3Fpopup%3D1%26ssl%3D1&lc=1033&id=264960&checkda=1","-1","","","3853","3569","3853","3853","3853","0","3569","3853","284","55","56","1","0","","","","","","Mon, 05 Nov 2018 00:36:54 GMT",
"13.107.21.200","94","","","-1","-1","Document","3","-1","-1","text/html; charset=utf-8","0","1","","100","-1","https://www.bing.com/secure/Passport.aspx?popup=1&ssl=1","-1","-1","200","-1","","548","","836","","private","gzip","181105_8N_6","-1","78","-1","-1","","320","3854","-1","GET","230","230","","0.71.1","-1","-1","www.bing.com","100","-1","","1","3854","/secure/Passport.aspx?popup=1&ssl=1","-1","","","3948","3854","3932","3932","3948","16","3854","3948","94","56","57","1","0","h2","high","","","","",
"13.107.21.200","340","","","-1","-1","Document","3","-1","-1","text/html; charset=utf-8","0","1","","100","-1","https://www.bing.com/?toWww=1&redig=B7763EC4CDD647798109EE01B0285E5C","-1","-1","200","-1","","21104","","390","","private, max-age=0","gzip","181105_8N_6","-1","185","-1","-1","","52099","21","-1","GET","20747","20747","","0.2.1","-1","-1","www.bing.com","100","-1","","1","21","/?toWww=1&redig=B7763EC4CDD647798109EE01B0285E5C","-1","","","361","21","206","206","361","155","21","361","340","0","1","1","1","h2","high","1","","","",
"13.107.21.200","176","","","-1","-1","Image","3","-1","-1","","","1","","-1","-1","https://www.bing.com/fd/ls/l?IG=5F73DAAC42244D8FB7C4A147F863B105&Type=Event.CPT&DATA={%22pp%22:{%22S%22:%22L%22,%22FC%22:-1,%22BC%22:-1,%22SE%22:-1,%22TC%22:-1,%22H%22:-1,%22BP%22:65,%22CT%22:72,%22IL%22:1},%22ad%22:[-1,-1,375,603,375,603,1]}&P=SERP&DA=CH01&MN=SERP","-1","-1","200","-1","","152","12","554","","","","181105_8N_6","-1","38","-1","-1","","0","452","-1","GET","0","","8205","0.5","-1","-1","www.bing.com","100","-1","https://www.bing.com/?toWww=1&redig=B7763EC4CDD647798109EE01B0285E5C","1","450","/fd/ls/l?IG=5F73DAAC42244D8FB7C4A147F863B105&Type=Event.CPT&DATA={%22pp%22:{%22S%22:%22L%22,%22FC%22:-1,%22BC%22:-1,%22SE%22:-1,%22TC%22:-1,%22H%22:-1,%22BP%22:65,%22CT%22:72,%22IL%22:1},%22ad%22:[-1,-1,375,603,375,603,1]}&P=SERP&DA=CH01&MN=SERP","-1","","","628","452","490","490","628","138","452","628","176","1","2","1","1","h2","low","","","","",
"","164","","","-1","-1","Beacon","3","-1","-1","","","1","","-1","-1","https://www.bing.com/fd/ls/lsp.aspx?","-1","-1","204","-1","","0","12","0","","","","181105_8N_6","-1","164","-1","-1","","0","464","-1","POST","0","","6736","0.6","-1","-1","www.bing.com","-1","-1","https://www.bing.com/?toWww=1&redig=B7763EC4CDD647798109EE01B0285E5C","-1","464","/fd/ls/lsp.aspx","-1","","","628","464","628","628","628","0","464","628","164","2","3","1","1","","","","","","",
"13.107.21.200","97","","","-1","-1","XHR","3","-1","-1","text/html; charset=utf-8","0","1","","100","-1","https://www.bing.com/notifications/render?bnptrigger=%7B%22PartnerId%22%3A%22HomePage%22%2C%22IID%22%3A%22SERP.2000%22%2C%22Attributes%22%3A%7B%22RawRequestURL%22%3A%22%2F%3FtoWww%3D1%26redig%3DB7763EC4CDD647798109EE01B0285E5C%22%7D%7D&IG=5F73DAAC42244D8FB7C4A147F863B105&IID=SERP.2000","-1","-1","200","-1","","3647","2","209","","no-cache","gzip","181105_8N_6","-1","84","-1","-1","","6894","821","-1","GET","3327","3327","2099","0.16","-1","-1","www.bing.com","100","-1","https://www.bing.com/?toWww=1&redig=B7763EC4CDD647798109EE01B0285E5C","1","819","/notifications/render?bnptrigger=%7B%22PartnerId%22%3A%22HomePage%22%2C%22IID%22%3A%22SERP.2000%22%2C%22Attributes%22%3A%7B%22RawRequestURL%22%3A%22%2F%3FtoWww%3D1%26redig%3DB7763EC4CDD647798109EE01B0285E5C%22%7D%7D&IG=5F73DAAC42244D8FB7C4A147F863B105&IID=SERP.2000","-1","","","918","821","905","905","918","13","821","918","97","3","4","1","1","h2","medium","","","","",
"","86","","","-1","-1","Image","3","-1","-1","text/html; charset=utf-8","","1","","-1","-1","https://www.bing.com/ImageResolution.aspx?w=375&h=603&hash=db526ab80070e151d594c8e0022c065b&toWww=1&redig=B7763EC4CDD647798109EE01B0285E5C","-1","-1","302","-1","","536","16","0","","private","gzip","181105_8N_6","-1","86","-1","-1","","0","857","-1","GET","160","","3272","0.20","-1","-1","www.bing.com","-1","-1","https://www.bing.com/?toWww=1&redig=B7763EC4CDD647798109EE01B0285E5C","-1","857","/ImageResolution.aspx?w=375&h=603&hash=db526ab80070e151d594c8e0022c065b&toWww=1&redig=B7763EC4CDD647798109EE01B0285E5C","-1","","","943","857","943","943","943","0","857","943","86","4","5","1","1","","","","","","",
"13.107.21.200","92","71145","","-1","100","","3","-1","-1","image/jpeg","","1","","-1","-1","https://www.bing.com/az/hprichbg/rb/NYCM_EN-US8962861446_480x640.jpg","-1","-1","200","-1","0","71383","","157","","public, max-age=691200","","181105_8N_6","-1","50","-1","0","691200","71310","943","-1","GET","71145","","","0.20.1","-1","-1","www.bing.com","100","-1","","1","943","/az/hprichbg/rb/NYCM_EN-US8962861446_480x640.jpg","100","","","1035","943","993","993","1035","42","943","1035","92","5","6","1","1","h2","low","","1","0","",
"13.107.21.200","163","","","-1","-1","XHR","3","-1","-1","text/html; charset=utf-8","0","1","","100","-1","https://www.bing.com/hpmob?toWww=1&redig=B7763EC4CDD647798109EE01B0285E5C&IG=5F73DAAC42244D8FB7C4A147F863B105&IID=SERP.5000","-1","-1","200","-1","","27746","16","91","","private","gzip","181105_8N_6","-1","130","-1","-1","","75089","1041","-1","GET","27399","27399","15326","0.23","-1","-1","www.bing.com","100","-1","https://www.bing.com/?toWww=1&redig=B7763EC4CDD647798109EE01B0285E5C","1","1040","/hpmob?toWww=1&redig=B7763EC4CDD647798109EE01B0285E5C&IG=5F73DAAC42244D8FB7C4A147F863B105&IID=SERP.5000","-1","","","1204","1041","1171","1171","1204","33","1041","1204","163","6","7","1","1","h2","medium","","","","",
"","54","","","-1","-1","Image","3","-1","-1","text/html; charset=utf-8","","1","","-1","-1","https://www.bing.com/ImageResolution.aspx?w=375&h=603&hash=db526ab80070e151d594c8e0022c065b&toWww=1&redig=B7763EC4CDD647798109EE01B0285E5C","-1","-1","302","-1","","536","16","0","","private","gzip","181105_8N_6","-1","54","-1","-1","","0","1042","-1","GET","160","","3308","0.24","-1","-1","www.bing.com","-1","-1","https://www.bing.com/?toWww=1&redig=B7763EC4CDD647798109EE01B0285E5C","-1","1042","/ImageResolution.aspx?w=375&h=603&hash=db526ab80070e151d594c8e0022c065b&toWww=1&redig=B7763EC4CDD647798109EE01B0285E5C","-1","","","1096","1042","1096","1096","1096","0","1042","1096","54","7","8","1","1","","","","","","",
"13.107.21.200","105","71145","","-1","100","","3","-1","-1","image/jpeg","","1","","-1","-1","https://www.bing.com/az/hprichbg/rb/NYCM_EN-US8962861446_480x640.jpg","-1","-1","200","-1","0","71383","","157","","public, max-age=691200","","181105_8N_6","-1","37","-1","0","691200","71310","1096","-1","GET","71145","","","0.24.1","-1","-1","www.bing.com","100","-1","","1","1096","/az/hprichbg/rb/NYCM_EN-US8962861446_480x640.jpg","100","","","1201","1096","1133","1133","1201","68","1096","1201","105","8","9","1","1","h2","low","","1","0","",
"13.107.21.200","123","","","-1","-1","Image","3","-1","-1","","","1","","-1","-1","https://www.bing.com/fd/ls/l?IG=5F73DAAC42244D8FB7C4A147F863B105&TYPE=Event.ClientInst&DATA=%5B%7B%22T%22%3A%22CI.Init%22%2C%22FID%22%3A%22CI%22%2C%22Name%22%3A%22Base%22%2C%22TS%22%3A1541378295251%7D%2C%7B%22T%22%3A%22CI.Show%22%2C%22FID%22%3A%22HpPortrait%22%2C%22Name%22%3A%22null%22%2C%22TS%22%3A1541378295251%7D%2C%7B%22shareKey%22%3A%22%22%2C%22guid%22%3A%22d0723081-f0cf-4818-bb07-f84ca753b127%22%2C%22stage%22%3A%22Visible%22%2C%22message%22%3A%22Social%20share%20is%20visible.%22%2C%22T%22%3A%22CI.SocialShare%22%2C%22FID%22%3A%22null%22%2C%22Name%22%3A%22WhatsApp%22%2C%22TS%22%3A1541378295655%7D%2C%7B%22shareKey%22%3A%22%22%2C%22guid%22%3A%22d0723081-f0cf-4818-bb07-f84ca753b127%22%2C%22stage%22%3A%22Visible%22%2C%22message%22%3A%22Social%20share%20is%20visible.%22%2C%22T%22%3A%22CI.SocialShare%22%2C%22FID%22%3A%22null%22%2C%22Name%22%3A%22Facebook%22%2C%22TS%22%3A1541378295655%7D%2C%7B%22shareKey%22%3A%22%22%2C%22guid%22%3A%22d0723081-f0cf-4818-bb07-f84ca753b127%22%2C%22stage%22%3A%22Visible%22%2C%22message%22%3A%22Social%20share%20is%20visible.%22%2C%22T%22%3A%22CI.SocialShare%22%2C%22FID%22%3A%22null%22%2C%22Name%22%3A%22Skype%22%2C%22TS%22%3A1541378295655%7D%2C%7B%22shareKey%22%3A%22%22%2C%22guid%22%3A%22d0723081-f0cf-4818-bb07-f84ca753b127%22%2C%22stage%22%3A%22Visible%22%2C%22message%22%3A%22Social%20share%20is%20visible.%22%2C%22T%22%3A%22CI.SocialShare%22%2C%22FID%22%3A%22null%22%2C%22Name%22%3A%22WhatsApp%22%2C%22TS%22%3A1541378295655%7D%2C%7B%22shareKey%22%3A%22%22%2C%22guid%22%3A%22d0723081-f0cf-4818-bb07-f84ca753b127%22%2C%22stage%22%3A%22Visible%22%2C%22message%22%3A%22Social%20share%20is%20visible.%22%2C%22T%22%3A%22CI.SocialShare%22%2C%22FID%22%3A%22null%22%2C%22Name%22%3A%22Sms%22%2C%22TS%22%3A1541378295655%7D%5D","-1","-1","200","-1","","152","3","1256","","","","181105_8N_6","-1","43","-1","-1","","0","1262","-1","GET","0","","9011","0.62","-1","-1","www.bing.com","100","-1","https://www.bing.com/rms/BingCore.Bundle/cj,nj/3e6a7d75/9a358300.js?bu=rms+answers+Shared+BingCore%24ClientInstV2%24DuplicateXlsDefaultConfig*BingCore%24ClientInstV2%24SharedLocalStorageConfigDefault*BingCore%24shared*BingCore%24env.override*Empty*BingCore%24event.custom.fix*BingCore%24event.native*BingCore%24onHTML*BingCore%24dom*BingCore%24cookies*BingCore%24rmsajax*BingCore%24ClientInstV2%24LogUploadCapFeatureDisabled*BingCore%24ClientInstV2%24ClientInstConfigSeparateOfflineQueue*BingCore%24clientinst*BingCore%24replay*BingCore%24Animation*BingCore%24fadeAnimation*BingCore%24framework","1","1257","/fd/ls/l?IG=5F73DAAC42244D8FB7C4A147F863B105&TYPE=Event.ClientInst&DATA=%5B%7B%22T%22%3A%22CI.Init%22%2C%22FID%22%3A%22CI%22%2C%22Name%22%3A%22Base%22%2C%22TS%22%3A1541378295251%7D%2C%7B%22T%22%3A%22CI.Show%22%2C%22FID%22%3A%22HpPortrait%22%2C%22Name%22%3A%22null%22%2C%22TS%22%3A1541378295251%7D%2C%7B%22shareKey%22%3A%22%22%2C%22guid%22%3A%22d0723081-f0cf-4818-bb07-f84ca753b127%22%2C%22stage%22%3A%22Visible%22%2C%22message%22%3A%22Social%20share%20is%20visible.%22%2C%22T%22%3A%22CI.SocialShare%22%2C%22FID%22%3A%22null%22%2C%22Name%22%3A%22WhatsApp%22%2C%22TS%22%3A1541378295655%7D%2C%7B%22shareKey%22%3A%22%22%2C%22guid%22%3A%22d0723081-f0cf-4818-bb07-f84ca753b127%22%2C%22stage%22%3A%22Visible%22%2C%22message%22%3A%22Social%20share%20is%20visible.%22%2C%22T%22%3A%22CI.SocialShare%22%2C%22FID%22%3A%22null%22%2C%22Name%22%3A%22Facebook%22%2C%22TS%22%3A1541378295655%7D%2C%7B%22shareKey%22%3A%22%22%2C%22guid%22%3A%22d0723081-f0cf-4818-bb07-f84ca753b127%22%2C%22stage%22%3A%22Visible%22%2C%22message%22%3A%22Social%20share%20is%20visible.%22%2C%22T%22%3A%22CI.SocialShare%22%2C%22FID%22%3A%22null%22%2C%22Name%22%3A%22Skype%22%2C%22TS%22%3A1541378295655%7D%2C%7B%22shareKey%22%3A%22%22%2C%22guid%22%3A%22d0723081-f0cf-4818-bb07-f84ca753b127%22%2C%22stage%22%3A%22Visible%22%2C%22message%22%3A%22Social%20share%20is%20visible.%22%2C%22T%22%3A%22CI.SocialShare%22%2C%22FID%22%3A%22null%22%2C%22Name%22%3A%22WhatsApp%22%2C%22TS%22%3A1541378295655%7D%2C%7B%22shareKey%22%3A%22%22%2C%22guid%22%3A%22d0723081-f0cf-4818-bb07-f84ca753b127%22%2C%22stage%22%3A%22Visible%22%2C%22message%22%3A%22Social%20share%20is%20visible.%22%2C%22T%22%3A%22CI.SocialShare%22%2C%22FID%22%3A%22null%22%2C%22Name%22%3A%22Sms%22%2C%22TS%22%3A1541378295655%7D%5D","-1","","","1385","1262","1305","1305","1385","80","1262","1385","123","9","10","1","1","h2","low","","","","",
"13.107.21.200","121","","","-1","-1","Image","3","-1","-1","","","1","","-1","-1","https://www.bing.com/fd/ls/l?IG=5F73DAAC42244D8FB7C4A147F863B105&TYPE=Event.ClientInst&DATA=%5B%7B%22shareKey%22%3A%22%22%2C%22guid%22%3A%22d0723081-f0cf-4818-bb07-f84ca753b127%22%2C%22stage%22%3A%22Visible%22%2C%22message%22%3A%22Social%20share%20is%20visible.%22%2C%22T%22%3A%22CI.SocialShare%22%2C%22FID%22%3A%22null%22%2C%22Name%22%3A%22Facebook%22%2C%22TS%22%3A1541378295655%7D%2C%7B%22shareKey%22%3A%22%22%2C%22guid%22%3A%22d0723081-f0cf-4818-bb07-f84ca753b127%22%2C%22stage%22%3A%22Visible%22%2C%22message%22%3A%22Social%20share%20is%20visible.%22%2C%22T%22%3A%22CI.SocialShare%22%2C%22FID%22%3A%22null%22%2C%22Name%22%3A%22Twitter%22%2C%22TS%22%3A1541378295657%7D%2C%7B%22shareKey%22%3A%22%22%2C%22guid%22%3A%22d0723081-f0cf-4818-bb07-f84ca753b127%22%2C%22stage%22%3A%22Visible%22%2C%22message%22%3A%22Social%20share%20is%20visible.%22%2C%22T%22%3A%22CI.SocialShare%22%2C%22FID%22%3A%22null%22%2C%22Name%22%3A%22Skype%22%2C%22TS%22%3A1541378295657%7D%2C%7B%22shareKey%22%3A%22%22%2C%22guid%22%3A%22d0723081-f0cf-4818-bb07-f84ca753b127%22%2C%22stage%22%3A%22Visible%22%2C%22message%22%3A%22Social%20share%20is%20visible.%22%2C%22T%22%3A%22CI.SocialShare%22%2C%22FID%22%3A%22null%22%2C%22Name%22%3A%22Email%22%2C%22TS%22%3A1541378295658%7D%2C%7B%22shareKey%22%3A%22%22%2C%22guid%22%3A%22d0723081-f0cf-4818-bb07-f84ca753b127%22%2C%22stage%22%3A%22Visible%22%2C%22message%22%3A%22Social%20share%20is%20visible.%22%2C%22T%22%3A%22CI.SocialShare%22%2C%22FID%22%3A%22null%22%2C%22Name%22%3A%22GetUrl%22%2C%22TS%22%3A1541378295658%7D%2C%7B%22T%22%3A%22CI.Load%22%2C%22FID%22%3A%22HP%22%2C%22Name%22%3A%22HpmobAjaxLoad%22%2C%22TS%22%3A1541378295661%7D%5D","-1","-1","200","-1","","152","3","1178","","","","181105_8N_6","-1","43","-1","-1","","0","1263","-1","GET","0","","9011","0.65","-1","-1","www.bing.com","100","-1","https://www.bing.com/rms/BingCore.Bundle/cj,nj/3e6a7d75/9a358300.js?bu=rms+answers+Shared+BingCore%24ClientInstV2%24DuplicateXlsDefaultConfig*BingCore%24ClientInstV2%24SharedLocalStorageConfigDefault*BingCore%24shared*BingCore%24env.override*Empty*BingCore%24event.custom.fix*BingCore%24event.native*BingCore%24onHTML*BingCore%24dom*BingCore%24cookies*BingCore%24rmsajax*BingCore%24ClientInstV2%24LogUploadCapFeatureDisabled*BingCore%24ClientInstV2%24ClientInstConfigSeparateOfflineQueue*BingCore%24clientinst*BingCore%24replay*BingCore%24Animation*BingCore%24fadeAnimation*BingCore%24framework","1","1262","/fd/ls/l?IG=5F73DAAC42244D8FB7C4A147F863B105&TYPE=Event.ClientInst&DATA=%5B%7B%22shareKey%22%3A%22%22%2C%22guid%22%3A%22d0723081-f0cf-4818-bb07-f84ca753b127%22%2C%22stage%22%3A%22Visible%22%2C%22message%22%3A%22Social%20share%20is%20visible.%22%2C%22T%22%3A%22CI.SocialShare%22%2C%22FID%22%3A%22null%22%2C%22Name%22%3A%22Facebook%22%2C%22TS%22%3A1541378295655%7D%2C%7B%22shareKey%22%3A%22%22%2C%22guid%22%3A%22d0723081-f0cf-4818-bb07-f84ca753b127%22%2C%22stage%22%3A%22Visible%22%2C%22message%22%3A%22Social%20share%20is%20visible.%22%2C%22T%22%3A%22CI.SocialShare%22%2C%22FID%22%3A%22null%22%2C%22Name%22%3A%22Twitter%22%2C%22TS%22%3A1541378295657%7D%2C%7B%22shareKey%22%3A%22%22%2C%22guid%22%3A%22d0723081-f0cf-4818-bb07-f84ca753b127%22%2C%22stage%22%3A%22Visible%22%2C%22message%22%3A%22Social%20share%20is%20visible.%22%2C%22T%22%3A%22CI.SocialShare%22%2C%22FID%22%3A%22null%22%2C%22Name%22%3A%22Skype%22%2C%22TS%22%3A1541378295657%7D%2C%7B%22shareKey%22%3A%22%22%2C%22guid%22%3A%22d0723081-f0cf-4818-bb07-f84ca753b127%22%2C%22stage%22%3A%22Visible%22%2C%22message%22%3A%22Social%20share%20is%20visible.%22%2C%22T%22%3A%22CI.SocialShare%22%2C%22FID%22%3A%22null%22%2C%22Name%22%3A%22Email%22%2C%22TS%22%3A1541378295658%7D%2C%7B%22shareKey%22%3A%22%22%2C%22guid%22%3A%22d0723081-f0cf-4818-bb07-f84ca753b127%22%2C%22stage%22%3A%22Visible%22%2C%22message%22%3A%22Social%20share%20is%20visible.%22%2C%22T%22%3A%22CI.SocialShare%22%2C%22FID%22%3A%22null%22%2C%22Name%22%3A%22GetUrl%22%2C%22TS%22%3A1541378295658%7D%2C%7B%22T%22%3A%22CI.Load%22%2C%22FID%22%3A%22HP%22%2C%22Name%22%3A%22HpmobAjaxLoad%22%2C%22TS%22%3A1541378295661%7D%5D","-1","","","1384","1263","1306","1306","1384","78","1263","1384","121","10","11","1","1","h2","low","","","","",
"13.107.21.200","63","","","-1","-1","XHR","3","-1","-1","","","1","","-1","-1","https://www.bing.com/fd/ls/lsp.aspx","-1","-1","204","-1","","72","2","4906","","","","181105_8N_6","-1","57","-1","-1","","0","2065","-1","POST","0","","1663","0.66","-1","-1","www.bing.com","-1","-1","https://www.bing.com/rb/14/cj,nj/1b7dfb88/cc8437ad.js?bu=DikuWWltcWVdYaoBrgEungEu","1","2064","/fd/ls/lsp.aspx","-1","","","2128","2065","2122","2122","2128","6","2065","2128","63","11","12","1","1","h2","medium","","","","",
