"ip_addr","load_ms","image_total","minify_save","score_cookies","score_compress","requestType","type","dns_start","ssl_end","gzip_save","is_secure","server_count","score_gzip","ssl_start","full_url","dns_ms","connect_end","responseCode","ssl_ms","image_save","bytesIn","initiator_line","bytesOut","minify_total","id","dns_end","ttfb_ms","connect_start","score_cdn","cache_time","objectSizeUncompressed","load_start","connect_ms","method","objectSize","gzip_total","initiator_column","request_id","score_combine","score_etags","host","score_keep-alive","score_minify","initiator","socket","created","url","score_cache","server_rtt","cdn_provider","load_end","ttfb_start","ttfb_end","download_start","download_end","download_ms","all_start","all_end","all_ms","index","number","run","cached","protocol","priority","contentType","is_base_page","cacheControl","contentEncoding","expires",
"","271","","","-1","-1","Document","3","-1","-1","","1","","-1","-1","https://whatsapp.com/","-1","-1","301","-1","","239","","0","","181105_FB_X","-1","271","-1","-1","","0","0","-1","GET","0","","","0.2","-1","-1","whatsapp.com","-1","-1","","-1","0","/","-1","","","271","0","271","271","271","0","0","271","271","0","1","1","0","","","","","","","",
"157.240.18.52","601","","","-1","-1","Document","3","-1","-1","0","1","","100","-1","https://www.whatsapp.com/","-1","-1","200","-1","","95514","","499","","181105_FB_X","-1","320","-1","100","","489139","271","-1","GET","94656","94656","","0.2.1","-1","-1","www.whatsapp.com","100","-1","","1","271","/","-1","","Facebook","872","271","591","591","872","281","271","872","601","1","2","1","0","h2","high","text/html; charset=""utf-8""","1","private, no-cache, no-store, must-revalidate","br","Sat, 01 Jan 2000 00:00:00 GMT",
"","938","","","-1","-1","Image","3","-1","-1","","1","","-1","-1","https://blog.whatsapp.com/cookie?l=en","-1","-1","301","-1","","252","9","0","","181105_FB_X","-1","938","-1","-1","","0","883","-1","GET","0","","","0.15","-1","-1","blog.whatsapp.com","-1","-1","https://www.whatsapp.com/","-1","883","/cookie?l=en","-1","","","1821","883","1821","1821","1821","0","883","1821","938","2","3","1","0","","","","","","","",
"","404","","","-1","-1","Image","3","-1","-1","","1","","-1","-1","https://www.whatsapp.com/cookie?l=en","-1","-1","301","-1","","395","9","0","","181105_FB_X","-1","404","-1","-1","","0","883","-1","GET","0","","","0.16","-1","-1","www.whatsapp.com","-1","-1","https://www.whatsapp.com/","-1","883","/cookie?l=en","-1","","","1287","883","1287","1287","1287","0","883","1287","404","3","4","1","0","","","","","","","",
"157.240.18.19","300","","","-1","-1","Script","3","-1","-1","0","1","","100","-1","https://static.xx.fbcdn.net/rsrc.php/v3/yW/r/UiXTwNCuPqT.js","-1","-1","200","-1","","71760","9","45","","181105_FB_X","-1","116","-1","100","31536000","306040","1008","-1","GET","71203","71203","","0.9","-1","-1","static.xx.fbcdn.net","100","-1","https://www.whatsapp.com/","2","851","/rsrc.php/v3/yW/r/UiXTwNCuPqT.js","100","","Facebook","1308","1008","1124","1124","1308","184","1008","1308","300","4","5","1","0","h2","high","application/x-javascript; charset=utf-8","","public,max-age=31536000,immutable","br","Sun, 03 Nov 2019 05:40:09 GMT",
"157.240.18.19","71","","","-1","-1","Stylesheet","3","855","1006","0","1","","100","927","https://static.xx.fbcdn.net/rsrc.php/v3/yM/l/0,cross/CQUeYGIKFZW.css","40","927","200","79","","38411","3","202","","181105_FB_X","895","22","897","100","31536000","175721","1008","30","GET","37231","37231","","0.3","-1","-1","static.xx.fbcdn.net","100","-1","https://www.whatsapp.com/","2","847","/rsrc.php/v3/yM/l/0,cross/CQUeYGIKFZW.css","100","","Facebook","1079","1008","1030","1030","1079","49","855","1079","220","5","6","1","0","h2","high","text/css; charset=utf-8","","public,max-age=31536000,immutable","br","Mon, 04 Nov 2019 12:00:04 GMT",
"157.240.18.19","191","","","-1","-1","Stylesheet","3","-1","-1","0","1","","100","-1","https://static.xx.fbcdn.net/rsrc.php/v3/yH/l/0,cross/VWLbRBjmnDf.css","-1","-1","200","-1","","2395","4","46","","181105_FB_X","-1","92","-1","100","31536000","6311","1008","-1","GET","1320","1320","","0.4","-1","-1","static.xx.fbcdn.net","100","-1","https://www.whatsapp.com/","2","848","/rsrc.php/v3/yH/l/0,cross/VWLbRBjmnDf.css","100","","Facebook","1199","1008","1100","1100","1199","99","1008","1199","191","6","7","1","0","h2","high","text/css; charset=utf-8","","public,max-age=31536000,immutable","br","Wed, 23 Oct 2019 19:10:24 GMT",
"157.240.18.19","243","","","-1","-1","Stylesheet","3","-1","-1","0","1","","100","-1","https://static.xx.fbcdn.net/rsrc.php/v3/ys/l/0,cross/bGTFo7dYK9o.css","-1","-1","200","-1","","8822","8","46","","181105_FB_X","-1","117","-1","100","31536000","35900","1009","-1","GET","7643","7643","","0.8","-1","-1","static.xx.fbcdn.net","100","-1","https://www.whatsapp.com/","2","851","/rsrc.php/v3/ys/l/0,cross/bGTFo7dYK9o.css","100","","Facebook","1252","1009","1126","1126","1252","126","1009","1252","243","7","8","1","0","h2","high","text/css; charset=utf-8","","public,max-age=31536000,immutable","br","Sun, 03 Nov 2019 11:00:02 GMT",
"157.240.18.19","249","","","-1","-1","Stylesheet","3","-1","-1","0","1","","100","-1","https://static.xx.fbcdn.net/rsrc.php/v3/yS/l/0,cross/FJ9YyGVjxUV.css","-1","-1","200","-1","","15454","5","47","","181105_FB_X","-1","92","-1","100","31536000","174123","1009","-1","GET","14378","14378","","0.5","-1","-1","static.xx.fbcdn.net","100","-1","https://www.whatsapp.com/","2","849","/rsrc.php/v3/yS/l/0,cross/FJ9YyGVjxUV.css","100","","Facebook","1258","1009","1101","1101","1258","157","1009","1258","249","8","9","1","0","h2","high","text/css; charset=utf-8","","public,max-age=31536000,immutable","br","Mon, 28 Oct 2019 11:27:02 GMT",
"157.240.18.19","231","","","-1","-1","Stylesheet","3","-1","-1","0","1","","100","-1","https://static.xx.fbcdn.net/rsrc.php/v3/y9/l/0,cross/L3i4WkBtpDz.css","-1","-1","200","-1","","15522","7","46","","181105_FB_X","-1","117","-1","100","31536000","88671","1009","-1","GET","14342","14342","","0.7","-1","-1","static.xx.fbcdn.net","100","-1","https://www.whatsapp.com/","2","850","/rsrc.php/v3/y9/l/0,cross/L3i4WkBtpDz.css","100","","Facebook","1240","1009","1126","1126","1240","114","1009","1240","231","9","10","1","0","h2","high","text/css; charset=utf-8","","public,max-age=31536000,immutable","br","Sun, 03 Nov 2019 11:01:18 GMT",
"157.240.18.19","142","","","-1","-1","Stylesheet","3","-1","-1","0","1","","100","-1","https://static.xx.fbcdn.net/rsrc.php/v3/y9/l/0,cross/tF19CzrrZ0B.css","-1","-1","200","-1","","37105","6","46","","181105_FB_X","-1","90","-1","100","31536000","245750","1009","-1","GET","35925","35925","","0.6","-1","-1","static.xx.fbcdn.net","100","-1","https://www.whatsapp.com/","2","850","/rsrc.php/v3/y9/l/0,cross/tF19CzrrZ0B.css","100","","Facebook","1151","1009","1099","1099","1151","52","1009","1151","142","10","11","1","0","h2","high","text/css; charset=utf-8","","public,max-age=31536000,immutable","br","Sun, 03 Nov 2019 11:10:17 GMT",
"157.240.18.52","157","","","-1","-1","Image","3","-1","-1","1879","1","","47","-1","https://www-cdn.whatsapp.net/img/v4/icon-android.svg","-1","-1","200","-1","","4164","9","33","","181105_FB_X","-1","41","-1","100","1209600","3612","1048","-1","GET","3612","3612","","0.11","-1","-1","www-cdn.whatsapp.net","100","-1","https://www.whatsapp.com/","3","881","/img/v4/icon-android.svg","100","","Facebook","1205","1048","1089","1089","1205","116","1048","1205","157","11","12","1","0","h2","low","image/svg+xml; charset=utf-8","","max-age=1209600, no-transform","","",
"157.240.18.52","165","","","-1","-1","Image","3","-1","-1","","1","","-1","-1","https://www-cdn.whatsapp.net/img/v4/icon-desktop.svg","-1","-1","200","-1","","1466","9","33","","181105_FB_X","-1","41","-1","100","1209600","915","1048","-1","GET","915","","","0.13","-1","-1","www-cdn.whatsapp.net","100","-1","https://www.whatsapp.com/","3","882","/img/v4/icon-desktop.svg","100","","Facebook","1213","1048","1089","1089","1213","124","1048","1213","165","12","13","1","0","h2","low","image/svg+xml; charset=utf-8","","max-age=1209600, no-transform","","",
"157.240.18.52","163","","","-1","-1","Image","3","-1","-1","","1","","-1","-1","https://www-cdn.whatsapp.net/img/v4/icon-iphone.svg","-1","-1","200","-1","","2323","9","32","","181105_FB_X","-1","41","-1","100","1209600","1769","1048","-1","GET","1769","","","0.12","-1","-1","www-cdn.whatsapp.net","100","-1","https://www.whatsapp.com/","3","882","/img/v4/icon-iphone.svg","100","","Facebook","1211","1048","1089","1089","1211","122","1048","1211","163","13","14","1","0","h2","low","image/svg+xml; charset=utf-8","","max-age=1209600, no-transform","","",
"157.240.18.52","167","","","-1","-1","Image","3","-1","-1","","1","","-1","-1","https://www-cdn.whatsapp.net/img/v4/icon-wp.svg","-1","-1","200","-1","","1578","9","29","","181105_FB_X","-1","41","-1","100","1209600","1028","1049","-1","GET","1028","","","0.14","-1","-1","www-cdn.whatsapp.net","100","-1","https://www.whatsapp.com/","3","883","/img/v4/icon-wp.svg","100","","Facebook","1216","1049","1090","1090","1216","126","1049","1216","167","14","15","1","0","h2","low","image/svg+xml; charset=utf-8","","max-age=1209600, no-transform","","",
"157.240.18.52","178","","","-1","-1","Image","3","883","1048","5780","1","","31","961","https://www-cdn.whatsapp.net/img/v4/badge-apple-store-en.svg","55","961","200","87","","9018","9","228","","181105_FB_X","938","41","939","100","1209600","8467","1049","22","GET","8467","8467","","0.10","-1","-1","www-cdn.whatsapp.net","100","-1","https://www.whatsapp.com/","3","881","/img/v4/badge-apple-store-en.svg","100","","Facebook","1227","1049","1090","1090","1227","137","883","1227","342","15","16","1","0","h2","low","image/svg+xml; charset=utf-8","","max-age=1209600, no-transform","","",
"157.240.18.52","534","","","-1","-1","","3","-1","-1","","1","","-1","-1","https://www.whatsapp.com/cookie/?l=en","-1","-1","200","-1","","540","9","160","","181105_FB_X","-1","534","-1","100","","0","1287","-1","GET","0","","","0.16.1","-1","-1","www.whatsapp.com","100","-1","https://www.whatsapp.com/","1","1287","/cookie/?l=en","-1","","Facebook","1821","1287","1821","1821","1821","0","1287","1821","534","16","17","1","0","h2","low","text/html","","no-store, no-cache, must-revalidate","","",
"157.240.18.52","313","","","-1","-1","Document","3","-1","-1","","1","","-1","-1","https://www.whatsapp.com/richard_smells_funny/animation/security_localized.html?v=9bd4dace1&l=en","-1","-1","200","-1","","2961","","115","","181105_FB_X","-1","47","-1","100","","2500","1625","-1","GET","2500","","","0.17","-1","-1","www.whatsapp.com","100","-1","","1","1624","/richard_smells_funny/animation/security_localized.html?v=9bd4dace1&l=en","-1","","Facebook","1938","1625","1672","1672","1938","266","1625","1938","313","17","18","1","0","h2","high","text/html; charset=utf-8","","max-age=18000","","Sat, 03 Nov 2018 07:03:16 GMT",
"157.240.18.19","329","","","-1","-1","Script","3","-1","-1","0","1","","100","-1","https://static.xx.fbcdn.net/rsrc.php/v3iRTk4/yb/l/en_US/eMWv55rGfvF.js","-1","-1","200","-1","","80137","144","49","","181105_FB_X","-1","59","-1","100","31536000","426599","1718","-1","GET","79045","79045","6822","0.19","-1","-1","static.xx.fbcdn.net","100","-1","https://static.xx.fbcdn.net/rsrc.php/v3/yW/r/UiXTwNCuPqT.js","2","1717","/rsrc.php/v3iRTk4/yb/l/en_US/eMWv55rGfvF.js","100","","Facebook","2047","1718","1777","1777","2047","270","1718","2047","329","18","19","1","0","h2","high","application/x-javascript; charset=utf-8","","public,max-age=31536000,immutable","br","Sun, 03 Nov 2019 10:36:30 GMT",
"157.240.18.19","543","","","-1","-1","Script","3","-1","-1","0","1","","100","-1","https://static.xx.fbcdn.net/rsrc.php/v3i04w4/yI/l/en_US/AFmexsFfwwm.js","-1","-1","200","-1","","150143","144","51","","181105_FB_X","-1","22","-1","100","31536000","681462","1718","-1","GET","149050","149050","6822","0.18","-1","-1","static.xx.fbcdn.net","100","-1","https://static.xx.fbcdn.net/rsrc.php/v3/yW/r/UiXTwNCuPqT.js","2","1717","/rsrc.php/v3i04w4/yI/l/en_US/AFmexsFfwwm.js","100","","Facebook","2261","1718","1740","1740","2261","521","1718","2261","543","19","20","1","0","h2","high","application/x-javascript; charset=utf-8","","public,max-age=31536000,immutable","br","Sun, 03 Nov 2019 10:36:30 GMT",
"157.240.18.19","319","","","-1","-1","Script","3","-1","-1","0","1","","100","-1","https://static.xx.fbcdn.net/rsrc.php/v3i3it4/yP/l/en_US/i1kr3w4yK9w.js","-1","-1","200","-1","","34840","144","48","","181105_FB_X","-1","74","-1","100","31536000","121948","1719","-1","GET","33748","33748","6822","0.20","-1","-1","static.xx.fbcdn.net","100","-1","https://static.xx.fbcdn.net/rsrc.php/v3/yW/r/UiXTwNCuPqT.js","2","1718","/rsrc.php/v3i3it4/yP/l/en_US/i1kr3w4yK9w.js","100","","Facebook","2038","1719","1793","1793","2038","245","1719","2038","319","20","21","1","0","h2","high","application/x-javascript; charset=utf-8","","public,max-age=31536000,immutable","br","Mon, 04 Nov 2019 10:34:21 GMT",
"157.240.18.19","736","","","-1","-1","Script","3","-1","-1","0","1","","100","-1","https://static.xx.fbcdn.net/rsrc.php/v3i7Ca4/y5/l/en_US/7m42yfZPpDl.js","-1","-1","200","-1","","270698","144","48","","181105_FB_X","-1","72","-1","100","31536000","1499464","1719","-1","GET","269605","269605","6822","0.21","-1","-1","static.xx.fbcdn.net","100","-1","https://static.xx.fbcdn.net/rsrc.php/v3/yW/r/UiXTwNCuPqT.js","2","1718","/rsrc.php/v3i7Ca4/y5/l/en_US/7m42yfZPpDl.js","100","","Facebook","2455","1719","1791","1791","2455","664","1719","2455","736","21","22","1","0","h2","high","application/x-javascript; charset=utf-8","","public,max-age=31536000,immutable","br","Sun, 03 Nov 2019 10:36:33 GMT",
"157.240.18.19","326","","","-1","-1","Script","3","-1","-1","0","1","","100","-1","https://static.xx.fbcdn.net/rsrc.php/v3ihzL4/yR/l/en_US/nA7TXnp1Hui.js","-1","-1","200","-1","","42910","144","48","","181105_FB_X","-1","76","-1","100","31536000","259606","1720","-1","GET","41818","41818","6822","0.22","-1","-1","static.xx.fbcdn.net","100","-1","https://static.xx.fbcdn.net/rsrc.php/v3/yW/r/UiXTwNCuPqT.js","2","1719","/rsrc.php/v3ihzL4/yR/l/en_US/nA7TXnp1Hui.js","100","","Facebook","2046","1720","1796","1796","2046","250","1720","2046","326","22","23","1","0","h2","high","application/x-javascript; charset=utf-8","","public,max-age=31536000,immutable","br","Sun, 03 Nov 2019 10:36:30 GMT",
"157.240.18.19","538","","","-1","-1","Script","3","-1","-1","0","1","","100","-1","https://static.xx.fbcdn.net/rsrc.php/v3/yf/r/xtvoWLr7Unz.js","-1","-1","200","-1","","58258","144","40","","181105_FB_X","-1","90","-1","100","31536000","269431","1720","-1","GET","57166","57166","6822","0.23","-1","-1","static.xx.fbcdn.net","100","-1","https://static.xx.fbcdn.net/rsrc.php/v3/yW/r/UiXTwNCuPqT.js","2","1719","/rsrc.php/v3/yf/r/xtvoWLr7Unz.js","100","","Facebook","2258","1720","1810","1810","2258","448","1720","2258","538","23","24","1","0","h2","high","application/x-javascript; charset=utf-8","","public,max-age=31536000,immutable","br","Mon, 04 Nov 2019 10:34:23 GMT",
"157.240.18.19","320","","","-1","-1","Script","3","-1","-1","0","1","","100","-1","https://static.xx.fbcdn.net/rsrc.php/v3iYXl4/yr/l/en_US/tlpxUv0EPiM.js","-1","-1","200","-1","","13005","144","48","","181105_FB_X","-1","167","-1","100","31536000","54692","1721","-1","GET","11913","11913","6822","0.28","-1","-1","static.xx.fbcdn.net","100","-1","https://static.xx.fbcdn.net/rsrc.php/v3/yW/r/UiXTwNCuPqT.js","2","1721","/rsrc.php/v3iYXl4/yr/l/en_US/tlpxUv0EPiM.js","100","","Facebook","2041","1721","1888","1888","2041","153","1721","2041","320","24","25","1","0","h2","high","application/x-javascript; charset=utf-8","","public,max-age=31536000,immutable","br","Sun, 03 Nov 2019 10:36:33 GMT",
"157.240.18.19","328","","","-1","-1","Script","3","-1","-1","0","1","","100","-1","https://static.xx.fbcdn.net/rsrc.php/v3/ym/r/W-DbcJxYH7m.js","-1","-1","200","-1","","6847","144","40","","181105_FB_X","-1","88","-1","100","31536000","21205","1721","-1","GET","5756","5756","6822","0.24","-1","-1","static.xx.fbcdn.net","100","-1","https://static.xx.fbcdn.net/rsrc.php/v3/yW/r/UiXTwNCuPqT.js","2","1720","/rsrc.php/v3/ym/r/W-DbcJxYH7m.js","100","","Facebook","2049","1721","1809","1809","2049","240","1721","2049","328","25","26","1","0","h2","high","application/x-javascript; charset=utf-8","","public,max-age=31536000,immutable","br","Mon, 04 Nov 2019 10:34:23 GMT",
"157.240.18.19","535","","","-1","-1","Script","3","-1","-1","0","1","","100","-1","https://static.xx.fbcdn.net/rsrc.php/v3iRoK4/yh/l/en_US/klqc_ustLRS.js","-1","-1","200","-1","","61309","144","48","","181105_FB_X","-1","87","-1","100","31536000","316828","1721","-1","GET","60217","60217","6822","0.25","-1","-1","static.xx.fbcdn.net","100","-1","https://static.xx.fbcdn.net/rsrc.php/v3/yW/r/UiXTwNCuPqT.js","2","1720","/rsrc.php/v3iRoK4/yh/l/en_US/klqc_ustLRS.js","100","","Facebook","2256","1721","1808","1808","2256","448","1721","2256","535","26","27","1","0","h2","high","application/x-javascript; charset=utf-8","","public,max-age=31536000,immutable","br","Sun, 03 Nov 2019 10:36:33 GMT",
"157.240.18.19","317","","","-1","-1","Script","3","-1","-1","0","1","","100","-1","https://static.xx.fbcdn.net/rsrc.php/v3itk84/yW/l/en_US/ndr8EPqrYwB.js","-1","-1","200","-1","","19331","144","49","","181105_FB_X","-1","86","-1","100","31536000","78058","1722","-1","GET","18239","18239","6822","0.26","-1","-1","static.xx.fbcdn.net","100","-1","https://static.xx.fbcdn.net/rsrc.php/v3/yW/r/UiXTwNCuPqT.js","2","1721","/rsrc.php/v3itk84/yW/l/en_US/ndr8EPqrYwB.js","100","","Facebook","2039","1722","1808","1808","2039","231","1722","2039","317","27","28","1","0","h2","high","application/x-javascript; charset=utf-8","","public,max-age=31536000,immutable","br","Sun, 03 Nov 2019 10:36:33 GMT",
"157.240.18.19","310","","","-1","-1","Script","3","-1","-1","0","1","","100","-1","https://static.xx.fbcdn.net/rsrc.php/v3/y9/r/1UnsLPkXjJZ.js","-1","-1","200","-1","","3851","144","40","","181105_FB_X","-1","84","-1","100","31536000","10703","1722","-1","GET","2760","2760","6822","0.27","-1","-1","static.xx.fbcdn.net","100","-1","https://static.xx.fbcdn.net/rsrc.php/v3/yW/r/UiXTwNCuPqT.js","2","1721","/rsrc.php/v3/y9/r/1UnsLPkXjJZ.js","100","","Facebook","2032","1722","1806","1806","2032","226","1722","2032","310","28","29","1","0","h2","high","application/x-javascript; charset=utf-8","","public,max-age=31536000,immutable","br","Mon, 04 Nov 2019 10:34:23 GMT",
"157.240.18.19","320","","","-1","-1","Script","3","-1","-1","0","1","","100","-1","https://static.xx.fbcdn.net/rsrc.php/v3/yk/r/zSbaVlyI27p.js","-1","-1","200","-1","","3114","144","40","","181105_FB_X","-1","163","-1","100","31536000","6504","1723","-1","GET","1919","1919","6822","0.29","-1","-1","static.xx.fbcdn.net","100","-1","https://static.xx.fbcdn.net/rsrc.php/v3/yW/r/UiXTwNCuPqT.js","2","1722","/rsrc.php/v3/yk/r/zSbaVlyI27p.js","100","","Facebook","2043","1723","1886","1886","2043","157","1723","2043","320","29","30","1","0","h2","high","application/x-javascript; charset=utf-8","","public,max-age=31536000,immutable","br","Sat, 02 Nov 2019 18:33:48 GMT",
"157.240.18.19","315","","","-1","-1","Script","3","-1","-1","0","1","","100","-1","https://static.xx.fbcdn.net/rsrc.php/v3/yg/r/4HkPaKj5nbc.js","-1","-1","200","-1","","8594","144","40","","181105_FB_X","-1","162","-1","100","31536000","26377","1727","-1","GET","7503","7503","6822","0.30","-1","-1","static.xx.fbcdn.net","100","-1","https://static.xx.fbcdn.net/rsrc.php/v3/yW/r/UiXTwNCuPqT.js","2","1726","/rsrc.php/v3/yg/r/4HkPaKj5nbc.js","100","","Facebook","2042","1727","1889","1889","2042","153","1727","2042","315","30","31","1","0","h2","high","application/x-javascript; charset=utf-8","","public,max-age=31536000,immutable","br","Sun, 03 Nov 2019 10:36:33 GMT",
"157.240.18.19","314","","","-1","-1","Script","3","-1","-1","0","1","","100","-1","https://static.xx.fbcdn.net/rsrc.php/v3/yd/r/m_d-o87Q-Ns.js","-1","-1","200","-1","","1514","144","39","","181105_FB_X","-1","144","-1","100","31536000","1108","1729","-1","GET","424","424","6822","0.31","-1","-1","static.xx.fbcdn.net","100","-1","https://static.xx.fbcdn.net/rsrc.php/v3/yW/r/UiXTwNCuPqT.js","2","1727","/rsrc.php/v3/yd/r/m_d-o87Q-Ns.js","100","","Facebook","2043","1729","1873","1873","2043","170","1729","2043","314","31","32","1","0","h2","high","application/x-javascript; charset=utf-8","","public,max-age=31536000,immutable","br","Mon, 04 Nov 2019 10:34:23 GMT",
"157.240.18.19","312","","","-1","-1","Script","3","-1","-1","","1","","-1","-1","https://static.xx.fbcdn.net/rsrc.php/v3/y_/r/Ilm1TuLsvhw.js","-1","-1","200","-1","","1964","144","40","","181105_FB_X","-1","121","-1","100","31536000","1449","1731","-1","GET","1449","","6822","0.34","-1","-1","static.xx.fbcdn.net","100","-1","https://static.xx.fbcdn.net/rsrc.php/v3/yW/r/UiXTwNCuPqT.js","2","1728","/rsrc.php/v3/y_/r/Ilm1TuLsvhw.js","100","","Facebook","2043","1731","1852","1852","2043","191","1731","2043","312","32","33","1","0","h2","high","application/x-javascript; charset=utf-8","","public,max-age=31536000,immutable","","Tue, 29 Oct 2019 11:49:29 GMT",
"157.240.18.19","311","","","-1","-1","Script","3","-1","-1","0","1","","100","-1","https://static.xx.fbcdn.net/rsrc.php/v3iqES4/ya/l/en_US/nBuEgjpcagY.js","-1","-1","200","-1","","8776","144","48","","181105_FB_X","-1","121","-1","100","31536000","25763","1733","-1","GET","7581","7581","6822","0.33","-1","-1","static.xx.fbcdn.net","100","-1","https://static.xx.fbcdn.net/rsrc.php/v3/yW/r/UiXTwNCuPqT.js","2","1728","/rsrc.php/v3iqES4/ya/l/en_US/nBuEgjpcagY.js","100","","Facebook","2044","1733","1854","1854","2044","190","1733","2044","311","33","34","1","0","h2","high","application/x-javascript; charset=utf-8","","public,max-age=31536000,immutable","br","Sun, 03 Nov 2019 11:22:35 GMT",
"157.240.18.19","310","","","-1","-1","Script","3","-1","-1","0","1","","100","-1","https://static.xx.fbcdn.net/rsrc.php/v3/yh/r/xALXySgI5G9.js","-1","-1","200","-1","","3310","144","40","","181105_FB_X","-1","121","-1","100","31536000","7697","1733","-1","GET","2219","2219","6822","0.32","-1","-1","static.xx.fbcdn.net","100","-1","https://static.xx.fbcdn.net/rsrc.php/v3/yW/r/UiXTwNCuPqT.js","2","1727","/rsrc.php/v3/yh/r/xALXySgI5G9.js","100","","Facebook","2043","1733","1854","1854","2043","189","1733","2043","310","34","35","1","0","h2","high","application/x-javascript; charset=utf-8","","public,max-age=31536000,immutable","br","Sat, 02 Nov 2019 19:03:21 GMT",
"157.240.18.52","292","","","-1","-1","Image","3","-1","-1","3055","1","","37","-1","https://www-cdn.whatsapp.net/img/v4/whatsapp-logo.svg","-1","-1","200","-1","","5449","48","37","","181105_FB_X","-1","73","-1","100","1209600","4899","1740","-1","GET","4899","4899","","0.35","-1","-1","www-cdn.whatsapp.net","100","-1","https://www.whatsapp.com/","3","1739","/img/v4/whatsapp-logo.svg","100","","Facebook","2032","1740","1813","1813","2032","219","1740","2032","292","35","36","1","0","h2","low","image/svg+xml; charset=utf-8","","max-age=1209600, no-transform","","",
"157.240.18.52","1031","85765","","-1","100","Image","3","-1","-1","","1","","-1","-1","https://www-cdn.whatsapp.net/img/v4/business/profile-main.png","-1","-1","200","-1","0","86267","48","39","","181105_FB_X","-1","120","-1","100","18000","85765","1818","-1","GET","85765","","","0.37","-1","-1","www-cdn.whatsapp.net","100","-1","https://www.whatsapp.com/","3","1817","/img/v4/business/profile-main.png","50","","Facebook","2849","1818","1938","1938","2849","911","1818","2849","1031","36","37","1","0","h2","low","image/png","","max-age=18000","","Tue, 30 Oct 2018 02:35:24 GMT",
"157.240.18.52","1029","72953","","-1","100","Image","3","-1","-1","","1","","-1","-1","https://www-cdn.whatsapp.net/img/v4/home-phone-mobile.png","-1","-1","200","-1","0","73454","48","36","","181105_FB_X","-1","120","-1","100","18000","72953","1818","-1","GET","72953","","","0.36","-1","-1","www-cdn.whatsapp.net","100","-1","https://www.whatsapp.com/","3","1816","/img/v4/home-phone-mobile.png","50","","Facebook","2847","1818","1938","1938","2847","909","1818","2847","1029","37","38","1","0","h2","low","image/png","","max-age=18000","","Sat, 27 Oct 2018 13:59:55 GMT",
"169.44.82.102","216","","","-1","-1","","3","-1","-1","","1","","-1","-1","https://blog.whatsapp.com/cookie/?l=en","-1","-1","200","-1","","421","48","853","","181105_FB_X","-1","216","-1","-1","","0","1821","-1","GET","0","","","0.15.1","-1","-1","blog.whatsapp.com","100","-1","https://www.whatsapp.com/","4","1821","/cookie/?l=en","-1","","","2037","1821","2037","2037","2037","0","1821","2037","216","38","39","1","0","http/1.1","low","text/html","","no-store, no-cache, must-revalidate","","",
"157.240.18.52","320","","","-1","-1","Script","3","-1","-1","70689","1","","32","-1","https://www.whatsapp.com/richard_smells_funny/animation/edge_includes/edge.6.0.0.min.js","-1","-1","200","-1","","104855","8","136","","181105_FB_X","-1","77","-1","100","18000","104401","1943","-1","GET","104401","104401","","0.38","-1","-1","www.whatsapp.com","100","-1","https://www.whatsapp.com/richard_smells_funny/animation/security_localized.html?v=9bd4dace1&l=en","1","1940","/richard_smells_funny/animation/edge_includes/edge.6.0.0.min.js","50","","Facebook","2263","1943","2020","2020","2263","243","1943","2263","320","39","40","1","0","h2","high","text/javascript","","max-age=18000","","Wed, 24 Oct 2018 06:14:41 GMT",
"157.240.18.52","414","","","-1","-1","Image","3","-1","-1","6720","1","","30","-1","https://www.whatsapp.com/richard_smells_funny/animation/security_edge.js","-1","-1","200","-1","","10103","35","50","","181105_FB_X","-1","83","-1","100","18000","9655","2437","-1","GET","9655","9655","97","0.39","-1","-1","www.whatsapp.com","100","-1","https://www.whatsapp.com/richard_smells_funny/animation/edge_includes/edge.6.0.0.min.js","1","2436","/richard_smells_funny/animation/security_edge.js","50","","Facebook","2851","2437","2520","2520","2851","331","2437","2851","414","40","41","1","0","h2","low","text/javascript","","max-age=18000","","Fri, 02 Nov 2018 10:10:19 GMT",
"157.240.18.19","142","43","","-1","100","Image","3","-1","-1","","1","","-1","-1","https://static.xx.fbcdn.net/rsrc.php/v3/y4/r/-PAXP-deijE.gif","-1","-1","200","-1","0","1165","55","90","","181105_FB_X","-1","32","-1","100","31536000","43","2797","-1","GET","43","","251","0.40","-1","-1","static.xx.fbcdn.net","100","-1","https://static.xx.fbcdn.net/rsrc.php/v3i04w4/yI/l/en_US/AFmexsFfwwm.js","2","2796","/rsrc.php/v3/y4/r/-PAXP-deijE.gif","100","","Facebook","2939","2797","2829","2829","2939","110","2797","2939","142","41","42","1","0","h2","low","image/gif","","public,max-age=31536000,immutable","","Tue, 29 Oct 2019 12:50:47 GMT",
"157.240.18.52","270","","","-1","-1","Stylesheet","3","-1","-1","","1","","-1","-1","https://www.whatsapp.com/richard_smells_funny/animation/stylesheet.css","-1","-1","200","-1","","457","236","63","","181105_FB_X","-1","252","-1","100","","0","3173","-1","GET","0","","240","0.42","-1","-1","www.whatsapp.com","100","-1","https://www.whatsapp.com/richard_smells_funny/animation/edge_includes/edge.6.0.0.min.js","1","3172","/richard_smells_funny/animation/stylesheet.css","-1","","Facebook","3443","3173","3425","3425","3443","18","3173","3443","270","42","43","1","0","h2","high","text/css; charset=utf-8","","max-age=18000","","Mon, 05 Nov 2018 06:08:59 GMT",
"157.240.18.52","80","","","-1","-1","Image","3","-1","-1","","1","","-1","-1","https://www.whatsapp.com/richard_smells_funny/animation/images/Pasted11.svg","-1","-1","200","-1","","1245","53","52","","181105_FB_X","-1","33","-1","100","1209600","696","3241","-1","GET","696","","71","0.43","-1","-1","www.whatsapp.com","100","-1","https://www.whatsapp.com/richard_smells_funny/animation/edge_includes/edge.6.0.0.min.js","1","3240","/richard_smells_funny/animation/images/Pasted11.svg","100","","Facebook","3321","3241","3274","3274","3321","47","3241","3321","80","43","44","1","0","h2","low","image/svg+xml; charset=utf-8","","max-age=1209600, no-transform","","",
"157.240.18.52","106","","","-1","-1","Image","3","-1","-1","","1","","-1","-1","https://www.whatsapp.com/richard_smells_funny/animation/images/Pasted10.svg","-1","-1","200","-1","","1244","53","52","","181105_FB_X","-1","37","-1","100","1209600","695","3248","-1","GET","695","","71","0.44","-1","-1","www.whatsapp.com","100","-1","https://www.whatsapp.com/richard_smells_funny/animation/edge_includes/edge.6.0.0.min.js","1","3247","/richard_smells_funny/animation/images/Pasted10.svg","100","","Facebook","3354","3248","3285","3285","3354","69","3248","3354","106","44","45","1","0","h2","low","image/svg+xml; charset=utf-8","","max-age=1209600, no-transform","","",
"157.240.18.52","106","","","-1","-1","Image","3","-1","-1","","1","","-1","-1","https://www.whatsapp.com/richard_smells_funny/animation/images/Pasted3.svg","-1","-1","200","-1","","1130","53","52","","181105_FB_X","-1","30","-1","100","1209600","581","3251","-1","GET","581","","71","0.45","-1","-1","www.whatsapp.com","100","-1","https://www.whatsapp.com/richard_smells_funny/animation/edge_includes/edge.6.0.0.min.js","1","3249","/richard_smells_funny/animation/images/Pasted3.svg","100","","Facebook","3357","3251","3281","3281","3357","76","3251","3357","106","45","46","1","0","h2","low","image/svg+xml; charset=utf-8","","max-age=1209600, no-transform","","",
"157.240.18.52","89","","","-1","-1","Image","3","-1","-1","","1","","-1","-1","https://www.whatsapp.com/richard_smells_funny/animation/images/Pasted5.svg","-1","-1","200","-1","","1284","53","52","","181105_FB_X","-1","23","-1","100","1209600","733","3276","-1","GET","733","","71","0.46","-1","-1","www.whatsapp.com","100","-1","https://www.whatsapp.com/richard_smells_funny/animation/edge_includes/edge.6.0.0.min.js","1","3275","/richard_smells_funny/animation/images/Pasted5.svg","100","","Facebook","3365","3276","3299","3299","3365","66","3276","3365","89","46","47","1","0","h2","low","image/svg+xml; charset=utf-8","","max-age=1209600, no-transform","","",
"157.240.18.52","91","","","-1","-1","Image","3","-1","-1","","1","","-1","-1","https://www.whatsapp.com/richard_smells_funny/animation/images/Pasted8.svg","-1","-1","200","-1","","1118","53","52","","181105_FB_X","-1","46","-1","100","1209600","567","3279","-1","GET","567","","71","0.47","-1","-1","www.whatsapp.com","100","-1","https://www.whatsapp.com/richard_smells_funny/animation/edge_includes/edge.6.0.0.min.js","1","3278","/richard_smells_funny/animation/images/Pasted8.svg","100","","Facebook","3370","3279","3325","3325","3370","45","3279","3370","91","47","48","1","0","h2","low","image/svg+xml; charset=utf-8","","max-age=1209600, no-transform","","",
"157.240.18.52","86","","","-1","-1","Image","3","-1","-1","","1","","-1","-1","https://www.whatsapp.com/richard_smells_funny/animation/images/Pasted9.svg","-1","-1","200","-1","","1120","53","52","","181105_FB_X","-1","44","-1","100","1209600","570","3287","-1","GET","570","","71","0.48","-1","-1","www.whatsapp.com","100","-1","https://www.whatsapp.com/richard_smells_funny/animation/edge_includes/edge.6.0.0.min.js","1","3286","/richard_smells_funny/animation/images/Pasted9.svg","100","","Facebook","3373","3287","3331","3331","3373","42","3287","3373","86","48","49","1","0","h2","low","image/svg+xml; charset=utf-8","","max-age=1209600, no-transform","","",
"157.240.18.52","74","","","-1","-1","Image","3","-1","-1","","1","","-1","-1","https://www.whatsapp.com/richard_smells_funny/animation/images/Pasted7.svg","-1","-1","200","-1","","1571","53","52","","181105_FB_X","-1","44","-1","100","1209600","1021","3301","-1","GET","1021","","71","0.49","-1","-1","www.whatsapp.com","100","-1","https://www.whatsapp.com/richard_smells_funny/animation/edge_includes/edge.6.0.0.min.js","1","3300","/richard_smells_funny/animation/images/Pasted7.svg","100","","Facebook","3375","3301","3345","3345","3375","30","3301","3375","74","49","50","1","0","h2","low","image/svg+xml; charset=utf-8","","max-age=1209600, no-transform","","",
"157.240.18.52","764","","","-1","-1","Document","3","-1","-1","0","1","","100","-1","https://www.whatsapp.com/","-1","-1","200","-1","","95406","","204","","181105_FB_X","-1","498","-1","100","","489139","21","-1","GET","94671","94671","","0.2.1","-1","-1","www.whatsapp.com","100","-1","","1","21","/","-1","","Facebook","785","21","519","519","785","266","21","785","764","0","1","1","1","h2","high","text/html; charset=""utf-8""","1","private, no-cache, no-store, must-revalidate","br","Sat, 01 Jan 2000 00:00:00 GMT",
"157.240.18.52","740","","","-1","-1","","3","-1","-1","","1","","-1","-1","https://www.whatsapp.com/cookie/?l=en","-1","-1","200","-1","","539","48","136","","181105_FB_X","-1","740","-1","100","","0","1171","-1","GET","0","","","0.17.1","-1","-1","www.whatsapp.com","100","-1","https://www.whatsapp.com/","1","1171","/cookie/?l=en","-1","","Facebook","1911","1171","1911","1911","1911","0","1171","1911","740","1","2","1","1","h2","low","text/html","","no-store, no-cache, must-revalidate","","",
"169.44.82.102","746","","","-1","-1","","3","-1","-1","","1","","-1","-1","https://blog.whatsapp.com/cookie/?l=en","-1","-1","200","-1","","421","48","441","","181105_FB_X","-1","90","-1","-1","","0","1171","-1","GET","0","","","0.16.1","-1","-1","blog.whatsapp.com","100","-1","https://www.whatsapp.com/","2","1171","/cookie/?l=en","-1","","","1917","1171","1261","1261","1917","656","1171","1917","746","2","3","1","1","http/1.1","low","text/html","","no-store, no-cache, must-revalidate","","",
