"ip_addr","load_ms","image_total","minify_save","score_cookies","score_compress","requestType","type","dns_start","ssl_end","gzip_save","is_secure","server_count","score_gzip","ssl_start","full_url","dns_ms","connect_end","responseCode","ssl_ms","image_save","bytesIn","initiator_line","bytesOut","minify_total","cacheControl","id","dns_end","ttfb_ms","connect_start","score_cdn","cache_time","objectSizeUncompressed","load_start","connect_ms","method","objectSize","gzip_total","initiator_column","request_id","score_combine","score_etags","host","score_keep-alive","score_minify","initiator","socket","created","url","score_cache","server_rtt","cdn_provider","load_end","ttfb_start","ttfb_end","download_start","download_end","download_ms","all_start","all_end","all_ms","index","number","run","cached","protocol","priority","contentType","is_base_page","contentEncoding","expires","jpeg_scan_count","score_progressive_jpeg",
"","634","","","-1","-1","Document","3","-1","-1","","1","","-1","-1","https://netflix.com/","-1","-1","301","-1","","931","","0","","no-cache, no-store","181105_TB_Q","-1","634","-1","-1","","0","0","-1","GET","0","","","0.2","-1","-1","netflix.com","-1","-1","","-1","0","/","-1","","","634","0","634","634","634","0","0","634","634","0","1","1","0","","","","","","","","",
"35.166.68.183","894","","","-1","-1","Document","3","-1","-1","0","1","","100","-1","https://www.netflix.com/","-1","-1","200","-1","","75710","","829","","no-cache, no-store, must-revalidate","181105_TB_Q","-1","253","-1","-1","","295673","634","-1","GET","72867","72867","","0.2.1","-1","-1","www.netflix.com","100","-1","","1","634","/","-1","","","1528","634","887","887","1528","641","634","1528","894","1","2","1","0","http/1.1","high","text/html; charset=utf-8","1","gzip","0","","",
"35.166.68.183","145","","","-1","-1","Stylesheet","3","1475","1657","","1","","-1","1567","https://www.netflix.com/ichnaea/cl2/freeform/WebsiteDetect?source=wwwhead&fetchType=css&modalView=nmLanding","4","1567","200","90","","1156","1","1225","","no-cache, no-store, no-transform, max-age=0","181105_TB_Q","1479","104","1479","-1","","0","1658","88","GET","0","","","0.5","-1","-1","www.netflix.com","100","-1","https://www.netflix.com/","2","1462","/ichnaea/cl2/freeform/WebsiteDetect?source=wwwhead&fetchType=css&modalView=nmLanding","-1","","","1803","1658","1762","1762","1803","41","1475","1803","327","2","3","1","0","http/1.1","high","text/plain","","","Sun, 04 Nov 2018 01:01:53 GMT","","",
"23.64.92.98","88","","","-1","-1","Script","3","1461","1736","0","1","","100","1589","https://codex.nflxext.com/%5E2.0.0/truthBundle/webui/0.0.1-shakti-js-mk-vc2328289/js/js/bootstrap.js,common%7Cbootstrap.js/2/4_044v4t4e4I094a4B4Z070u014-4A4y0e4R4P4N4j4C4r4F4l4k19034V/bck/true/none","84","1589","200","147","","4596","1","470","","private, max-age=16070400","181105_TB_Q","1545","57","1546","100","16070400","7716","1737","43","GET","2992","2992","","0.3","-1","-1","codex.nflxext.com","100","-1","https://www.netflix.com/","3","1460","/%5E2.0.0/truthBundle/webui/0.0.1-shakti-js-mk-vc2328289/js/js/bootstrap.js,common%7Cbootstrap.js/2/4_044v4t4e4I094a4B4Z070u014-4A4y0e4R4P4N4j4C4r4F4l4k19034V/bck/true/none","100","","Akamai","1825","1737","1794","1794","1825","31","1461","1825","362","3","4","1","0","http/1.1","high","application/javascript; charset=UTF-8","","gzip","Sun, 05 May 2019 20:35:02 GMT","","",
"23.64.92.98","1117","180650","","-1","62","Image","3","-1","-1","","1","","-1","-1","https://assets.nflxext.com/ffe/siteui/vlv3/9bfaf80d-e7f2-4a34-8b03-83e767b4babb/491149fe-cdf2-493d-b60a-d6ea904b4b02/US-en-20181029-popsignuptwoweeks-montage_500x800.jpg","-1","-1","200","-1","67526","180923","1","118","","public, max-age=45601087","181105_TB_Q","-1","206","-1","100","45601087","180650","1745","-1","GET","180650","","","0.10","-1","-1","assets.nflxext.com","100","-1","https://www.netflix.com/","5","1464","/ffe/siteui/vlv3/9bfaf80d-e7f2-4a34-8b03-83e767b4babb/491149fe-cdf2-493d-b60a-d6ea904b4b02/US-en-20181029-popsignuptwoweeks-montage_500x800.jpg","100","","Akamai","2862","1745","1951","1951","2862","911","1745","2862","1117","4","5","1","0","h2","low","image/jpeg","","","Wed, 15 Apr 2020 20:00:00 GMT","14","100",
"23.64.92.98","413","79259","","-1","100","Image","3","-1","-1","","1","","-1","-1","https://assets.nflxext.com/ffe/siteui/acquisition/ourStory/v5/no-commitments.png","-1","-1","200","-1","0","79530","1","53","","public, max-age=45601087","181105_TB_Q","-1","178","-1","100","45601087","79259","1746","-1","GET","79259","","","0.9","-1","-1","assets.nflxext.com","100","-1","https://www.netflix.com/","5","1464","/ffe/siteui/acquisition/ourStory/v5/no-commitments.png","100","","Akamai","2159","1746","1924","1924","2159","235","1746","2159","413","5","6","1","0","h2","low","image/png","","","Wed, 15 Apr 2020 20:00:00 GMT","","",
"23.64.92.98","401","74802","","-1","100","Image","3","-1","-1","","1","","-1","-1","https://assets.nflxext.com/ffe/siteui/acquisition/ourStory/v5/downloads.png","-1","-1","200","-1","0","75073","1","50","","public, max-age=45601087","181105_TB_Q","-1","105","-1","100","45601087","74802","1747","-1","GET","74802","","","0.8","-1","-1","assets.nflxext.com","100","-1","https://www.netflix.com/","5","1464","/ffe/siteui/acquisition/ourStory/v5/downloads.png","100","","Akamai","2148","1747","1852","1852","2148","296","1747","2148","401","6","7","1","0","h2","low","image/png","","","Wed, 15 Apr 2020 20:00:00 GMT","","",
"23.64.92.98","413","81205","","-1","100","Image","3","1472","1735","","1","","-1","1591","https://assets.nflxext.com/ffe/siteui/acquisition/ourStory/v5/devices.png","69","1591","200","144","0","81476","1","236","","public, max-age=45601087","181105_TB_Q","1541","53","1549","100","45601087","81205","1748","42","GET","81205","","","0.7","-1","-1","assets.nflxext.com","100","-1","https://www.netflix.com/","5","1464","/ffe/siteui/acquisition/ourStory/v5/devices.png","100","","Akamai","2161","1748","1801","1801","2161","360","1472","2161","668","7","8","1","0","h2","low","image/png","","","Wed, 15 Apr 2020 20:00:00 GMT","","",
"35.166.68.183","158","","","-1","-1","XHR","3","-1","-1","","1","","-1","-1","https://www.netflix.com/ichnaea/cl2/freeform/WebsiteDetect?source=wwwhead&fetchType=js&modalView=nmLanding","-1","-1","200","-1","","1155","1","1209","","no-cache, no-store, no-transform, max-age=0","181105_TB_Q","-1","127","-1","-1","","0","1817","-1","GET","0","","1452","0.11","-1","-1","www.netflix.com","100","-1","https://www.netflix.com/","1","1816","/ichnaea/cl2/freeform/WebsiteDetect?source=wwwhead&fetchType=js&modalView=nmLanding","-1","","","1975","1817","1944","1944","1975","31","1817","1975","158","8","9","1","0","http/1.1","medium","text/plain","","","Sun, 04 Nov 2018 01:01:53 GMT","","",
"35.166.68.183","157","","","-1","-1","XHR","3","-1","-1","","1","","-1","-1","https://www.netflix.com/ichnaea/cl2/freeform/WebsiteScreen?source=wwwhead&fetchType=js&winw=0&winh=0&screenw=375&screenh=603&ratio=2","-1","-1","200","-1","","1181","1","1235","","no-cache, no-store, no-transform, max-age=0","181105_TB_Q","-1","134","-1","-1","","0","1818","-1","GET","0","","1817","0.12","-1","-1","www.netflix.com","100","-1","https://www.netflix.com/","2","1816","/ichnaea/cl2/freeform/WebsiteScreen?source=wwwhead&fetchType=js&winw=0&winh=0&screenw=375&screenh=603&ratio=2","-1","","","1975","1818","1952","1952","1975","23","1818","1975","157","9","10","1","0","http/1.1","medium","text/plain","","","Sun, 04 Nov 2018 01:01:53 GMT","","",
"23.64.92.98","379","","","-1","-1","Script","3","1753","1871","0","1","","100","1817","https://codex.nflxext.com/%5E2.0.0/truthBundle/webui/0.0.1-shakti-js-mk-vc2328289/js/js/signup%7Chome%7CourStory%7Cbrowser%7CbrowserFrameworkClient.js/2/4_044v4t4e4I094a4B4Z070u014-4A4y0e4R4P4N4j4C4r4F4l4k19034V/l/true/none","20","1817","200","54","","197349","1","496","","private, max-age=16070400","181105_TB_Q","1773","55","1774","100","16070400","654400","1871","43","GET","195741","195741","","0.4","-1","-1","codex.nflxext.com","100","-1","https://www.netflix.com/","6","1461","/%5E2.0.0/truthBundle/webui/0.0.1-shakti-js-mk-vc2328289/js/js/signup%7Chome%7CourStory%7Cbrowser%7CbrowserFrameworkClient.js/2/4_044v4t4e4I094a4B4Z070u014-4A4y0e4R4P4N4j4C4r4F4l4k19034V/l/true/none","100","","Akamai","2250","1871","1926","1926","2250","324","1753","2250","496","10","11","1","0","http/1.1","high","application/javascript; charset=UTF-8","","gzip","Sun, 05 May 2019 20:35:35 GMT","","",
"23.64.92.98","100","","","-1","-1","Stylesheet","3","1761","1876","0","1","","100","1826","https://codex.nflxext.com/%5E2.0.0/truthBundle/webui/0.0.1-shakti-css-vc2328289/css/css/less%7Cpages%7Chome%7CourStory%7Cbrowser%7CourStoryBrowser.less/2/0B0P040J090I0T0W0Q0K0U0O0V0_/none/true/none","12","1826","200","50","","11506","1","485","","private, max-age=16070400","181105_TB_Q","1773","59","1775","100","16070400","56915","1876","51","GET","9903","9903","","0.6","-1","-1","codex.nflxext.com","100","-1","https://www.netflix.com/","4","1463","/%5E2.0.0/truthBundle/webui/0.0.1-shakti-css-vc2328289/css/css/less%7Cpages%7Chome%7CourStory%7Cbrowser%7CourStoryBrowser.less/2/0B0P040J090I0T0W0Q0K0U0O0V0_/none/true/none","100","","Akamai","1976","1876","1935","1935","1976","41","1761","1976","213","11","12","1","0","http/1.1","high","text/css; charset=UTF-8","","gzip","Wed, 08 May 2019 15:05:27 GMT","","",
"23.64.92.98","726","","","-1","-1","Font","3","-1","-1","","1","","-1","-1","https://assets.nflxext.com/ffe/siteui/fonts/nf-icon-v1-93.woff","-1","-1","200","-1","","73873","3","43","","public, max-age=45601087","181105_TB_Q","-1","58","-1","100","45601087","73572","2140","-1","GET","73572","","","0.13","-1","-1","assets.nflxext.com","100","-1","https://www.netflix.com/","5","2096","/ffe/siteui/fonts/nf-icon-v1-93.woff","100","","Akamai","2866","2140","2198","2198","2866","668","2140","2866","726","12","13","1","0","h2","medium","font/woff","","","Wed, 15 Apr 2020 20:00:00 GMT","","",
"35.166.68.183","160","","","-1","-1","XHR","3","-1","-1","","1","","-1","-1","https://www.netflix.com/ichnaea/log","-1","-1","200","-1","","971","3","2779","","","181105_TB_Q","-1","145","-1","-1","","0","2836","-1","POST","0","","26485","0.17","-1","-1","www.netflix.com","100","-1","https://codex.nflxext.com/%5E2.0.0/truthBundle/webui/0.0.1-shakti-js-mk-vc2328289/js/js/signup%7Chome%7CourStory%7Cbrowser%7CbrowserFrameworkClient.js/2/4_044v4t4e4I094a4B4Z070u014-4A4y0e4R4P4N4j4C4r4F4l4k19034V/l/true/none","1","2834","/ichnaea/log","-1","","","2996","2836","2981","2981","2996","15","2836","2996","160","13","14","1","0","http/1.1","medium","text/plain","","","","","",
"23.64.92.98","325","","","-1","-1","XHR","3","2819","3093","0","1","","100","2934","https://codex.nflxext.com/%5E2.0.0/truthBundle/webui/0.0.1-shakti-js-mk-vc2328289/js/js/signup%7Csimplicity%7CsimpleSignupClient.js/2/4_044v4t4e4I094a4B4Z070u014-4A4y0e4R4P4N4j4C4r4F4l4k19034V/l/true/none","69","2934","200","159","","329135","43","510","","private, max-age=16070400","181105_TB_Q","2888","69","2890","100","16070400","1151194","3093","44","GET","327528","327528","32","0.15","-1","-1","codex.nflxext.com","100","-1","https://www.netflix.com/","9","2813","/%5E2.0.0/truthBundle/webui/0.0.1-shakti-js-mk-vc2328289/js/js/signup%7Csimplicity%7CsimpleSignupClient.js/2/4_044v4t4e4I094a4B4Z070u014-4A4y0e4R4P4N4j4C4r4F4l4k19034V/l/true/none","100","","Akamai","3418","3093","3162","3162","3418","256","2819","3418","597","14","15","1","0","http/1.1","medium","application/javascript; charset=UTF-8","","gzip","Sun, 05 May 2019 20:35:37 GMT","","",
"23.64.92.98","186","","","-1","-1","Document","3","2808","3098","0","1","","100","2935","https://ae.nflximg.net/monet/scripts/adtech_iframe_target_04.html?data=%7B%22membership_status%22%3A%22ANONYMOUS%22%2C%22country%22%3A%22US%22%2C%22fbaId%22%3A%2283f44161-3327-4109-802c-3aed61364262%22%2C%22is_member%22%3A%22anonymous%22%2C%22wasFormerMember%22%3Afalse%2C%22referrer%22%3A%22nmLanding%22%7D","77","2935","200","163","","2026","1","640","","","181105_TB_Q","2885","59","2886","100","","4306","3099","49","GET","1567","1567","6108","0.14","-1","-1","ae.nflximg.net","100","-1","https://codex.nflxext.com/%5E2.0.0/truthBundle/webui/0.0.1-shakti-js-mk-vc2328289/js/js/signup%7Chome%7CourStory%7Cbrowser%7CbrowserFrameworkClient.js/2/4_044v4t4e4I094a4B4Z070u014-4A4y0e4R4P4N4j4C4r4F4l4k19034V/l/true/none","7","2806","/monet/scripts/adtech_iframe_target_04.html?data=%7B%22membership_status%22%3A%22ANONYMOUS%22%2C%22country%22%3A%22US%22%2C%22fbaId%22%3A%2283f44161-3327-4109-802c-3aed61364262%22%2C%22is_member%22%3A%22anonymous%22%2C%22wasFormerMember%22%3Afalse%2C%22referrer%22%3A%22nmLanding%22%7D","-1","","Akamai","3285","3099","3158","3158","3285","127","2808","3285","475","15","16","1","0","http/1.1","high","text/html","","gzip","","","",
"23.64.92.98","191","","","-1","-1","XHR","3","3095","3226","0","1","","100","3161","https://codex.nflxext.com/%5E2.0.0/truthBundle/webui/0.0.1-shakti-css-vc2328289/css/css/less%7Cpages%7Csignup%7Csimplicity%7Csimplicity.less/2/0B0P040J090I0T0W0Q0K0U0O0V0_/none/true/none","11","3161","200","65","","31700","92","492","","private, max-age=16070400","181105_TB_Q","3106","51","3107","100","16070400","187506","3226","54","GET","30109","30109","32","0.16","-1","-1","codex.nflxext.com","100","-1","https://www.netflix.com/","8","2814","/%5E2.0.0/truthBundle/webui/0.0.1-shakti-css-vc2328289/css/css/less%7Cpages%7Csignup%7Csimplicity%7Csimplicity.less/2/0B0P040J090I0T0W0Q0K0U0O0V0_/none/true/none","100","","Akamai","3417","3226","3277","3277","3417","140","3095","3417","321","16","17","1","0","http/1.1","medium","text/css; charset=UTF-8","","gzip","Sun, 05 May 2019 17:26:55 GMT","","",
"","590","","","-1","-1","XHR","3","-1","-1","","1","","-1","-1","https://www.netflix.com/ichnaea/log","-1","-1","200","-1","","897","64","0","","","181105_TB_Q","-1","590","-1","-1","","0","3292","-1","OPTIONS","0","","29","0.18","-1","-1","www.netflix.com","100","-1","https://ae.nflximg.net/monet/scripts/adtech_iframe_target_04.html?data=%7B%22membership_status%22%3A%22ANONYMOUS%22%2C%22country%22%3A%22US%22%2C%22fbaId%22%3A%2283f44161-3327-4109-802c-3aed61364262%22%2C%22is_member%22%3A%22anonymous%22%2C%22wasFormerMember%22%3Afalse%2C%22referrer%22%3A%22nmLanding%22%7D","-1","3292","/ichnaea/log","-1","","","3882","3292","3882","3882","3882","0","3292","3882","590","17","18","1","0","","","text/plain","","","","","",
"23.64.92.98","134","","","-1","-1","Document","3","-1","-1","0","1","","100","-1","https://ae.nflximg.net/monet/scripts/netflix_tag_03.html?data=%7B%22membership_status%22%3A%22ANONYMOUS%22%2C%22country%22%3A%22US%22%2C%22fbaId%22%3A%2283f44161-3327-4109-802c-3aed61364262%22%2C%22is_member%22%3A%22anonymous%22%2C%22wasFormerMember%22%3Afalse%2C%22referrer%22%3A%22nmLanding%22%7D","-1","-1","200","-1","","7175","88","914","","","181105_TB_Q","-1","51","-1","100","","79583","3371","-1","GET","6716","6716","27","0.20","-1","-1","ae.nflximg.net","100","-1","https://ae.nflximg.net/monet/scripts/adtech_iframe_target_04.html?data=%7B%22membership_status%22%3A%22ANONYMOUS%22%2C%22country%22%3A%22US%22%2C%22fbaId%22%3A%2283f44161-3327-4109-802c-3aed61364262%22%2C%22is_member%22%3A%22anonymous%22%2C%22wasFormerMember%22%3Afalse%2C%22referrer%22%3A%22nmLanding%22%7D","7","3352","/monet/scripts/netflix_tag_03.html?data=%7B%22membership_status%22%3A%22ANONYMOUS%22%2C%22country%22%3A%22US%22%2C%22fbaId%22%3A%2283f44161-3327-4109-802c-3aed61364262%22%2C%22is_member%22%3A%22anonymous%22%2C%22wasFormerMember%22%3Afalse%2C%22referrer%22%3A%22nmLanding%22%7D","-1","","Akamai","3505","3371","3422","3422","3505","83","3371","3505","134","18","19","1","0","http/1.1","high","text/html","","gzip","","","",
"35.166.68.183","147","","","-1","-1","Image","3","-1","-1","","1","","-1","-1","https://www.netflix.com/ichnaea/cl2/freeform/DebugEvent?source=www&action=cssSimplicityPrefetch&statusCode=200&startTime=1541379714315&endTime=1541379714920","-1","-1","200","-1","","1205","75","1390","","no-cache, no-store, no-transform, max-age=0","181105_TB_Q","-1","115","-1","-1","","0","3420","-1","GET","0","","28","0.21","-1","-1","www.netflix.com","100","-1","https://www.netflix.com/","1","3419","/ichnaea/cl2/freeform/DebugEvent?source=www&action=cssSimplicityPrefetch&statusCode=200&startTime=1541379714315&endTime=1541379714920","-1","","","3567","3420","3535","3535","3567","32","3420","3567","147","19","20","1","0","http/1.1","low","text/plain","","","Sun, 04 Nov 2018 01:01:55 GMT","","",
"35.166.68.183","635","","","-1","-1","Image","3","-1","-1","","1","","-1","-1","https://www.netflix.com/ichnaea/cl2/freeform/DebugEvent?source=www&action=jsSimplicityPrefetch&statusCode=200&startTime=1541379714314&endTime=1541379714935","-1","-1","200","-1","","1205","26","1389","","no-cache, no-store, no-transform, max-age=0","181105_TB_Q","-1","601","-1","-1","","0","3459","-1","GET","0","","28","0.22","-1","-1","www.netflix.com","100","-1","https://www.netflix.com/","2","3458","/ichnaea/cl2/freeform/DebugEvent?source=www&action=jsSimplicityPrefetch&statusCode=200&startTime=1541379714314&endTime=1541379714935","-1","","","4094","3459","4060","4060","4094","34","3459","4094","635","20","21","1","0","http/1.1","low","text/plain","","","Sun, 04 Nov 2018 01:01:55 GMT","","",
"","690","","","-1","-1","XHR","3","-1","-1","","1","","-1","-1","https://ichnaea-web.netflix.com/log","-1","-1","200","-1","","822","6","0","","","181105_TB_Q","-1","690","-1","-1","","0","3520","-1","OPTIONS","0","","78055","0.23","-1","-1","ichnaea-web.netflix.com","100","-1","https://ae.nflximg.net/monet/scripts/netflix_tag_03.html?data=%7B%22membership_status%22%3A%22ANONYMOUS%22%2C%22country%22%3A%22US%22%2C%22fbaId%22%3A%2283f44161-3327-4109-802c-3aed61364262%22%2C%22is_member%22%3A%22anonymous%22%2C%22wasFormerMember%22%3Afalse%2C%22referrer%22%3A%22nmLanding%22%7D","-1","3520","/log","-1","","","4210","3520","4210","4210","4210","0","3520","4210","690","21","22","1","0","","","text/plain","","","","","",
"","444","","","-1","-1","Image","3","-1","-1","","1","","-1","-1","https://googleads.g.doubleclick.net/pagead/viewthroughconversion/991179584/?value=0&guid=ON&script=0","-1","-1","302","-1","","836","6","0","","no-cache, must-revalidate","181105_TB_Q","-1","444","-1","-1","","0","3522","-1","GET","42","","79409","0.25","-1","-1","googleads.g.doubleclick.net","-1","-1","https://ae.nflximg.net/monet/scripts/netflix_tag_03.html?data=%7B%22membership_status%22%3A%22ANONYMOUS%22%2C%22country%22%3A%22US%22%2C%22fbaId%22%3A%2283f44161-3327-4109-802c-3aed61364262%22%2C%22is_member%22%3A%22anonymous%22%2C%22wasFormerMember%22%3Afalse%2C%22referrer%22%3A%22nmLanding%22%7D","-1","3522","/pagead/viewthroughconversion/991179584/?value=0&guid=ON&script=0","-1","","","3966","3522","3966","3966","3966","0","3522","3966","444","22","23","1","0","","","image/gif","","","Fri, 01 Jan 1990 00:00:00 GMT","","",
"","531","","","-1","-1","Image","3","-1","-1","","1","","-1","-1","https://googleads.g.doubleclick.net/pagead/viewthroughconversion/983869946/?value=0&guid=ON&script=0","-1","-1","302","-1","","836","6","0","","no-cache, must-revalidate","181105_TB_Q","-1","531","-1","-1","","0","3522","-1","GET","42","","79409","0.26","-1","-1","googleads.g.doubleclick.net","-1","-1","https://ae.nflximg.net/monet/scripts/netflix_tag_03.html?data=%7B%22membership_status%22%3A%22ANONYMOUS%22%2C%22country%22%3A%22US%22%2C%22fbaId%22%3A%2283f44161-3327-4109-802c-3aed61364262%22%2C%22is_member%22%3A%22anonymous%22%2C%22wasFormerMember%22%3Afalse%2C%22referrer%22%3A%22nmLanding%22%7D","-1","3522","/pagead/viewthroughconversion/983869946/?value=0&guid=ON&script=0","-1","","","4053","3522","4053","4053","4053","0","3522","4053","531","23","24","1","0","","","image/gif","","","Fri, 01 Jan 1990 00:00:00 GMT","","",
"54.204.46.80","106","","","-1","-1","Document","3","3327","3618","0","1","","100","3449","https://s.thebrighttag.com/tag?site=voKfK9l&mode=iframe&membership_status=ANONYMOUS&country=US&fbaId=83f44161-3327-4109-802c-3aed61364262&is_member=anonymous&wasFormerMember=false&referrer=netflix.com%2Fbt%2FnmLanding&enabledAdPlatforms=group1%2Cgroup2%2Cgroup3","79","3449","200","169","","1995","83","877","","private, must-revalidate","181105_TB_Q","3406","69","3408","-1","","12250","3618","41","GET","1582","1582","27","0.19","-1","-1","s.thebrighttag.com","100","-1","https://ae.nflximg.net/monet/scripts/adtech_iframe_target_04.html?data=%7B%22membership_status%22%3A%22ANONYMOUS%22%2C%22country%22%3A%22US%22%2C%22fbaId%22%3A%2283f44161-3327-4109-802c-3aed61364262%22%2C%22is_member%22%3A%22anonymous%22%2C%22wasFormerMember%22%3Afalse%2C%22referrer%22%3A%22nmLanding%22%7D","10","3325","/tag?site=voKfK9l&mode=iframe&membership_status=ANONYMOUS&country=US&fbaId=83f44161-3327-4109-802c-3aed61364262&is_member=anonymous&wasFormerMember=false&referrer=netflix.com%2Fbt%2FnmLanding&enabledAdPlatforms=group1%2Cgroup2%2Cgroup3","-1","","","3724","3618","3687","3687","3724","37","3327","3724","395","24","25","1","0","http/1.1","high","text/html","","gzip","Thu, 01 Jan 1970 00:00:00 GMT","","",
"157.240.18.35","117","44","","-1","100","Image","3","3529","3676","","1","","-1","3562","https://www.facebook.com/tr?id=829253787145710&ev=NM_landing&cd[value]=9.99&cd[currency]=USD","2","3562","200","114","0","418","6","451","","no-cache, must-revalidate, max-age=0","181105_TB_Q","3531","95","3532","100","","44","3676","30","GET","44","","79409","0.27","-1","-1","www.facebook.com","100","-1","https://ae.nflximg.net/monet/scripts/netflix_tag_03.html?data=%7B%22membership_status%22%3A%22ANONYMOUS%22%2C%22country%22%3A%22US%22%2C%22fbaId%22%3A%2283f44161-3327-4109-802c-3aed61364262%22%2C%22is_member%22%3A%22anonymous%22%2C%22wasFormerMember%22%3Afalse%2C%22referrer%22%3A%22nmLanding%22%7D","11","3523","/tr?id=829253787145710&ev=NM_landing&cd[value]=9.99&cd[currency]=USD","-1","","Facebook","3793","3676","3771","3771","3793","22","3529","3793","263","25","26","1","0","h2","low","image/gif","","","Mon, 05 Nov 2018 01:01:55 GMT","","",
"64.233.180.155","116","","","-1","-1","Script","3","3524","3857","0","1","","100","3632","https://www.googleadservices.com/pagead/conversion.js","52","3632","200","225","","9841","6","371","","private, max-age=3600","181105_TB_Q","3576","76","3577","100","3600","24502","3858","55","GET","9224","9224","79409","0.24","-1","-1","www.googleadservices.com","100","-1","https://ae.nflximg.net/monet/scripts/netflix_tag_03.html?data=%7B%22membership_status%22%3A%22ANONYMOUS%22%2C%22country%22%3A%22US%22%2C%22fbaId%22%3A%2283f44161-3327-4109-802c-3aed61364262%22%2C%22is_member%22%3A%22anonymous%22%2C%22wasFormerMember%22%3Afalse%2C%22referrer%22%3A%22nmLanding%22%7D","12","3521","/pagead/conversion.js","50","","Google","3974","3858","3934","3934","3974","40","3524","3974","448","26","27","1","0","h2","high","text/javascript; charset=UTF-8","","gzip","Mon, 05 Nov 2018 01:01:55 GMT","","",
"35.166.68.183","170","","","-1","-1","XHR","3","-1","-1","","1","","-1","-1","https://www.netflix.com/ichnaea/log","-1","-1","200","-1","","970","94","1728","","","181105_TB_Q","-1","133","-1","-1","","0","3884","-1","POST","0","","","0.29","-1","-1","www.netflix.com","100","-1","https://ae.nflximg.net/monet/scripts/adtech_iframe_target_04.html?data=%7B%22membership_status%22%3A%22ANONYMOUS%22%2C%22country%22%3A%22US%22%2C%22fbaId%22%3A%2283f44161-3327-4109-802c-3aed61364262%22%2C%22is_member%22%3A%22anonymous%22%2C%22wasFormerMember%22%3Afalse%2C%22referrer%22%3A%22nmLanding%22%7D","1","3882","/ichnaea/log","-1","","","4054","3884","4017","4017","4054","37","3884","4054","170","27","28","1","0","http/1.1","medium","text/plain","","","","","",
"104.118.188.159","98","","","-1","-1","Script","3","3728","3957","0","1","","100","3845","https://s.btstatic.com/tag.js","74","3845","200","112","","12691","4","539","","public, max-age=14400","181105_TB_Q","3802","65","3803","100","14400","34844","3957","42","GET","12398","12398","","0.28","-1","-1","s.btstatic.com","100","-1","https://s.thebrighttag.com/tag?site=voKfK9l&mode=iframe&membership_status=ANONYMOUS&country=US&fbaId=83f44161-3327-4109-802c-3aed61364262&is_member=anonymous&wasFormerMember=false&referrer=netflix.com%2Fbt%2FnmLanding&enabledAdPlatforms=group1%2Cgroup2%2Cgroup3","13","3726","/tag.js","50","","Akamai","4055","3957","4022","4022","4055","33","3728","4055","326","28","29","1","0","http/1.1","high","application/javascript","","gzip","","","",
"108.177.112.106","1269","42","","-1","100","","3","-1","-1","","1","","-1","-1","https://www.google.com/pagead/1p-user-list/991179584/?value=0&guid=ON&script=0&crd=CITQGw&cdct=2&is_vtc=1&random=2862056356","-1","-1","200","-1","0","481","8","921","","no-cache, no-store, must-revalidate","181105_TB_Q","-1","812","-1","100","","84","3966","-1","GET","42","","","0.25.1","-1","-1","www.google.com","100","-1","https://ae.nflximg.net/monet/scripts/netflix_tag_03.html?data=%7B%22membership_status%22%3A%22ANONYMOUS%22%2C%22country%22%3A%22US%22%2C%22fbaId%22%3A%2283f44161-3327-4109-802c-3aed61364262%22%2C%22is_member%22%3A%22anonymous%22%2C%22wasFormerMember%22%3Afalse%2C%22referrer%22%3A%22nmLanding%22%7D","18","3966","/pagead/1p-user-list/991179584/?value=0&guid=ON&script=0&crd=CITQGw&cdct=2&is_vtc=1&random=2862056356","-1","","Google","5235","3966","4778","4778","5235","457","3966","5235","1269","29","30","1","0","h2","low","image/gif","","","Fri, 01 Jan 1990 00:00:00 GMT","","",
"64.233.180.155","161","","","-1","-1","Script","3","-1","-1","0","1","","100","-1","https://www.googleadservices.com/pagead/conversion/981179826/?random=1541379715482&cv=9&fst=1541379715482&num=1&label=40zWCLqP1XUQsrvu0wM&bg=ffffff&hl=en&guid=ON&resp=GooglemKTybQhCsO&eid=659255991&u_h=667&u_w=375&u_ah=667&u_aw=375&u_cd=32&u_his=1&u_tz=-300&u_java=false&u_nplug=0&u_nmime=0&sendb=1&frm=2&url=https%3A%2F%2Fae.nflximg.net%2Fmonet%2Fscripts%2Fnetflix_tag_03.html%3Fdata%3D%257B%2522membership_status%2522%253A%2522ANONYMOUS%2522%252C%2522country%2522%253A%2522US%2522%252C%2522fbaId%2522%253A%252283f44161-3327-4109-802c-3aed61364262%2522%252C%2522is_member%2522%253A%2522anonymous%2522%252C%2522wasFormerMember%2522%253Afalse%252C%2522referrer%2522%253A%2522nmLanding%2522%257D&ref=https%3A%2F%2Fae.nflximg.net%2Fmonet%2Fscripts%2Fadtech_iframe_target_04.html%3Fdata%3D%257B%2522membership_status%2522%253A%2522ANONYMOUS%2522%252C%2522country%2522%253A%2522US%2522%252C%2522fbaId%2522%253A%252283f44161-3327-4109-802c-3aed61364262%2522%252C%2522is_member%2522%253A%2522anonymous%2522%252C%2522wasFormerMember%2522%253Afalse%252C%2522referrer%2522%253A%2522nmLanding%2522%257D&rfmt=3&fmt=4","-1","-1","200","-1","","1777","17","790","","no-cache, must-revalidate","181105_TB_Q","-1","63","-1","100","","2320","4050","-1","GET","1186","1186","919","0.30","-1","-1","www.googleadservices.com","100","-1","https://www.googleadservices.com/pagead/conversion.js","12","4049","/pagead/conversion/981179826/?random=1541379715482&cv=9&fst=1541379715482&num=1&label=40zWCLqP1XUQsrvu0wM&bg=ffffff&hl=en&guid=ON&resp=GooglemKTybQhCsO&eid=659255991&u_h=667&u_w=375&u_ah=667&u_aw=375&u_cd=32&u_his=1&u_tz=-300&u_java=false&u_nplug=0&u_nmime=0&sendb=1&frm=2&url=https%3A%2F%2Fae.nflximg.net%2Fmonet%2Fscripts%2Fnetflix_tag_03.html%3Fdata%3D%257B%2522membership_status%2522%253A%2522ANONYMOUS%2522%252C%2522country%2522%253A%2522US%2522%252C%2522fbaId%2522%253A%252283f44161-3327-4109-802c-3aed61364262%2522%252C%2522is_member%2522%253A%2522anonymous%2522%252C%2522wasFormerMember%2522%253Afalse%252C%2522referrer%2522%253A%2522nmLanding%2522%257D&ref=https%3A%2F%2Fae.nflximg.net%2Fmonet%2Fscripts%2Fadtech_iframe_target_04.html%3Fdata%3D%257B%2522membership_status%2522%253A%2522ANONYMOUS%2522%252C%2522country%2522%253A%2522US%2522%252C%2522fbaId%2522%253A%252283f44161-3327-4109-802c-3aed61364262%2522%252C%2522is_member%2522%253A%2522anonymous%2522%252C%2522wasFormerMember%2522%253Afalse%252C%2522referrer%2522%253A%2522nmLanding%2522%257D&rfmt=3&fmt=4","-1","","Google","4211","4050","4113","4113","4211","98","4050","4211","161","30","31","1","0","h2","high","text/javascript; charset=UTF-8","","gzip","Fri, 01 Jan 1990 00:00:00 GMT","","",
"108.177.112.106","1188","42","","-1","100","","3","-1","-1","","1","","-1","-1","https://www.google.com/pagead/1p-user-list/983869946/?value=0&guid=ON&script=0&crd=CITQGw&cdct=2&is_vtc=1&random=1131881156","-1","-1","200","-1","0","481","8","153","","no-cache, no-store, must-revalidate","181105_TB_Q","-1","629","-1","100","","84","4053","-1","GET","42","","","0.26.1","-1","-1","www.google.com","100","-1","https://ae.nflximg.net/monet/scripts/netflix_tag_03.html?data=%7B%22membership_status%22%3A%22ANONYMOUS%22%2C%22country%22%3A%22US%22%2C%22fbaId%22%3A%2283f44161-3327-4109-802c-3aed61364262%22%2C%22is_member%22%3A%22anonymous%22%2C%22wasFormerMember%22%3Afalse%2C%22referrer%22%3A%22nmLanding%22%7D","18","4053","/pagead/1p-user-list/983869946/?value=0&guid=ON&script=0&crd=CITQGw&cdct=2&is_vtc=1&random=1131881156","-1","","Google","5241","4053","4682","4682","5241","559","4053","5241","1188","31","32","1","0","h2","low","image/gif","","","Fri, 01 Jan 1990 00:00:00 GMT","","",
"64.233.180.155","110","","","-1","-1","Script","3","-1","-1","0","1","","100","-1","https://www.googleadservices.com/pagead/conversion/955040534/?random=1541379715598&cv=9&fst=1541379715482&num=2&label=Qa7nCPzN0V8QloazxwM&bg=ffffff&hl=en&guid=ON&resp=GooglemKTybQhCsO&eid=659255991&u_h=667&u_w=375&u_ah=667&u_aw=375&u_cd=32&u_his=1&u_tz=-300&u_java=false&u_nplug=0&u_nmime=0&sendb=1&frm=2&url=https%3A%2F%2Fae.nflximg.net%2Fmonet%2Fscripts%2Fnetflix_tag_03.html%3Fdata%3D%257B%2522membership_status%2522%253A%2522ANONYMOUS%2522%252C%2522country%2522%253A%2522US%2522%252C%2522fbaId%2522%253A%252283f44161-3327-4109-802c-3aed61364262%2522%252C%2522is_member%2522%253A%2522anonymous%2522%252C%2522wasFormerMember%2522%253Afalse%252C%2522referrer%2522%253A%2522nmLanding%2522%257D&ref=https%3A%2F%2Fae.nflximg.net%2Fmonet%2Fscripts%2Fadtech_iframe_target_04.html%3Fdata%3D%257B%2522membership_status%2522%253A%2522ANONYMOUS%2522%252C%2522country%2522%253A%2522US%2522%252C%2522fbaId%2522%253A%252283f44161-3327-4109-802c-3aed61364262%2522%252C%2522is_member%2522%253A%2522anonymous%2522%252C%2522wasFormerMember%2522%253Afalse%252C%2522referrer%2522%253A%2522nmLanding%2522%257D&rfmt=3&fmt=4","-1","-1","200","-1","","1773","17","790","","no-cache, must-revalidate","181105_TB_Q","-1","84","-1","100","","2318","4148","-1","GET","1182","1182","919","0.32","-1","-1","www.googleadservices.com","100","-1","https://www.googleadservices.com/pagead/conversion.js","12","4147","/pagead/conversion/955040534/?random=1541379715598&cv=9&fst=1541379715482&num=2&label=Qa7nCPzN0V8QloazxwM&bg=ffffff&hl=en&guid=ON&resp=GooglemKTybQhCsO&eid=659255991&u_h=667&u_w=375&u_ah=667&u_aw=375&u_cd=32&u_his=1&u_tz=-300&u_java=false&u_nplug=0&u_nmime=0&sendb=1&frm=2&url=https%3A%2F%2Fae.nflximg.net%2Fmonet%2Fscripts%2Fnetflix_tag_03.html%3Fdata%3D%257B%2522membership_status%2522%253A%2522ANONYMOUS%2522%252C%2522country%2522%253A%2522US%2522%252C%2522fbaId%2522%253A%252283f44161-3327-4109-802c-3aed61364262%2522%252C%2522is_member%2522%253A%2522anonymous%2522%252C%2522wasFormerMember%2522%253Afalse%252C%2522referrer%2522%253A%2522nmLanding%2522%257D&ref=https%3A%2F%2Fae.nflximg.net%2Fmonet%2Fscripts%2Fadtech_iframe_target_04.html%3Fdata%3D%257B%2522membership_status%2522%253A%2522ANONYMOUS%2522%252C%2522country%2522%253A%2522US%2522%252C%2522fbaId%2522%253A%252283f44161-3327-4109-802c-3aed61364262%2522%252C%2522is_member%2522%253A%2522anonymous%2522%252C%2522wasFormerMember%2522%253Afalse%252C%2522referrer%2522%253A%2522nmLanding%2522%257D&rfmt=3&fmt=4","-1","","Google","4258","4148","4232","4232","4258","26","4148","4258","110","32","33","1","0","h2","high","text/javascript; charset=UTF-8","","gzip","Fri, 01 Jan 1990 00:00:00 GMT","","",
"","109","","","-1","-1","Image","3","-1","-1","","1","","-1","-1","https://googleads.g.doubleclick.net/pagead/viewthroughconversion/981179826/?random=1291431184&cv=9&fst=*&num=1&label=40zWCLqP1XUQsrvu0wM&bg=ffffff&hl=en&guid=ON&resp=GooglemKTybQhCsO&eid=659255991&u_h=667&u_w=375&u_ah=667&u_aw=375&u_cd=32&u_his=1&u_tz=-300&u_java=false&u_nplug=0&u_nmime=0&sendb=1&frm=2&url=https://ae.nflximg.net/monet/scripts/netflix_tag_03.html%3Fdata%3D%257B%2522membership_status%2522%253A%2522ANONYMOUS%2522%252C%2522country%2522%253A%2522US%2522%252C%2522fbaId%2522%253A%252283f44161-3327-4109-802c-3aed61364262%2522%252C%2522is_member%2522%253A%2522anonymous%2522%252C%2522wasFormerMember%2522%253Afalse%252C%2522referrer%2522%253A%2522nmLanding%2522%257D&ref=https://ae.nflximg.net/monet/scripts/adtech_iframe_target_04.html%3Fdata%3D%257B%2522membership_status%2522%253A%2522ANONYMOUS%2522%252C%2522country%2522%253A%2522US%2522%252C%2522fbaId%2522%253A%252283f44161-3327-4109-802c-3aed61364262%2522%252C%2522is_member%2522%253A%2522anonymous%2522%252C%2522wasFormerMember%2522%253Afalse%252C%2522referrer%2522%253A%2522nmLanding%2522%257D&fmt=3&ctc_id=CAIVAgAAAB0CAAAA&ct_cookie_present=false&ocp_id=g5bfW43NJcjcpAPfya2ACw&crd=CKrPGwiC0Bs&gtd=","-1","-1","302","-1","","1917","1","0","","no-cache, must-revalidate","181105_TB_Q","-1","109","-1","-1","","0","4214","-1","GET","42","","649","0.36","-1","-1","googleads.g.doubleclick.net","-1","-1","https://www.googleadservices.com/pagead/conversion/981179826/?random=1541379715482&cv=9&fst=1541379715482&num=1&label=40zWCLqP1XUQsrvu0wM&bg=ffffff&hl=en&guid=ON&resp=GooglemKTybQhCsO&eid=659255991&u_h=667&u_w=375&u_ah=667&u_aw=375&u_cd=32&u_his=1&u_tz=-300&u_java=false&u_nplug=0&u_nmime=0&sendb=1&frm=2&url=https%3A%2F%2Fae.nflximg.net%2Fmonet%2Fscripts%2Fnetflix_tag_03.html%3Fdata%3D%257B%2522membership_status%2522%253A%2522ANONYMOUS%2522%252C%2522country%2522%253A%2522US%2522%252C%2522fbaId%2522%253A%252283f44161-3327-4109-802c-3aed61364262%2522%252C%2522is_member%2522%253A%2522anonymous%2522%252C%2522wasFormerMember%2522%253Afalse%252C%2522referrer%2522%253A%2522nmLanding%2522%257D&ref=https%3A%2F%2Fae.nflximg.net%2Fmonet%2Fscripts%2Fadtech_iframe_target_04.html%3Fdata%3D%257B%2522membership_status%2522%253A%2522ANONYMOUS%2522%252C%2522country%2522%253A%2522US%2522%252C%2522fbaId%2522%253A%252283f44161-3327-4109-802c-3aed61364262%2522%252C%2522is_member%2522%253A%2522anonymous%2522%252C%2522wasFormerMember%2522%253Afalse%252C%2522referrer%2522%253A%2522nmLanding%2522%257D&rfmt=3&fmt=4","-1","4214","/pagead/viewthroughconversion/981179826/?random=1291431184&cv=9&fst=*&num=1&label=40zWCLqP1XUQsrvu0wM&bg=ffffff&hl=en&guid=ON&resp=GooglemKTybQhCsO&eid=659255991&u_h=667&u_w=375&u_ah=667&u_aw=375&u_cd=32&u_his=1&u_tz=-300&u_java=false&u_nplug=0&u_nmime=0&sendb=1&frm=2&url=https://ae.nflximg.net/monet/scripts/netflix_tag_03.html%3Fdata%3D%257B%2522membership_status%2522%253A%2522ANONYMOUS%2522%252C%2522country%2522%253A%2522US%2522%252C%2522fbaId%2522%253A%252283f44161-3327-4109-802c-3aed61364262%2522%252C%2522is_member%2522%253A%2522anonymous%2522%252C%2522wasFormerMember%2522%253Afalse%252C%2522referrer%2522%253A%2522nmLanding%2522%257D&ref=https://ae.nflximg.net/monet/scripts/adtech_iframe_target_04.html%3Fdata%3D%257B%2522membership_status%2522%253A%2522ANONYMOUS%2522%252C%2522country%2522%253A%2522US%2522%252C%2522fbaId%2522%253A%252283f44161-3327-4109-802c-3aed61364262%2522%252C%2522is_member%2522%253A%2522anonymous%2522%252C%2522wasFormerMember%2522%253Afalse%252C%2522referrer%2522%253A%2522nmLanding%2522%257D&fmt=3&ctc_id=CAIVAgAAAB0CAAAA&ct_cookie_present=false&ocp_id=g5bfW43NJcjcpAPfya2ACw&crd=CKrPGwiC0Bs&gtd=","-1","","","4323","4214","4323","4323","4323","0","4214","4323","109","33","34","1","0","","","image/gif","","","Fri, 01 Jan 1990 00:00:00 GMT","","",
"","83","","","-1","-1","Image","3","-1","-1","","1","","-1","-1","https://googleads.g.doubleclick.net/pagead/viewthroughconversion/955040534/?random=1630945218&cv=9&fst=*&num=2&label=Qa7nCPzN0V8QloazxwM&bg=ffffff&hl=en&guid=ON&resp=GooglemKTybQhCsO&eid=659255991&u_h=667&u_w=375&u_ah=667&u_aw=375&u_cd=32&u_his=1&u_tz=-300&u_java=false&u_nplug=0&u_nmime=0&sendb=1&frm=2&url=https://ae.nflximg.net/monet/scripts/netflix_tag_03.html%3Fdata%3D%257B%2522membership_status%2522%253A%2522ANONYMOUS%2522%252C%2522country%2522%253A%2522US%2522%252C%2522fbaId%2522%253A%252283f44161-3327-4109-802c-3aed61364262%2522%252C%2522is_member%2522%253A%2522anonymous%2522%252C%2522wasFormerMember%2522%253Afalse%252C%2522referrer%2522%253A%2522nmLanding%2522%257D&ref=https://ae.nflximg.net/monet/scripts/adtech_iframe_target_04.html%3Fdata%3D%257B%2522membership_status%2522%253A%2522ANONYMOUS%2522%252C%2522country%2522%253A%2522US%2522%252C%2522fbaId%2522%253A%252283f44161-3327-4109-802c-3aed61364262%2522%252C%2522is_member%2522%253A%2522anonymous%2522%252C%2522wasFormerMember%2522%253Afalse%252C%2522referrer%2522%253A%2522nmLanding%2522%257D&fmt=3&ctc_id=CAIVAgAAAB0CAAAA&ct_cookie_present=false&ocp_id=g5bfW9qIK9iApgP7h6t4&crd=CKrPGwiC0Bs&gtd=","-1","-1","302","-1","","1917","1","0","","no-cache, must-revalidate","181105_TB_Q","-1","83","-1","-1","","0","4263","-1","GET","42","","649","0.37","-1","-1","googleads.g.doubleclick.net","-1","-1","https://www.googleadservices.com/pagead/conversion/955040534/?random=1541379715598&cv=9&fst=1541379715482&num=2&label=Qa7nCPzN0V8QloazxwM&bg=ffffff&hl=en&guid=ON&resp=GooglemKTybQhCsO&eid=659255991&u_h=667&u_w=375&u_ah=667&u_aw=375&u_cd=32&u_his=1&u_tz=-300&u_java=false&u_nplug=0&u_nmime=0&sendb=1&frm=2&url=https%3A%2F%2Fae.nflximg.net%2Fmonet%2Fscripts%2Fnetflix_tag_03.html%3Fdata%3D%257B%2522membership_status%2522%253A%2522ANONYMOUS%2522%252C%2522country%2522%253A%2522US%2522%252C%2522fbaId%2522%253A%252283f44161-3327-4109-802c-3aed61364262%2522%252C%2522is_member%2522%253A%2522anonymous%2522%252C%2522wasFormerMember%2522%253Afalse%252C%2522referrer%2522%253A%2522nmLanding%2522%257D&ref=https%3A%2F%2Fae.nflximg.net%2Fmonet%2Fscripts%2Fadtech_iframe_target_04.html%3Fdata%3D%257B%2522membership_status%2522%253A%2522ANONYMOUS%2522%252C%2522country%2522%253A%2522US%2522%252C%2522fbaId%2522%253A%252283f44161-3327-4109-802c-3aed61364262%2522%252C%2522is_member%2522%253A%2522anonymous%2522%252C%2522wasFormerMember%2522%253Afalse%252C%2522referrer%2522%253A%2522nmLanding%2522%257D&rfmt=3&fmt=4","-1","4263","/pagead/viewthroughconversion/955040534/?random=1630945218&cv=9&fst=*&num=2&label=Qa7nCPzN0V8QloazxwM&bg=ffffff&hl=en&guid=ON&resp=GooglemKTybQhCsO&eid=659255991&u_h=667&u_w=375&u_ah=667&u_aw=375&u_cd=32&u_his=1&u_tz=-300&u_java=false&u_nplug=0&u_nmime=0&sendb=1&frm=2&url=https://ae.nflximg.net/monet/scripts/netflix_tag_03.html%3Fdata%3D%257B%2522membership_status%2522%253A%2522ANONYMOUS%2522%252C%2522country%2522%253A%2522US%2522%252C%2522fbaId%2522%253A%252283f44161-3327-4109-802c-3aed61364262%2522%252C%2522is_member%2522%253A%2522anonymous%2522%252C%2522wasFormerMember%2522%253Afalse%252C%2522referrer%2522%253A%2522nmLanding%2522%257D&ref=https://ae.nflximg.net/monet/scripts/adtech_iframe_target_04.html%3Fdata%3D%257B%2522membership_status%2522%253A%2522ANONYMOUS%2522%252C%2522country%2522%253A%2522US%2522%252C%2522fbaId%2522%253A%252283f44161-3327-4109-802c-3aed61364262%2522%252C%2522is_member%2522%253A%2522anonymous%2522%252C%2522wasFormerMember%2522%253Afalse%252C%2522referrer%2522%253A%2522nmLanding%2522%257D&fmt=3&ctc_id=CAIVAgAAAB0CAAAA&ct_cookie_present=false&ocp_id=g5bfW9qIK9iApgP7h6t4&crd=CKrPGwiC0Bs&gtd=","-1","","","4346","4263","4346","4346","4346","0","4263","4346","83","34","35","1","0","","","image/gif","","","Fri, 01 Jan 1990 00:00:00 GMT","","",
"108.177.112.106","920","42","","-1","100","","3","-1","-1","","1","","-1","-1","https://www.google.com/pagead/1p-conversion/981179826/?random=1291431184&cv=9&fst=*&num=1&label=40zWCLqP1XUQsrvu0wM&bg=ffffff&hl=en&guid=ON&resp=GooglemKTybQhCsO&eid=659255991&u_h=667&u_w=375&u_ah=667&u_aw=375&u_cd=32&u_his=1&u_tz=-300&u_java=false&u_nplug=0&u_nmime=0&sendb=1&frm=2&url=https://ae.nflximg.net/monet/scripts/netflix_tag_03.html%3Fdata%3D%257B%2522membership_status%2522%253A%2522ANONYMOUS%2522%252C%2522country%2522%253A%2522US%2522%252C%2522fbaId%2522%253A%252283f44161-3327-4109-802c-3aed61364262%2522%252C%2522is_member%2522%253A%2522anonymous%2522%252C%2522wasFormerMember%2522%253Afalse%252C%2522referrer%2522%253A%2522nmLanding%2522%257D&ref=https://ae.nflximg.net/monet/scripts/adtech_iframe_target_04.html%3Fdata%3D%257B%2522membership_status%2522%253A%2522ANONYMOUS%2522%252C%2522country%2522%253A%2522US%2522%252C%2522fbaId%2522%253A%252283f44161-3327-4109-802c-3aed61364262%2522%252C%2522is_member%2522%253A%2522anonymous%2522%252C%2522wasFormerMember%2522%253Afalse%252C%2522referrer%2522%253A%2522nmLanding%2522%257D&fmt=3&ctc_id=CAIVAgAAAB0CAAAA&ct_cookie_present=false&crd=CKrPGwiC0Bs&gtd=&cdct=2&is_vtc=1&ocp_id=g5bfW43NJcjcpAPfya2ACw&random=47412676&resp=GooglemKTybQhCsO","-1","-1","200","-1","0","481","13","1710","","no-cache, no-store, must-revalidate","181105_TB_Q","-1","796","-1","100","","84","4323","-1","GET","42","","","0.36.1","-1","-1","www.google.com","100","-1","https://ae.nflximg.net/monet/scripts/netflix_tag_03.html?data=%7B%22membership_status%22%3A%22ANONYMOUS%22%2C%22country%22%3A%22US%22%2C%22fbaId%22%3A%2283f44161-3327-4109-802c-3aed61364262%22%2C%22is_member%22%3A%22anonymous%22%2C%22wasFormerMember%22%3Afalse%2C%22referrer%22%3A%22nmLanding%22%7D","18","4323","/pagead/1p-conversion/981179826/?random=1291431184&cv=9&fst=*&num=1&label=40zWCLqP1XUQsrvu0wM&bg=ffffff&hl=en&guid=ON&resp=GooglemKTybQhCsO&eid=659255991&u_h=667&u_w=375&u_ah=667&u_aw=375&u_cd=32&u_his=1&u_tz=-300&u_java=false&u_nplug=0&u_nmime=0&sendb=1&frm=2&url=https://ae.nflximg.net/monet/scripts/netflix_tag_03.html%3Fdata%3D%257B%2522membership_status%2522%253A%2522ANONYMOUS%2522%252C%2522country%2522%253A%2522US%2522%252C%2522fbaId%2522%253A%252283f44161-3327-4109-802c-3aed61364262%2522%252C%2522is_member%2522%253A%2522anonymous%2522%252C%2522wasFormerMember%2522%253Afalse%252C%2522referrer%2522%253A%2522nmLanding%2522%257D&ref=https://ae.nflximg.net/monet/scripts/adtech_iframe_target_04.html%3Fdata%3D%257B%2522membership_status%2522%253A%2522ANONYMOUS%2522%252C%2522country%2522%253A%2522US%2522%252C%2522fbaId%2522%253A%252283f44161-3327-4109-802c-3aed61364262%2522%252C%2522is_member%2522%253A%2522anonymous%2522%252C%2522wasFormerMember%2522%253Afalse%252C%2522referrer%2522%253A%2522nmLanding%2522%257D&fmt=3&ctc_id=CAIVAgAAAB0CAAAA&ct_cookie_present=false&crd=CKrPGwiC0Bs&gtd=&cdct=2&is_vtc=1&ocp_id=g5bfW43NJcjcpAPfya2ACw&random=47412676&resp=GooglemKTybQhCsO","-1","","Google","5243","4323","5119","5119","5243","124","4323","5243","920","35","36","1","0","h2","low","image/gif","","","Fri, 01 Jan 1990 00:00:00 GMT","","",
"108.177.112.106","920","42","","-1","100","","3","-1","-1","","1","","-1","-1","https://www.google.com/pagead/1p-conversion/955040534/?random=1630945218&cv=9&fst=*&num=2&label=Qa7nCPzN0V8QloazxwM&bg=ffffff&hl=en&guid=ON&resp=GooglemKTybQhCsO&eid=659255991&u_h=667&u_w=375&u_ah=667&u_aw=375&u_cd=32&u_his=1&u_tz=-300&u_java=false&u_nplug=0&u_nmime=0&sendb=1&frm=2&url=https://ae.nflximg.net/monet/scripts/netflix_tag_03.html%3Fdata%3D%257B%2522membership_status%2522%253A%2522ANONYMOUS%2522%252C%2522country%2522%253A%2522US%2522%252C%2522fbaId%2522%253A%252283f44161-3327-4109-802c-3aed61364262%2522%252C%2522is_member%2522%253A%2522anonymous%2522%252C%2522wasFormerMember%2522%253Afalse%252C%2522referrer%2522%253A%2522nmLanding%2522%257D&ref=https://ae.nflximg.net/monet/scripts/adtech_iframe_target_04.html%3Fdata%3D%257B%2522membership_status%2522%253A%2522ANONYMOUS%2522%252C%2522country%2522%253A%2522US%2522%252C%2522fbaId%2522%253A%252283f44161-3327-4109-802c-3aed61364262%2522%252C%2522is_member%2522%253A%2522anonymous%2522%252C%2522wasFormerMember%2522%253Afalse%252C%2522referrer%2522%253A%2522nmLanding%2522%257D&fmt=3&ctc_id=CAIVAgAAAB0CAAAA&ct_cookie_present=false&crd=CKrPGwiC0Bs&gtd=&cdct=2&is_vtc=1&ocp_id=g5bfW9qIK9iApgP7h6t4&random=3423054857&resp=GooglemKTybQhCsO","-1","-1","200","-1","0","481","13","1709","","no-cache, no-store, must-revalidate","181105_TB_Q","-1","831","-1","100","","84","4346","-1","GET","42","","","0.37.1","-1","-1","www.google.com","100","-1","https://ae.nflximg.net/monet/scripts/netflix_tag_03.html?data=%7B%22membership_status%22%3A%22ANONYMOUS%22%2C%22country%22%3A%22US%22%2C%22fbaId%22%3A%2283f44161-3327-4109-802c-3aed61364262%22%2C%22is_member%22%3A%22anonymous%22%2C%22wasFormerMember%22%3Afalse%2C%22referrer%22%3A%22nmLanding%22%7D","18","4346","/pagead/1p-conversion/955040534/?random=1630945218&cv=9&fst=*&num=2&label=Qa7nCPzN0V8QloazxwM&bg=ffffff&hl=en&guid=ON&resp=GooglemKTybQhCsO&eid=659255991&u_h=667&u_w=375&u_ah=667&u_aw=375&u_cd=32&u_his=1&u_tz=-300&u_java=false&u_nplug=0&u_nmime=0&sendb=1&frm=2&url=https://ae.nflximg.net/monet/scripts/netflix_tag_03.html%3Fdata%3D%257B%2522membership_status%2522%253A%2522ANONYMOUS%2522%252C%2522country%2522%253A%2522US%2522%252C%2522fbaId%2522%253A%252283f44161-3327-4109-802c-3aed61364262%2522%252C%2522is_member%2522%253A%2522anonymous%2522%252C%2522wasFormerMember%2522%253Afalse%252C%2522referrer%2522%253A%2522nmLanding%2522%257D&ref=https://ae.nflximg.net/monet/scripts/adtech_iframe_target_04.html%3Fdata%3D%257B%2522membership_status%2522%253A%2522ANONYMOUS%2522%252C%2522country%2522%253A%2522US%2522%252C%2522fbaId%2522%253A%252283f44161-3327-4109-802c-3aed61364262%2522%252C%2522is_member%2522%253A%2522anonymous%2522%252C%2522wasFormerMember%2522%253Afalse%252C%2522referrer%2522%253A%2522nmLanding%2522%257D&fmt=3&ctc_id=CAIVAgAAAB0CAAAA&ct_cookie_present=false&crd=CKrPGwiC0Bs&gtd=&cdct=2&is_vtc=1&ocp_id=g5bfW9qIK9iApgP7h6t4&random=3423054857&resp=GooglemKTybQhCsO","-1","","Google","5266","4346","5177","5177","5266","89","4346","5266","920","36","37","1","0","h2","low","image/gif","","","Fri, 01 Jan 1990 00:00:00 GMT","","",
"108.177.103.149","94","","","-1","-1","Document","3","4179","4473","0","1","","100","4304","https://4968236.fls.doubleclick.net/activityi;src=4968236;type=naanz-nm;cat=dcmna0;u1=US;ord=713283861542.5774?","63","4304","200","169","","1165","13","461","","no-cache, must-revalidate","181105_TB_Q","4242","71","4243","100","","766","4474","61","GET","494","494","15","0.33","-1","-1","4968236.fls.doubleclick.net","100","-1","https://ae.nflximg.net/monet/scripts/netflix_tag_03.html?data=%7B%22membership_status%22%3A%22ANONYMOUS%22%2C%22country%22%3A%22US%22%2C%22fbaId%22%3A%2283f44161-3327-4109-802c-3aed61364262%22%2C%22is_member%22%3A%22anonymous%22%2C%22wasFormerMember%22%3Afalse%2C%22referrer%22%3A%22nmLanding%22%7D","14","4177","/activityi;src=4968236;type=naanz-nm;cat=dcmna0;u1=US;ord=713283861542.5774","-1","","Google","4568","4474","4545","4545","4568","23","4179","4568","387","37","38","1","0","h2","high","text/html; charset=UTF-8","","gzip","Fri, 01 Jan 1990 00:00:00 GMT","","",
"108.177.103.149","159","","","-1","-1","Document","3","4208","4494","0","1","","100","4337","https://4954221.fls.doubleclick.net/activityi;src=4954221;type=gl-nmh;cat=dcmgl0;u1=US;dc_lat=;dc_rdid=;tag_for_child_directed_treatment=;ord=271839919830.96402?","67","4337","200","157","","1195","12","495","","no-cache, must-revalidate","181105_TB_Q","4275","75","4277","100","","816","4495","60","GET","524","524","15","0.34","-1","-1","4954221.fls.doubleclick.net","100","-1","https://ae.nflximg.net/monet/scripts/netflix_tag_03.html?data=%7B%22membership_status%22%3A%22ANONYMOUS%22%2C%22country%22%3A%22US%22%2C%22fbaId%22%3A%2283f44161-3327-4109-802c-3aed61364262%22%2C%22is_member%22%3A%22anonymous%22%2C%22wasFormerMember%22%3Afalse%2C%22referrer%22%3A%22nmLanding%22%7D","15","4206","/activityi;src=4954221;type=gl-nmh;cat=dcmgl0;u1=US;dc_lat=;dc_rdid=;tag_for_child_directed_treatment=;ord=271839919830.96402","-1","","Google","4654","4495","4570","4570","4654","84","4208","4654","443","38","39","1","0","h2","high","text/html; charset=UTF-8","","gzip","Fri, 01 Jan 1990 00:00:00 GMT","","",
"35.163.197.253","135","","","-1","-1","XHR","3","4217","4544","","1","","-1","4330","https://ichnaea-web.netflix.com/log","20","4330","200","214","","895","13","2214","","","181105_TB_Q","4237","97","4239","-1","","0","4544","91","POST","0","","","0.35","-1","-1","ichnaea-web.netflix.com","100","-1","https://ae.nflximg.net/monet/scripts/netflix_tag_03.html?data=%7B%22membership_status%22%3A%22ANONYMOUS%22%2C%22country%22%3A%22US%22%2C%22fbaId%22%3A%2283f44161-3327-4109-802c-3aed61364262%22%2C%22is_member%22%3A%22anonymous%22%2C%22wasFormerMember%22%3Afalse%2C%22referrer%22%3A%22nmLanding%22%7D","16","4210","/log","-1","","","4679","4544","4641","4641","4679","38","4217","4679","460","39","40","1","0","http/1.1","medium","text/plain","","","","","",
"108.177.9.156","136","","","-1","-1","Document","3","4599","4847","0","1","","100","4701","https://adservice.google.com/ddm/fls/i/src=4968236;type=naanz-nm;cat=dcmna0;u1=US;ord=713283861542.5774;_dc_1=1;~oref=https://ae.nflximg.net/monet/scripts/netflix_tag_03.html%3Fdata%3D%257B%2522membership_status%2522%253A%2522ANONYMOUS%2522%252C%2522country%2522%253A%2522US%2522%252C%2522fbaId%2522%253A%252283f44161-3327-4109-802c-3aed61364262%2522%252C%2522is_member%2522%253A%2522anonymous%2522%252C%2522wasFormerMember%2522%253Afalse%252C%2522referrer%2522%253A%2522nmLanding%2522%257D","44","4701","200","146","","689","","599","","private, max-age=0","181105_TB_Q","4643","74","4643","100","","194","4849","58","GET","177","177","","0.38","-1","-1","adservice.google.com","100","-1","","17","4593","/ddm/fls/i/src=4968236;type=naanz-nm;cat=dcmna0;u1=US;ord=713283861542.5774;_dc_1=1;~oref=https://ae.nflximg.net/monet/scripts/netflix_tag_03.html%3Fdata%3D%257B%2522membership_status%2522%253A%2522ANONYMOUS%2522%252C%2522country%2522%253A%2522US%2522%252C%2522fbaId%2522%253A%252283f44161-3327-4109-802c-3aed61364262%2522%252C%2522is_member%2522%253A%2522anonymous%2522%252C%2522wasFormerMember%2522%253Afalse%252C%2522referrer%2522%253A%2522nmLanding%2522%257D","-1","","Google","4985","4849","4923","4923","4985","62","4599","4985","384","40","41","1","0","h2","high","text/html; charset=UTF-8","","gzip","Mon, 05 Nov 2018 01:01:56 GMT","","",
"108.177.9.156","138","","","-1","-1","Document","3","-1","-1","0","1","","100","-1","https://adservice.google.com/ddm/fls/i/src=4954221;type=gl-nmh;cat=dcmgl0;u1=US;dc_lat=;dc_rdid=;tag_for_child_directed_treatment=;ord=271839919830.96402;_dc_1=1;~oref=https://ae.nflximg.net/monet/scripts/netflix_tag_03.html%3Fdata%3D%257B%2522membership_status%2522%253A%2522ANONYMOUS%2522%252C%2522country%2522%253A%2522US%2522%252C%2522fbaId%2522%253A%252283f44161-3327-4109-802c-3aed61364262%2522%252C%2522is_member%2522%253A%2522anonymous%2522%252C%2522wasFormerMember%2522%253Afalse%252C%2522referrer%2522%253A%2522nmLanding%2522%257D","-1","-1","200","-1","","689","","501","","private, max-age=0","181105_TB_Q","-1","73","-1","100","","194","4853","-1","GET","177","177","","0.39","-1","-1","adservice.google.com","100","-1","","17","4673","/ddm/fls/i/src=4954221;type=gl-nmh;cat=dcmgl0;u1=US;dc_lat=;dc_rdid=;tag_for_child_directed_treatment=;ord=271839919830.96402;_dc_1=1;~oref=https://ae.nflximg.net/monet/scripts/netflix_tag_03.html%3Fdata%3D%257B%2522membership_status%2522%253A%2522ANONYMOUS%2522%252C%2522country%2522%253A%2522US%2522%252C%2522fbaId%2522%253A%252283f44161-3327-4109-802c-3aed61364262%2522%252C%2522is_member%2522%253A%2522anonymous%2522%252C%2522wasFormerMember%2522%253Afalse%252C%2522referrer%2522%253A%2522nmLanding%2522%257D","-1","","Google","4991","4853","4926","4926","4991","65","4853","4991","138","41","42","1","0","h2","high","text/html; charset=UTF-8","","gzip","Mon, 05 Nov 2018 01:01:56 GMT","","",
"35.166.68.183","143","","","-1","-1","XHR","3","-1","-1","","1","","-1","-1","https://www.netflix.com/ichnaea/cl2","-1","-1","200","-1","","971","7","5092","","","181105_TB_Q","-1","109","-1","-1","","0","5296","-1","POST","0","","160551","0.40","-1","-1","www.netflix.com","100","-1","https://codex.nflxext.com/%5E2.0.0/truthBundle/webui/0.0.1-shakti-js-mk-vc2328289/js/js/signup%7Chome%7CourStory%7Cbrowser%7CbrowserFrameworkClient.js/2/4_044v4t4e4I094a4B4Z070u014-4A4y0e4R4P4N4j4C4r4F4l4k19034V/l/true/none","1","5295","/ichnaea/cl2","-1","","","5439","5296","5405","5405","5439","34","5296","5439","143","42","43","1","0","http/1.1","medium","text/plain","","","","","",
"","461","","","-1","-1","Document","3","-1","-1","","1","","-1","-1","https://netflix.com/","-1","-1","301","-1","","711","","0","","no-cache, no-store","181105_TB_Q","-1","461","-1","-1","","0","0","-1","GET","0","","","0.2","-1","-1","netflix.com","-1","-1","","-1","0","/","-1","","","461","0","461","461","461","0","0","461","461","0","1","1","1","","","","","","","","",
"54.213.232.186","842","","","-1","-1","Document","3","-1","-1","0","1","","100","-1","https://www.netflix.com/","-1","-1","200","-1","","74794","","2192","","no-cache, no-store, must-revalidate","181105_TB_Q","-1","358","-1","-1","","295846","461","-1","GET","72913","72913","","0.2.1","-1","-1","www.netflix.com","100","-1","","1","461","/","-1","","","1303","461","819","819","1303","484","461","1303","842","1","2","1","1","http/1.1","high","text/html; charset=utf-8","1","gzip","0","","",
"54.213.232.186","159","","","-1","-1","Stylesheet","3","-1","-1","","1","","-1","-1","https://www.netflix.com/ichnaea/cl2/freeform/WebsiteDetect?source=wwwhead&fetchType=css&modalView=nmLanding","-1","-1","200","-1","","1156","1","1225","","no-cache, no-store, no-transform, max-age=0","181105_TB_Q","-1","112","-1","-1","","0","1305","-1","GET","0","","","0.5","-1","-1","www.netflix.com","100","-1","https://www.netflix.com/","1","1294","/ichnaea/cl2/freeform/WebsiteDetect?source=wwwhead&fetchType=css&modalView=nmLanding","-1","","","1464","1305","1417","1417","1464","47","1305","1464","159","2","3","1","1","http/1.1","high","text/plain","","","Sun, 04 Nov 2018 01:02:12 GMT","","",
"54.213.232.186","652","","","-1","-1","XHR","3","-1","-1","","1","","-1","-1","https://www.netflix.com/ichnaea/cl2/freeform/WebsiteDetect?source=wwwhead&fetchType=js&modalView=nmLanding","-1","-1","200","-1","","1155","1","1209","","no-cache, no-store, no-transform, max-age=0","181105_TB_Q","-1","104","-1","-1","","0","1477","-1","GET","0","","1452","0.11","-1","-1","www.netflix.com","100","-1","https://www.netflix.com/","1","1476","/ichnaea/cl2/freeform/WebsiteDetect?source=wwwhead&fetchType=js&modalView=nmLanding","-1","","","2129","1477","1581","1581","2129","548","1477","2129","652","3","4","1","1","http/1.1","medium","text/plain","","","Sun, 04 Nov 2018 01:02:12 GMT","","",
"54.213.232.186","461","","","-1","-1","XHR","3","1478","1668","","1","","-1","1574","https://www.netflix.com/ichnaea/cl2/freeform/WebsiteScreen?source=wwwhead&fetchType=js&winw=0&winh=0&screenw=375&screenh=603&ratio=2","12","1574","200","94","","1181","1","1235","","no-cache, no-store, no-transform, max-age=0","181105_TB_Q","1490","105","1491","-1","","0","1669","83","GET","0","","1817","0.12","-1","-1","www.netflix.com","100","-1","https://www.netflix.com/","2","1477","/ichnaea/cl2/freeform/WebsiteScreen?source=wwwhead&fetchType=js&winw=0&winh=0&screenw=375&screenh=603&ratio=2","-1","","","2130","1669","1774","1774","2130","356","1478","2130","650","4","5","1","1","http/1.1","medium","text/plain","","","Sun, 04 Nov 2018 01:02:13 GMT","","",
"54.213.232.186","232","","","-1","-1","XHR","3","-1","-1","","1","","-1","-1","https://www.netflix.com/ichnaea/log","-1","-1","200","-1","","970","3","2783","","","181105_TB_Q","-1","103","-1","-1","","0","2145","-1","POST","0","","26485","0.14","-1","-1","www.netflix.com","100","-1","https://codex.nflxext.com/%5E2.0.0/truthBundle/webui/0.0.1-shakti-js-mk-vc2328289/js/js/signup%7Chome%7CourStory%7Cbrowser%7CbrowserFrameworkClient.js/2/4_044v4t4e4I094a4B4Z070u014-4A4y0e4R4P4N4j4C4r4F4l4k19034V/l/true/none","1","2144","/ichnaea/log","-1","","","2377","2145","2248","2248","2377","129","2145","2377","232","5","6","1","1","http/1.1","medium","text/plain","","","","","",
"","581","","","-1","-1","XHR","3","-1","-1","","1","","-1","-1","https://www.netflix.com/ichnaea/log","-1","-1","200","-1","","896","64","0","","","181105_TB_Q","-1","581","-1","-1","","0","2177","-1","OPTIONS","0","","29","0.16","-1","-1","www.netflix.com","100","-1","https://ae.nflximg.net/monet/scripts/adtech_iframe_target_04.html?data=%7B%22membership_status%22%3A%22ANONYMOUS%22%2C%22country%22%3A%22US%22%2C%22fbaId%22%3A%2283f44161-3327-4109-802c-3aed61364262%22%2C%22is_member%22%3A%22anonymous%22%2C%22wasFormerMember%22%3Afalse%2C%22referrer%22%3A%22nmLanding%22%7D","-1","2177","/ichnaea/log","-1","","","2758","2177","2758","2758","2758","0","2177","2758","581","6","7","1","1","","","text/plain","","","","","",
"","559","","","-1","-1","XHR","3","-1","-1","","1","","-1","-1","https://ichnaea-web.netflix.com/log","-1","-1","200","-1","","822","6","0","","","181105_TB_Q","-1","559","-1","-1","","0","2355","-1","OPTIONS","0","","78055","0.21","-1","-1","ichnaea-web.netflix.com","100","-1","https://ae.nflximg.net/monet/scripts/netflix_tag_03.html?data=%7B%22membership_status%22%3A%22ANONYMOUS%22%2C%22country%22%3A%22US%22%2C%22fbaId%22%3A%2283f44161-3327-4109-802c-3aed61364262%22%2C%22is_member%22%3A%22anonymous%22%2C%22wasFormerMember%22%3Afalse%2C%22referrer%22%3A%22nmLanding%22%7D","-1","2355","/log","-1","","","2914","2355","2914","2914","2914","0","2355","2914","559","7","8","1","1","","","text/plain","","","","","",
"","436","","","-1","-1","Image","3","-1","-1","","1","","-1","-1","https://googleads.g.doubleclick.net/pagead/viewthroughconversion/983869946/?value=0&guid=ON&script=0","-1","-1","302","-1","","836","6","0","","no-cache, must-revalidate","181105_TB_Q","-1","436","-1","-1","","0","2356","-1","GET","42","","79409","0.22","-1","-1","googleads.g.doubleclick.net","-1","-1","https://ae.nflximg.net/monet/scripts/netflix_tag_03.html?data=%7B%22membership_status%22%3A%22ANONYMOUS%22%2C%22country%22%3A%22US%22%2C%22fbaId%22%3A%2283f44161-3327-4109-802c-3aed61364262%22%2C%22is_member%22%3A%22anonymous%22%2C%22wasFormerMember%22%3Afalse%2C%22referrer%22%3A%22nmLanding%22%7D","-1","2356","/pagead/viewthroughconversion/983869946/?value=0&guid=ON&script=0","-1","","","2792","2356","2792","2792","2792","0","2356","2792","436","8","9","1","1","","","image/gif","","","Fri, 01 Jan 1990 00:00:00 GMT","","",
"","425","","","-1","-1","Image","3","-1","-1","","1","","-1","-1","https://googleads.g.doubleclick.net/pagead/viewthroughconversion/991179584/?value=0&guid=ON&script=0","-1","-1","302","-1","","836","6","0","","no-cache, must-revalidate","181105_TB_Q","-1","425","-1","-1","","0","2358","-1","GET","42","","79409","0.24","-1","-1","googleads.g.doubleclick.net","-1","-1","https://ae.nflximg.net/monet/scripts/netflix_tag_03.html?data=%7B%22membership_status%22%3A%22ANONYMOUS%22%2C%22country%22%3A%22US%22%2C%22fbaId%22%3A%2283f44161-3327-4109-802c-3aed61364262%22%2C%22is_member%22%3A%22anonymous%22%2C%22wasFormerMember%22%3Afalse%2C%22referrer%22%3A%22nmLanding%22%7D","-1","2358","/pagead/viewthroughconversion/991179584/?value=0&guid=ON&script=0","-1","","","2783","2358","2783","2783","2783","0","2358","2783","425","9","10","1","1","","","image/gif","","","Fri, 01 Jan 1990 00:00:00 GMT","","",
"54.213.232.186","254","","","-1","-1","Image","3","-1","-1","","1","","-1","-1","https://www.netflix.com/ichnaea/cl2/freeform/DebugEvent?source=www&action=jsSimplicityPrefetch&statusCode=200&startTime=1541379733521&endTime=1541379733653","-1","-1","200","-1","","1204","26","1390","","no-cache, no-store, no-transform, max-age=0","181105_TB_Q","-1","137","-1","-1","","0","2387","-1","GET","0","","28","0.26","-1","-1","www.netflix.com","100","-1","https://www.netflix.com/","1","2369","/ichnaea/cl2/freeform/DebugEvent?source=www&action=jsSimplicityPrefetch&statusCode=200&startTime=1541379733521&endTime=1541379733653","-1","","","2641","2387","2524","2524","2641","117","2387","2641","254","10","11","1","1","http/1.1","low","text/plain","","","Sun, 04 Nov 2018 01:02:13 GMT","","",
"54.213.232.186","934","","","-1","-1","Image","3","-1","-1","","1","","-1","-1","https://www.netflix.com/ichnaea/cl2/freeform/DebugEvent?source=www&action=cssSimplicityPrefetch&statusCode=200&startTime=1541379733523&endTime=1541379733672","-1","-1","200","-1","","1206","75","1391","","no-cache, no-store, no-transform, max-age=0","181105_TB_Q","-1","899","-1","-1","","0","2406","-1","GET","0","","28","0.27","-1","-1","www.netflix.com","100","-1","https://www.netflix.com/","2","2387","/ichnaea/cl2/freeform/DebugEvent?source=www&action=cssSimplicityPrefetch&statusCode=200&startTime=1541379733523&endTime=1541379733672","-1","","","3340","2406","3305","3305","3340","35","2406","3340","934","11","12","1","1","http/1.1","low","text/plain","","","Sun, 04 Nov 2018 01:02:14 GMT","","",
"157.240.18.35","185","44","","-1","100","Image","3","2366","2516","","1","","-1","2411","https://www.facebook.com/tr?id=829253787145710&ev=NM_landing&cd[value]=9.99&cd[currency]=USD","2","2411","200","105","0","418","6","475","","no-cache, must-revalidate, max-age=0","181105_TB_Q","2368","47","2369","100","","44","2530","42","GET","44","","79409","0.25","-1","-1","www.facebook.com","100","-1","https://ae.nflximg.net/monet/scripts/netflix_tag_03.html?data=%7B%22membership_status%22%3A%22ANONYMOUS%22%2C%22country%22%3A%22US%22%2C%22fbaId%22%3A%2283f44161-3327-4109-802c-3aed61364262%22%2C%22is_member%22%3A%22anonymous%22%2C%22wasFormerMember%22%3Afalse%2C%22referrer%22%3A%22nmLanding%22%7D","3","2358","/tr?id=829253787145710&ev=NM_landing&cd[value]=9.99&cd[currency]=USD","-1","","Facebook","2715","2530","2577","2577","2715","138","2366","2715","334","12","13","1","1","h2","low","image/gif","","","Mon, 05 Nov 2018 01:02:13 GMT","","",
"54.213.232.186","153","","","-1","-1","XHR","3","-1","-1","","1","","-1","-1","https://www.netflix.com/ichnaea/log","-1","-1","200","-1","","969","94","1729","","","181105_TB_Q","-1","122","-1","-1","","0","2759","-1","POST","0","","","0.34","-1","-1","www.netflix.com","100","-1","https://ae.nflximg.net/monet/scripts/adtech_iframe_target_04.html?data=%7B%22membership_status%22%3A%22ANONYMOUS%22%2C%22country%22%3A%22US%22%2C%22fbaId%22%3A%2283f44161-3327-4109-802c-3aed61364262%22%2C%22is_member%22%3A%22anonymous%22%2C%22wasFormerMember%22%3Afalse%2C%22referrer%22%3A%22nmLanding%22%7D","1","2758","/ichnaea/log","-1","","","2912","2759","2881","2881","2912","31","2759","2912","153","13","14","1","1","http/1.1","medium","text/plain","","","","","",
"108.177.112.147","259","42","","-1","100","","3","-1","-1","","1","","-1","-1","https://www.google.com/pagead/1p-user-list/991179584/?value=0&guid=ON&script=0&crd=CITQGw&cdct=2&is_vtc=1&random=1322708913","-1","-1","200","-1","0","481","13","533","","no-cache, no-store, must-revalidate","181105_TB_Q","-1","258","-1","100","","84","2782","-1","GET","42","","","0.24.1","-1","-1","www.google.com","100","-1","https://ae.nflximg.net/monet/scripts/netflix_tag_03.html?data=%7B%22membership_status%22%3A%22ANONYMOUS%22%2C%22country%22%3A%22US%22%2C%22fbaId%22%3A%2283f44161-3327-4109-802c-3aed61364262%22%2C%22is_member%22%3A%22anonymous%22%2C%22wasFormerMember%22%3Afalse%2C%22referrer%22%3A%22nmLanding%22%7D","7","2782","/pagead/1p-user-list/991179584/?value=0&guid=ON&script=0&crd=CITQGw&cdct=2&is_vtc=1&random=1322708913","-1","","Google","3041","2782","3040","3040","3041","1","2782","3041","259","14","15","1","1","h2","low","image/gif","","","Fri, 01 Jan 1990 00:00:00 GMT","","",
"108.177.112.147","251","42","","-1","100","","3","-1","-1","","1","","-1","-1","https://www.google.com/pagead/1p-user-list/983869946/?value=0&guid=ON&script=0&crd=CITQGw&cdct=2&is_vtc=1&random=3885277914","-1","-1","200","-1","0","481","13","541","","no-cache, no-store, must-revalidate","181105_TB_Q","-1","249","-1","100","","84","2792","-1","GET","42","","","0.22.1","-1","-1","www.google.com","100","-1","https://ae.nflximg.net/monet/scripts/netflix_tag_03.html?data=%7B%22membership_status%22%3A%22ANONYMOUS%22%2C%22country%22%3A%22US%22%2C%22fbaId%22%3A%2283f44161-3327-4109-802c-3aed61364262%22%2C%22is_member%22%3A%22anonymous%22%2C%22wasFormerMember%22%3Afalse%2C%22referrer%22%3A%22nmLanding%22%7D","7","2792","/pagead/1p-user-list/983869946/?value=0&guid=ON&script=0&crd=CITQGw&cdct=2&is_vtc=1&random=3885277914","-1","","Google","3043","2792","3041","3041","3043","2","2792","3043","251","15","16","1","1","h2","low","image/gif","","","Fri, 01 Jan 1990 00:00:00 GMT","","",
"64.233.180.155","115","","","-1","-1","Script","3","-1","-1","0","1","","100","-1","https://www.googleadservices.com/pagead/conversion/955040534/?random=1541379733927&cv=9&fst=1541379733749&num=2&label=Qa7nCPzN0V8QloazxwM&bg=ffffff&hl=en&guid=ON&resp=GooglemKTybQhCsO&eid=659255991&u_h=667&u_w=375&u_ah=667&u_aw=375&u_cd=32&u_his=1&u_tz=-300&u_java=false&u_nplug=0&u_nmime=0&sendb=1&frm=2&url=https%3A%2F%2Fae.nflximg.net%2Fmonet%2Fscripts%2Fnetflix_tag_03.html%3Fdata%3D%257B%2522membership_status%2522%253A%2522ANONYMOUS%2522%252C%2522country%2522%253A%2522US%2522%252C%2522fbaId%2522%253A%252283f44161-3327-4109-802c-3aed61364262%2522%252C%2522is_member%2522%253A%2522anonymous%2522%252C%2522wasFormerMember%2522%253Afalse%252C%2522referrer%2522%253A%2522nmLanding%2522%257D&ref=https%3A%2F%2Fae.nflximg.net%2Fmonet%2Fscripts%2Fadtech_iframe_target_04.html%3Fdata%3D%257B%2522membership_status%2522%253A%2522ANONYMOUS%2522%252C%2522country%2522%253A%2522US%2522%252C%2522fbaId%2522%253A%252283f44161-3327-4109-802c-3aed61364262%2522%252C%2522is_member%2522%253A%2522anonymous%2522%252C%2522wasFormerMember%2522%253Afalse%252C%2522referrer%2522%253A%2522nmLanding%2522%257D&rfmt=3&fmt=4","-1","-1","200","-1","","1774","17","790","","no-cache, must-revalidate","181105_TB_Q","-1","79","-1","100","","2319","2852","-1","GET","1183","1183","919","0.33","-1","-1","www.googleadservices.com","100","-1","https://www.googleadservices.com/pagead/conversion.js","4","2709","/pagead/conversion/955040534/?random=1541379733927&cv=9&fst=1541379733749&num=2&label=Qa7nCPzN0V8QloazxwM&bg=ffffff&hl=en&guid=ON&resp=GooglemKTybQhCsO&eid=659255991&u_h=667&u_w=375&u_ah=667&u_aw=375&u_cd=32&u_his=1&u_tz=-300&u_java=false&u_nplug=0&u_nmime=0&sendb=1&frm=2&url=https%3A%2F%2Fae.nflximg.net%2Fmonet%2Fscripts%2Fnetflix_tag_03.html%3Fdata%3D%257B%2522membership_status%2522%253A%2522ANONYMOUS%2522%252C%2522country%2522%253A%2522US%2522%252C%2522fbaId%2522%253A%252283f44161-3327-4109-802c-3aed61364262%2522%252C%2522is_member%2522%253A%2522anonymous%2522%252C%2522wasFormerMember%2522%253Afalse%252C%2522referrer%2522%253A%2522nmLanding%2522%257D&ref=https%3A%2F%2Fae.nflximg.net%2Fmonet%2Fscripts%2Fadtech_iframe_target_04.html%3Fdata%3D%257B%2522membership_status%2522%253A%2522ANONYMOUS%2522%252C%2522country%2522%253A%2522US%2522%252C%2522fbaId%2522%253A%252283f44161-3327-4109-802c-3aed61364262%2522%252C%2522is_member%2522%253A%2522anonymous%2522%252C%2522wasFormerMember%2522%253Afalse%252C%2522referrer%2522%253A%2522nmLanding%2522%257D&rfmt=3&fmt=4","-1","","Google","2967","2852","2931","2931","2967","36","2852","2967","115","16","17","1","1","h2","high","text/javascript; charset=UTF-8","","gzip","Fri, 01 Jan 1990 00:00:00 GMT","","",
"64.233.180.155","111","","","-1","-1","Script","3","2564","2854","0","1","","100","2665","https://www.googleadservices.com/pagead/conversion/981179826/?random=1541379733749&cv=9&fst=1541379733749&num=1&label=40zWCLqP1XUQsrvu0wM&bg=ffffff&hl=en&guid=ON&resp=GooglemKTybQhCsO&eid=659255991&u_h=667&u_w=375&u_ah=667&u_aw=375&u_cd=32&u_his=1&u_tz=-300&u_java=false&u_nplug=0&u_nmime=0&sendb=1&frm=2&url=https%3A%2F%2Fae.nflximg.net%2Fmonet%2Fscripts%2Fnetflix_tag_03.html%3Fdata%3D%257B%2522membership_status%2522%253A%2522ANONYMOUS%2522%252C%2522country%2522%253A%2522US%2522%252C%2522fbaId%2522%253A%252283f44161-3327-4109-802c-3aed61364262%2522%252C%2522is_member%2522%253A%2522anonymous%2522%252C%2522wasFormerMember%2522%253Afalse%252C%2522referrer%2522%253A%2522nmLanding%2522%257D&ref=https%3A%2F%2Fae.nflximg.net%2Fmonet%2Fscripts%2Fadtech_iframe_target_04.html%3Fdata%3D%257B%2522membership_status%2522%253A%2522ANONYMOUS%2522%252C%2522country%2522%253A%2522US%2522%252C%2522fbaId%2522%253A%252283f44161-3327-4109-802c-3aed61364262%2522%252C%2522is_member%2522%253A%2522anonymous%2522%252C%2522wasFormerMember%2522%253Afalse%252C%2522referrer%2522%253A%2522nmLanding%2522%257D&rfmt=3&fmt=4","35","2665","200","189","","1778","17","1131","","no-cache, must-revalidate","181105_TB_Q","2599","78","2602","100","","2320","2855","63","GET","1187","1187","919","0.28","-1","-1","www.googleadservices.com","100","-1","https://www.googleadservices.com/pagead/conversion.js","4","2559","/pagead/conversion/981179826/?random=1541379733749&cv=9&fst=1541379733749&num=1&label=40zWCLqP1XUQsrvu0wM&bg=ffffff&hl=en&guid=ON&resp=GooglemKTybQhCsO&eid=659255991&u_h=667&u_w=375&u_ah=667&u_aw=375&u_cd=32&u_his=1&u_tz=-300&u_java=false&u_nplug=0&u_nmime=0&sendb=1&frm=2&url=https%3A%2F%2Fae.nflximg.net%2Fmonet%2Fscripts%2Fnetflix_tag_03.html%3Fdata%3D%257B%2522membership_status%2522%253A%2522ANONYMOUS%2522%252C%2522country%2522%253A%2522US%2522%252C%2522fbaId%2522%253A%252283f44161-3327-4109-802c-3aed61364262%2522%252C%2522is_member%2522%253A%2522anonymous%2522%252C%2522wasFormerMember%2522%253Afalse%252C%2522referrer%2522%253A%2522nmLanding%2522%257D&ref=https%3A%2F%2Fae.nflximg.net%2Fmonet%2Fscripts%2Fadtech_iframe_target_04.html%3Fdata%3D%257B%2522membership_status%2522%253A%2522ANONYMOUS%2522%252C%2522country%2522%253A%2522US%2522%252C%2522fbaId%2522%253A%252283f44161-3327-4109-802c-3aed61364262%2522%252C%2522is_member%2522%253A%2522anonymous%2522%252C%2522wasFormerMember%2522%253Afalse%252C%2522referrer%2522%253A%2522nmLanding%2522%257D&rfmt=3&fmt=4","-1","","Google","2966","2855","2933","2933","2966","33","2564","2966","398","17","18","1","1","h2","high","text/javascript; charset=UTF-8","","gzip","Fri, 01 Jan 1990 00:00:00 GMT","","",
"108.177.103.149","120","","","-1","-1","Document","3","2572","2856","0","1","","100","2669","https://4968236.fls.doubleclick.net/activityi;src=4968236;type=naanz-nm;cat=dcmna0;u1=US;ord=295445539527.1194?","31","2669","200","187","","1166","13","461","","no-cache, must-revalidate","181105_TB_Q","2603","67","2607","100","","766","2857","62","GET","495","495","15","0.29","-1","-1","4968236.fls.doubleclick.net","100","-1","https://ae.nflximg.net/monet/scripts/netflix_tag_03.html?data=%7B%22membership_status%22%3A%22ANONYMOUS%22%2C%22country%22%3A%22US%22%2C%22fbaId%22%3A%2283f44161-3327-4109-802c-3aed61364262%22%2C%22is_member%22%3A%22anonymous%22%2C%22wasFormerMember%22%3Afalse%2C%22referrer%22%3A%22nmLanding%22%7D","5","2570","/activityi;src=4968236;type=naanz-nm;cat=dcmna0;u1=US;ord=295445539527.1194","-1","","Google","2977","2857","2924","2924","2977","53","2572","2977","400","18","19","1","1","h2","high","text/html; charset=UTF-8","","gzip","Fri, 01 Jan 1990 00:00:00 GMT","","",
"108.177.103.149","152","","","-1","-1","Document","3","2619","2858","0","1","","100","2672","https://4954221.fls.doubleclick.net/activityi;src=4954221;type=gl-nmh;cat=dcmgl0;u1=US;dc_lat=;dc_rdid=;tag_for_child_directed_treatment=;ord=1728237130609.9565?","2","2672","200","186","","1195","12","495","","no-cache, must-revalidate","181105_TB_Q","2621","85","2622","100","","816","2859","50","GET","524","524","15","0.30","-1","-1","4954221.fls.doubleclick.net","100","-1","https://ae.nflximg.net/monet/scripts/netflix_tag_03.html?data=%7B%22membership_status%22%3A%22ANONYMOUS%22%2C%22country%22%3A%22US%22%2C%22fbaId%22%3A%2283f44161-3327-4109-802c-3aed61364262%22%2C%22is_member%22%3A%22anonymous%22%2C%22wasFormerMember%22%3Afalse%2C%22referrer%22%3A%22nmLanding%22%7D","6","2616","/activityi;src=4954221;type=gl-nmh;cat=dcmgl0;u1=US;dc_lat=;dc_rdid=;tag_for_child_directed_treatment=;ord=1728237130609.9565","-1","","Google","3011","2859","2944","2944","3011","67","2619","3011","390","19","20","1","1","h2","high","text/html; charset=UTF-8","","gzip","Fri, 01 Jan 1990 00:00:00 GMT","","",
"","82","","","-1","-1","Image","3","-1","-1","","1","","-1","-1","https://googleads.g.doubleclick.net/pagead/viewthroughconversion/981179826/?random=1713357815&cv=9&fst=*&num=1&label=40zWCLqP1XUQsrvu0wM&bg=ffffff&hl=en&guid=ON&resp=GooglemKTybQhCsO&eid=659255991&u_h=667&u_w=375&u_ah=667&u_aw=375&u_cd=32&u_his=1&u_tz=-300&u_java=false&u_nplug=0&u_nmime=0&sendb=1&frm=2&url=https://ae.nflximg.net/monet/scripts/netflix_tag_03.html%3Fdata%3D%257B%2522membership_status%2522%253A%2522ANONYMOUS%2522%252C%2522country%2522%253A%2522US%2522%252C%2522fbaId%2522%253A%252283f44161-3327-4109-802c-3aed61364262%2522%252C%2522is_member%2522%253A%2522anonymous%2522%252C%2522wasFormerMember%2522%253Afalse%252C%2522referrer%2522%253A%2522nmLanding%2522%257D&ref=https://ae.nflximg.net/monet/scripts/adtech_iframe_target_04.html%3Fdata%3D%257B%2522membership_status%2522%253A%2522ANONYMOUS%2522%252C%2522country%2522%253A%2522US%2522%252C%2522fbaId%2522%253A%252283f44161-3327-4109-802c-3aed61364262%2522%252C%2522is_member%2522%253A%2522anonymous%2522%252C%2522wasFormerMember%2522%253Afalse%252C%2522referrer%2522%253A%2522nmLanding%2522%257D&fmt=3&ctc_id=CAIVAgAAAB0CAAAA&ct_cookie_present=false&ocp_id=lpbfW_jIDMLMpgPt7q-oAw&crd=CKrPGwiC0Bs&gtd=","-1","-1","302","-1","","1919","1","0","","no-cache, must-revalidate","181105_TB_Q","-1","82","-1","-1","","0","2974","-1","GET","42","","649","0.36","-1","-1","googleads.g.doubleclick.net","-1","-1","https://www.googleadservices.com/pagead/conversion/981179826/?random=1541379733749&cv=9&fst=1541379733749&num=1&label=40zWCLqP1XUQsrvu0wM&bg=ffffff&hl=en&guid=ON&resp=GooglemKTybQhCsO&eid=659255991&u_h=667&u_w=375&u_ah=667&u_aw=375&u_cd=32&u_his=1&u_tz=-300&u_java=false&u_nplug=0&u_nmime=0&sendb=1&frm=2&url=https%3A%2F%2Fae.nflximg.net%2Fmonet%2Fscripts%2Fnetflix_tag_03.html%3Fdata%3D%257B%2522membership_status%2522%253A%2522ANONYMOUS%2522%252C%2522country%2522%253A%2522US%2522%252C%2522fbaId%2522%253A%252283f44161-3327-4109-802c-3aed61364262%2522%252C%2522is_member%2522%253A%2522anonymous%2522%252C%2522wasFormerMember%2522%253Afalse%252C%2522referrer%2522%253A%2522nmLanding%2522%257D&ref=https%3A%2F%2Fae.nflximg.net%2Fmonet%2Fscripts%2Fadtech_iframe_target_04.html%3Fdata%3D%257B%2522membership_status%2522%253A%2522ANONYMOUS%2522%252C%2522country%2522%253A%2522US%2522%252C%2522fbaId%2522%253A%252283f44161-3327-4109-802c-3aed61364262%2522%252C%2522is_member%2522%253A%2522anonymous%2522%252C%2522wasFormerMember%2522%253Afalse%252C%2522referrer%2522%253A%2522nmLanding%2522%257D&rfmt=3&fmt=4","-1","2974","/pagead/viewthroughconversion/981179826/?random=1713357815&cv=9&fst=*&num=1&label=40zWCLqP1XUQsrvu0wM&bg=ffffff&hl=en&guid=ON&resp=GooglemKTybQhCsO&eid=659255991&u_h=667&u_w=375&u_ah=667&u_aw=375&u_cd=32&u_his=1&u_tz=-300&u_java=false&u_nplug=0&u_nmime=0&sendb=1&frm=2&url=https://ae.nflximg.net/monet/scripts/netflix_tag_03.html%3Fdata%3D%257B%2522membership_status%2522%253A%2522ANONYMOUS%2522%252C%2522country%2522%253A%2522US%2522%252C%2522fbaId%2522%253A%252283f44161-3327-4109-802c-3aed61364262%2522%252C%2522is_member%2522%253A%2522anonymous%2522%252C%2522wasFormerMember%2522%253Afalse%252C%2522referrer%2522%253A%2522nmLanding%2522%257D&ref=https://ae.nflximg.net/monet/scripts/adtech_iframe_target_04.html%3Fdata%3D%257B%2522membership_status%2522%253A%2522ANONYMOUS%2522%252C%2522country%2522%253A%2522US%2522%252C%2522fbaId%2522%253A%252283f44161-3327-4109-802c-3aed61364262%2522%252C%2522is_member%2522%253A%2522anonymous%2522%252C%2522wasFormerMember%2522%253Afalse%252C%2522referrer%2522%253A%2522nmLanding%2522%257D&fmt=3&ctc_id=CAIVAgAAAB0CAAAA&ct_cookie_present=false&ocp_id=lpbfW_jIDMLMpgPt7q-oAw&crd=CKrPGwiC0Bs&gtd=","-1","","","3056","2974","3056","3056","3056","0","2974","3056","82","20","21","1","1","","","image/gif","","","Fri, 01 Jan 1990 00:00:00 GMT","","",
"","87","","","-1","-1","Image","3","-1","-1","","1","","-1","-1","https://googleads.g.doubleclick.net/pagead/viewthroughconversion/955040534/?random=128812377&cv=9&fst=*&num=2&label=Qa7nCPzN0V8QloazxwM&bg=ffffff&hl=en&guid=ON&resp=GooglemKTybQhCsO&eid=659255991&u_h=667&u_w=375&u_ah=667&u_aw=375&u_cd=32&u_his=1&u_tz=-300&u_java=false&u_nplug=0&u_nmime=0&sendb=1&frm=2&url=https://ae.nflximg.net/monet/scripts/netflix_tag_03.html%3Fdata%3D%257B%2522membership_status%2522%253A%2522ANONYMOUS%2522%252C%2522country%2522%253A%2522US%2522%252C%2522fbaId%2522%253A%252283f44161-3327-4109-802c-3aed61364262%2522%252C%2522is_member%2522%253A%2522anonymous%2522%252C%2522wasFormerMember%2522%253Afalse%252C%2522referrer%2522%253A%2522nmLanding%2522%257D&ref=https://ae.nflximg.net/monet/scripts/adtech_iframe_target_04.html%3Fdata%3D%257B%2522membership_status%2522%253A%2522ANONYMOUS%2522%252C%2522country%2522%253A%2522US%2522%252C%2522fbaId%2522%253A%252283f44161-3327-4109-802c-3aed61364262%2522%252C%2522is_member%2522%253A%2522anonymous%2522%252C%2522wasFormerMember%2522%253Afalse%252C%2522referrer%2522%253A%2522nmLanding%2522%257D&fmt=3&ctc_id=CAIVAgAAAB0CAAAA&ct_cookie_present=false&ocp_id=lpbfW4zJDIjPpgPo8ZaoCw&crd=CKrPGwiC0Bs&gtd=","-1","-1","302","-1","","1918","1","0","","no-cache, must-revalidate","181105_TB_Q","-1","87","-1","-1","","0","2976","-1","GET","42","","649","0.37","-1","-1","googleads.g.doubleclick.net","-1","-1","https://www.googleadservices.com/pagead/conversion/955040534/?random=1541379733927&cv=9&fst=1541379733749&num=2&label=Qa7nCPzN0V8QloazxwM&bg=ffffff&hl=en&guid=ON&resp=GooglemKTybQhCsO&eid=659255991&u_h=667&u_w=375&u_ah=667&u_aw=375&u_cd=32&u_his=1&u_tz=-300&u_java=false&u_nplug=0&u_nmime=0&sendb=1&frm=2&url=https%3A%2F%2Fae.nflximg.net%2Fmonet%2Fscripts%2Fnetflix_tag_03.html%3Fdata%3D%257B%2522membership_status%2522%253A%2522ANONYMOUS%2522%252C%2522country%2522%253A%2522US%2522%252C%2522fbaId%2522%253A%252283f44161-3327-4109-802c-3aed61364262%2522%252C%2522is_member%2522%253A%2522anonymous%2522%252C%2522wasFormerMember%2522%253Afalse%252C%2522referrer%2522%253A%2522nmLanding%2522%257D&ref=https%3A%2F%2Fae.nflximg.net%2Fmonet%2Fscripts%2Fadtech_iframe_target_04.html%3Fdata%3D%257B%2522membership_status%2522%253A%2522ANONYMOUS%2522%252C%2522country%2522%253A%2522US%2522%252C%2522fbaId%2522%253A%252283f44161-3327-4109-802c-3aed61364262%2522%252C%2522is_member%2522%253A%2522anonymous%2522%252C%2522wasFormerMember%2522%253Afalse%252C%2522referrer%2522%253A%2522nmLanding%2522%257D&rfmt=3&fmt=4","-1","2976","/pagead/viewthroughconversion/955040534/?random=128812377&cv=9&fst=*&num=2&label=Qa7nCPzN0V8QloazxwM&bg=ffffff&hl=en&guid=ON&resp=GooglemKTybQhCsO&eid=659255991&u_h=667&u_w=375&u_ah=667&u_aw=375&u_cd=32&u_his=1&u_tz=-300&u_java=false&u_nplug=0&u_nmime=0&sendb=1&frm=2&url=https://ae.nflximg.net/monet/scripts/netflix_tag_03.html%3Fdata%3D%257B%2522membership_status%2522%253A%2522ANONYMOUS%2522%252C%2522country%2522%253A%2522US%2522%252C%2522fbaId%2522%253A%252283f44161-3327-4109-802c-3aed61364262%2522%252C%2522is_member%2522%253A%2522anonymous%2522%252C%2522wasFormerMember%2522%253Afalse%252C%2522referrer%2522%253A%2522nmLanding%2522%257D&ref=https://ae.nflximg.net/monet/scripts/adtech_iframe_target_04.html%3Fdata%3D%257B%2522membership_status%2522%253A%2522ANONYMOUS%2522%252C%2522country%2522%253A%2522US%2522%252C%2522fbaId%2522%253A%252283f44161-3327-4109-802c-3aed61364262%2522%252C%2522is_member%2522%253A%2522anonymous%2522%252C%2522wasFormerMember%2522%253Afalse%252C%2522referrer%2522%253A%2522nmLanding%2522%257D&fmt=3&ctc_id=CAIVAgAAAB0CAAAA&ct_cookie_present=false&ocp_id=lpbfW4zJDIjPpgPo8ZaoCw&crd=CKrPGwiC0Bs&gtd=","-1","","","3063","2976","3063","3063","3063","0","2976","3063","87","21","22","1","1","","","image/gif","","","Fri, 01 Jan 1990 00:00:00 GMT","","",
"108.177.112.147","53","42","","-1","100","","3","-1","-1","","1","","-1","-1","https://www.google.com/pagead/1p-conversion/981179826/?random=1713357815&cv=9&fst=*&num=1&label=40zWCLqP1XUQsrvu0wM&bg=ffffff&hl=en&guid=ON&resp=GooglemKTybQhCsO&eid=659255991&u_h=667&u_w=375&u_ah=667&u_aw=375&u_cd=32&u_his=1&u_tz=-300&u_java=false&u_nplug=0&u_nmime=0&sendb=1&frm=2&url=https://ae.nflximg.net/monet/scripts/netflix_tag_03.html%3Fdata%3D%257B%2522membership_status%2522%253A%2522ANONYMOUS%2522%252C%2522country%2522%253A%2522US%2522%252C%2522fbaId%2522%253A%252283f44161-3327-4109-802c-3aed61364262%2522%252C%2522is_member%2522%253A%2522anonymous%2522%252C%2522wasFormerMember%2522%253Afalse%252C%2522referrer%2522%253A%2522nmLanding%2522%257D&ref=https://ae.nflximg.net/monet/scripts/adtech_iframe_target_04.html%3Fdata%3D%257B%2522membership_status%2522%253A%2522ANONYMOUS%2522%252C%2522country%2522%253A%2522US%2522%252C%2522fbaId%2522%253A%252283f44161-3327-4109-802c-3aed61364262%2522%252C%2522is_member%2522%253A%2522anonymous%2522%252C%2522wasFormerMember%2522%253Afalse%252C%2522referrer%2522%253A%2522nmLanding%2522%257D&fmt=3&ctc_id=CAIVAgAAAB0CAAAA&ct_cookie_present=false&crd=CKrPGwiC0Bs&gtd=&cdct=2&is_vtc=1&ocp_id=lpbfW_jIDMLMpgPt7q-oAw&random=2583687115&resp=GooglemKTybQhCsO","-1","-1","200","-1","0","481","13","1714","","no-cache, no-store, must-revalidate","181105_TB_Q","-1","52","-1","100","","84","3055","-1","GET","42","","","0.36.1","-1","-1","www.google.com","100","-1","https://ae.nflximg.net/monet/scripts/netflix_tag_03.html?data=%7B%22membership_status%22%3A%22ANONYMOUS%22%2C%22country%22%3A%22US%22%2C%22fbaId%22%3A%2283f44161-3327-4109-802c-3aed61364262%22%2C%22is_member%22%3A%22anonymous%22%2C%22wasFormerMember%22%3Afalse%2C%22referrer%22%3A%22nmLanding%22%7D","7","3055","/pagead/1p-conversion/981179826/?random=1713357815&cv=9&fst=*&num=1&label=40zWCLqP1XUQsrvu0wM&bg=ffffff&hl=en&guid=ON&resp=GooglemKTybQhCsO&eid=659255991&u_h=667&u_w=375&u_ah=667&u_aw=375&u_cd=32&u_his=1&u_tz=-300&u_java=false&u_nplug=0&u_nmime=0&sendb=1&frm=2&url=https://ae.nflximg.net/monet/scripts/netflix_tag_03.html%3Fdata%3D%257B%2522membership_status%2522%253A%2522ANONYMOUS%2522%252C%2522country%2522%253A%2522US%2522%252C%2522fbaId%2522%253A%252283f44161-3327-4109-802c-3aed61364262%2522%252C%2522is_member%2522%253A%2522anonymous%2522%252C%2522wasFormerMember%2522%253Afalse%252C%2522referrer%2522%253A%2522nmLanding%2522%257D&ref=https://ae.nflximg.net/monet/scripts/adtech_iframe_target_04.html%3Fdata%3D%257B%2522membership_status%2522%253A%2522ANONYMOUS%2522%252C%2522country%2522%253A%2522US%2522%252C%2522fbaId%2522%253A%252283f44161-3327-4109-802c-3aed61364262%2522%252C%2522is_member%2522%253A%2522anonymous%2522%252C%2522wasFormerMember%2522%253Afalse%252C%2522referrer%2522%253A%2522nmLanding%2522%257D&fmt=3&ctc_id=CAIVAgAAAB0CAAAA&ct_cookie_present=false&crd=CKrPGwiC0Bs&gtd=&cdct=2&is_vtc=1&ocp_id=lpbfW_jIDMLMpgPt7q-oAw&random=2583687115&resp=GooglemKTybQhCsO","-1","","Google","3108","3055","3107","3107","3108","1","3055","3108","53","22","23","1","1","h2","low","image/gif","","","Fri, 01 Jan 1990 00:00:00 GMT","","",
"108.177.112.147","62","42","","-1","100","","3","-1","-1","","1","","-1","-1","https://www.google.com/pagead/1p-conversion/955040534/?random=128812377&cv=9&fst=*&num=2&label=Qa7nCPzN0V8QloazxwM&bg=ffffff&hl=en&guid=ON&resp=GooglemKTybQhCsO&eid=659255991&u_h=667&u_w=375&u_ah=667&u_aw=375&u_cd=32&u_his=1&u_tz=-300&u_java=false&u_nplug=0&u_nmime=0&sendb=1&frm=2&url=https://ae.nflximg.net/monet/scripts/netflix_tag_03.html%3Fdata%3D%257B%2522membership_status%2522%253A%2522ANONYMOUS%2522%252C%2522country%2522%253A%2522US%2522%252C%2522fbaId%2522%253A%252283f44161-3327-4109-802c-3aed61364262%2522%252C%2522is_member%2522%253A%2522anonymous%2522%252C%2522wasFormerMember%2522%253Afalse%252C%2522referrer%2522%253A%2522nmLanding%2522%257D&ref=https://ae.nflximg.net/monet/scripts/adtech_iframe_target_04.html%3Fdata%3D%257B%2522membership_status%2522%253A%2522ANONYMOUS%2522%252C%2522country%2522%253A%2522US%2522%252C%2522fbaId%2522%253A%252283f44161-3327-4109-802c-3aed61364262%2522%252C%2522is_member%2522%253A%2522anonymous%2522%252C%2522wasFormerMember%2522%253Afalse%252C%2522referrer%2522%253A%2522nmLanding%2522%257D&fmt=3&ctc_id=CAIVAgAAAB0CAAAA&ct_cookie_present=false&crd=CKrPGwiC0Bs&gtd=&cdct=2&is_vtc=1&ocp_id=lpbfW4zJDIjPpgPo8ZaoCw&random=4281050656&resp=GooglemKTybQhCsO","-1","-1","200","-1","0","481","13","1712","","no-cache, no-store, must-revalidate","181105_TB_Q","-1","61","-1","100","","84","3063","-1","GET","42","","","0.37.1","-1","-1","www.google.com","100","-1","https://ae.nflximg.net/monet/scripts/netflix_tag_03.html?data=%7B%22membership_status%22%3A%22ANONYMOUS%22%2C%22country%22%3A%22US%22%2C%22fbaId%22%3A%2283f44161-3327-4109-802c-3aed61364262%22%2C%22is_member%22%3A%22anonymous%22%2C%22wasFormerMember%22%3Afalse%2C%22referrer%22%3A%22nmLanding%22%7D","7","3063","/pagead/1p-conversion/955040534/?random=128812377&cv=9&fst=*&num=2&label=Qa7nCPzN0V8QloazxwM&bg=ffffff&hl=en&guid=ON&resp=GooglemKTybQhCsO&eid=659255991&u_h=667&u_w=375&u_ah=667&u_aw=375&u_cd=32&u_his=1&u_tz=-300&u_java=false&u_nplug=0&u_nmime=0&sendb=1&frm=2&url=https://ae.nflximg.net/monet/scripts/netflix_tag_03.html%3Fdata%3D%257B%2522membership_status%2522%253A%2522ANONYMOUS%2522%252C%2522country%2522%253A%2522US%2522%252C%2522fbaId%2522%253A%252283f44161-3327-4109-802c-3aed61364262%2522%252C%2522is_member%2522%253A%2522anonymous%2522%252C%2522wasFormerMember%2522%253Afalse%252C%2522referrer%2522%253A%2522nmLanding%2522%257D&ref=https://ae.nflximg.net/monet/scripts/adtech_iframe_target_04.html%3Fdata%3D%257B%2522membership_status%2522%253A%2522ANONYMOUS%2522%252C%2522country%2522%253A%2522US%2522%252C%2522fbaId%2522%253A%252283f44161-3327-4109-802c-3aed61364262%2522%252C%2522is_member%2522%253A%2522anonymous%2522%252C%2522wasFormerMember%2522%253Afalse%252C%2522referrer%2522%253A%2522nmLanding%2522%257D&fmt=3&ctc_id=CAIVAgAAAB0CAAAA&ct_cookie_present=false&crd=CKrPGwiC0Bs&gtd=&cdct=2&is_vtc=1&ocp_id=lpbfW4zJDIjPpgPo8ZaoCw&random=4281050656&resp=GooglemKTybQhCsO","-1","","Google","3125","3063","3124","3124","3125","1","3063","3125","62","23","24","1","1","h2","low","image/gif","","","Fri, 01 Jan 1990 00:00:00 GMT","","",
"108.177.9.157","130","","","-1","-1","Document","3","-1","-1","0","1","","100","-1","https://adservice.google.com/ddm/fls/i/src=4954221;type=gl-nmh;cat=dcmgl0;u1=US;dc_lat=;dc_rdid=;tag_for_child_directed_treatment=;ord=1728237130609.9565;_dc_1=1;~oref=https://ae.nflximg.net/monet/scripts/netflix_tag_03.html%3Fdata%3D%257B%2522membership_status%2522%253A%2522ANONYMOUS%2522%252C%2522country%2522%253A%2522US%2522%252C%2522fbaId%2522%253A%252283f44161-3327-4109-802c-3aed61364262%2522%252C%2522is_member%2522%253A%2522anonymous%2522%252C%2522wasFormerMember%2522%253Afalse%252C%2522referrer%2522%253A%2522nmLanding%2522%257D","-1","-1","200","-1","","689","","501","","private, max-age=0","181105_TB_Q","-1","74","-1","100","","194","3182","-1","GET","177","177","","0.39","-1","-1","adservice.google.com","100","-1","","8","3038","/ddm/fls/i/src=4954221;type=gl-nmh;cat=dcmgl0;u1=US;dc_lat=;dc_rdid=;tag_for_child_directed_treatment=;ord=1728237130609.9565;_dc_1=1;~oref=https://ae.nflximg.net/monet/scripts/netflix_tag_03.html%3Fdata%3D%257B%2522membership_status%2522%253A%2522ANONYMOUS%2522%252C%2522country%2522%253A%2522US%2522%252C%2522fbaId%2522%253A%252283f44161-3327-4109-802c-3aed61364262%2522%252C%2522is_member%2522%253A%2522anonymous%2522%252C%2522wasFormerMember%2522%253Afalse%252C%2522referrer%2522%253A%2522nmLanding%2522%257D","-1","","Google","3312","3182","3256","3256","3312","56","3182","3312","130","24","25","1","1","h2","high","text/html; charset=UTF-8","","gzip","Mon, 05 Nov 2018 01:02:14 GMT","","",
"108.177.9.157","140","","","-1","-1","Document","3","3009","3182","0","1","","100","3056","https://adservice.google.com/ddm/fls/i/src=4968236;type=naanz-nm;cat=dcmna0;u1=US;ord=295445539527.1194;_dc_1=1;~oref=https://ae.nflximg.net/monet/scripts/netflix_tag_03.html%3Fdata%3D%257B%2522membership_status%2522%253A%2522ANONYMOUS%2522%252C%2522country%2522%253A%2522US%2522%252C%2522fbaId%2522%253A%252283f44161-3327-4109-802c-3aed61364262%2522%252C%2522is_member%2522%253A%2522anonymous%2522%252C%2522wasFormerMember%2522%253Afalse%252C%2522referrer%2522%253A%2522nmLanding%2522%257D","2","3056","200","126","","689","","599","","private, max-age=0","181105_TB_Q","3011","76","3012","100","","194","3183","44","GET","177","177","","0.38","-1","-1","adservice.google.com","100","-1","","8","3008","/ddm/fls/i/src=4968236;type=naanz-nm;cat=dcmna0;u1=US;ord=295445539527.1194;_dc_1=1;~oref=https://ae.nflximg.net/monet/scripts/netflix_tag_03.html%3Fdata%3D%257B%2522membership_status%2522%253A%2522ANONYMOUS%2522%252C%2522country%2522%253A%2522US%2522%252C%2522fbaId%2522%253A%252283f44161-3327-4109-802c-3aed61364262%2522%252C%2522is_member%2522%253A%2522anonymous%2522%252C%2522wasFormerMember%2522%253Afalse%252C%2522referrer%2522%253A%2522nmLanding%2522%257D","-1","","Google","3323","3183","3259","3259","3323","64","3009","3323","312","25","26","1","1","h2","high","text/html; charset=UTF-8","","gzip","Mon, 05 Nov 2018 01:02:14 GMT","","",
"52.38.242.240","126","","","-1","-1","XHR","3","2917","3216","","1","","-1","3009","https://ichnaea-web.netflix.com/log","2","3009","200","207","","896","13","2214","","","181105_TB_Q","2919","107","2920","-1","","0","3216","89","POST","0","","","0.35","-1","-1","ichnaea-web.netflix.com","100","-1","https://ae.nflximg.net/monet/scripts/netflix_tag_03.html?data=%7B%22membership_status%22%3A%22ANONYMOUS%22%2C%22country%22%3A%22US%22%2C%22fbaId%22%3A%2283f44161-3327-4109-802c-3aed61364262%22%2C%22is_member%22%3A%22anonymous%22%2C%22wasFormerMember%22%3Afalse%2C%22referrer%22%3A%22nmLanding%22%7D","9","2915","/log","-1","","","3342","3216","3323","3323","3342","19","2917","3342","424","26","27","1","1","http/1.1","medium","text/plain","","","","","",
"54.213.232.186","109","","","-1","-1","XHR","3","-1","-1","","1","","-1","-1","https://www.netflix.com/ichnaea/cl2","-1","-1","200","-1","","970","7","5093","","","181105_TB_Q","-1","99","-1","-1","","0","3374","-1","POST","0","","160551","0.40","-1","-1","www.netflix.com","100","-1","https://codex.nflxext.com/%5E2.0.0/truthBundle/webui/0.0.1-shakti-js-mk-vc2328289/js/js/signup%7Chome%7CourStory%7Cbrowser%7CbrowserFrameworkClient.js/2/4_044v4t4e4I094a4B4Z070u014-4A4y0e4R4P4N4j4C4r4F4l4k19034V/l/true/none","1","3373","/ichnaea/cl2","-1","","","3483","3374","3473","3473","3483","10","3374","3483","109","27","28","1","1","http/1.1","medium","text/plain","","","","","",
