"ip_addr","load_ms","image_total","minify_save","score_cookies","score_compress","requestType","type","dns_start","ssl_end","contentType","gzip_save","is_secure","server_count","score_gzip","ssl_start","full_url","dns_ms","connect_end","responseCode","ssl_ms","image_save","bytesIn","initiator_line","bytesOut","minify_total","id","dns_end","ttfb_ms","connect_start","score_cdn","cache_time","objectSizeUncompressed","load_start","connect_ms","method","objectSize","gzip_total","initiator_column","request_id","score_combine","score_etags","host","score_keep-alive","score_minify","initiator","socket","created","url","score_cache","server_rtt","cdn_provider","load_end","ttfb_start","ttfb_end","download_start","download_end","download_ms","all_start","all_end","all_ms","index","number","run","cached","protocol","priority","is_base_page","cacheControl","contentEncoding","expires","jpeg_scan_count","score_progressive_jpeg",
"","565","","","-1","-1","Document","3","-1","-1","text/html","","1","","-1","-1","https://apple.com/","-1","-1","301","-1","","0","","0","","181105_YT_H","-1","565","-1","-1","","0","0","-1","GET","0","","","0.2","-1","-1","apple.com","-1","-1","","-1","0","/","-1","","","565","0","565","565","565","0","0","565","565","0","1","1","0","","","","","","","","",
"23.35.28.177","393","","","-1","-1","Document","3","-1","-1","text/html; charset=UTF-8","0","1","","100","-1","https://www.apple.com/","-1","-1","200","-1","","7504","","636","","181105_YT_H","-1","387","-1","100","","47957","565","-1","GET","7059","7059","","0.2.1","-1","-1","www.apple.com","100","-1","","1","565","/","-1","","Akamai","958","565","952","952","958","6","565","958","393","1","2","1","0","http/1.1","high","1","max-age=0","gzip","Mon, 05 Nov 2018 00:55:09 GMT","","",
"23.35.28.177","87","","","-1","-1","Stylesheet","3","-1","-1","text/css","0","1","","100","-1","https://www.apple.com/ac/globalnav/4/en_US/styles/ac-globalnav.built.css","-1","-1","200","-1","","10835","83","424","","181105_YT_H","-1","54","-1","100","","94293","963","-1","GET","10585","10585","","0.3","-1","-1","www.apple.com","100","-1","https://www.apple.com/","1","962","/ac/globalnav/4/en_US/styles/ac-globalnav.built.css","-1","","Akamai","1050","963","1017","1017","1050","33","963","1050","87","2","3","1","0","http/1.1","high","","max-age=0","gzip","Mon, 05 Nov 2018 00:55:09 GMT","","",
"23.35.28.177","81","","","-1","-1","Stylesheet","3","-1","-1","text/css","0","1","","100","-1","https://www.apple.com/wss/fonts?families=SF+Pro,v2|SF+Pro+Icons,v1","-1","-1","200","-1","","1309","90","418","","181105_YT_H","-1","52","-1","100","","19035","1020","-1","GET","1034","1034","","0.7","-1","-1","www.apple.com","100","-1","https://www.apple.com/","1","972","/wss/fonts?families=SF+Pro,v2|SF+Pro+Icons,v1","-1","","Akamai","1101","1020","1072","1072","1101","29","1020","1101","81","3","4","1","0","http/1.1","high","","max-age=0, no-cache","gzip","Mon, 05 Nov 2018 00:55:09 GMT","","",
"23.35.28.177","146","","","-1","-1","Stylesheet","3","-1","-1","text/css","0","1","","100","-1","https://www.apple.com/v/home/dy/built/styles/main.built.css","-1","-1","200","-1","","36327","90","411","","181105_YT_H","-1","90","-1","100","","722738","1074","-1","GET","36077","36077","","0.8","-1","-1","www.apple.com","100","-1","https://www.apple.com/","1","973","/v/home/dy/built/styles/main.built.css","-1","","Akamai","1220","1074","1164","1164","1220","56","1074","1220","146","4","5","1","0","http/1.1","high","","max-age=0","gzip","Mon, 05 Nov 2018 00:55:09 GMT","","",
"23.35.28.177","145","","","-1","-1","Stylesheet","3","987","1108","text/css","0","1","","100","1038","https://www.apple.com/ac/globalfooter/3/en_US/styles/ac-globalfooter.built.css","6","1038","200","70","","5527","85","430","","181105_YT_H","993","58","994","100","130","44788","1108","44","GET","5255","5255","","0.5","-1","-1","www.apple.com","100","-1","https://www.apple.com/","3","963","/ac/globalfooter/3/en_US/styles/ac-globalfooter.built.css","0","","Akamai","1253","1108","1166","1166","1253","87","987","1253","265","5","6","1","0","http/1.1","high","","max-age=130","gzip","Mon, 05 Nov 2018 00:57:19 GMT","","",
"23.35.28.177","148","","","-1","-1","Stylesheet","3","965","1111","text/css","0","1","","100","1040","https://www.apple.com/ac/localnav/4/styles/ac-localnav.built.css","27","1040","200","71","","7565","84","416","","181105_YT_H","992","65","993","100","","92507","1112","47","GET","7249","7249","","0.4","-1","-1","www.apple.com","100","-1","https://www.apple.com/","4","963","/ac/localnav/4/styles/ac-localnav.built.css","-1","","Akamai","1260","1112","1177","1177","1260","83","965","1260","293","6","7","1","0","http/1.1","high","","max-age=0","gzip","Mon, 05 Nov 2018 00:55:09 GMT","","",
"23.35.28.177","99","","","-1","-1","Script","3","995","1113","application/x-javascript","0","1","","100","1051","https://www.apple.com/metrics/ac-analytics/2.2/scripts/gpu.js","4","1051","200","62","","2963","90","398","","181105_YT_H","999","55","1001","100","","8689","1114","50","GET","2698","2698","","0.6","-1","-1","www.apple.com","100","-1","https://www.apple.com/","2","971","/metrics/ac-analytics/2.2/scripts/gpu.js","-1","","Akamai","1213","1114","1169","1169","1213","44","995","1213","215","7","8","1","0","http/1.1","high","","max-age=0","gzip","Mon, 05 Nov 2018 00:55:09 GMT","","",
"23.35.28.177","267","","","-1","-1","Script","3","-1","-1","application/x-javascript","0","1","","100","-1","https://www.apple.com/v/home/dy/built/scripts/head.built.js","-1","-1","200","-1","","17529","90","396","","181105_YT_H","-1","69","-1","100","","66487","1171","-1","GET","17263","17263","","0.9","-1","-1","www.apple.com","100","-1","https://www.apple.com/","2","973","/v/home/dy/built/scripts/head.built.js","-1","","Akamai","1438","1171","1240","1240","1438","198","1171","1438","267","8","9","1","0","http/1.1","high","","max-age=0","gzip","Mon, 05 Nov 2018 00:55:09 GMT","","",
"23.35.28.177","314","","","-1","-1","Script","3","-1","-1","application/x-javascript","0","1","","100","-1","https://www.apple.com/metrics/ac-analytics/2.5/scripts/ac-analytics.js","-1","-1","200","-1","","69076","90","407","","181105_YT_H","-1","82","-1","100","","306812","1172","-1","GET","68734","68734","","0.11","-1","-1","www.apple.com","100","-1","https://www.apple.com/","1","973","/metrics/ac-analytics/2.5/scripts/ac-analytics.js","-1","","Akamai","1486","1172","1254","1254","1486","232","1172","1486","314","9","10","1","0","http/1.1","high","","max-age=0","gzip","Mon, 05 Nov 2018 00:55:09 GMT","","",
"23.35.28.177","323","","","-1","-1","Script","3","-1","-1","application/x-javascript","0","1","","100","-1","https://www.apple.com/ac/globalnav/4/en_US/scripts/ac-globalnav.built.js","-1","-1","200","-1","","36647","90","409","","181105_YT_H","-1","77","-1","100","69","133497","1173","-1","GET","36380","36380","","0.10","-1","-1","www.apple.com","100","-1","https://www.apple.com/","3","973","/ac/globalnav/4/en_US/scripts/ac-globalnav.built.js","0","","Akamai","1496","1173","1250","1250","1496","246","1173","1496","323","10","11","1","0","http/1.1","high","","max-age=69","gzip","Mon, 05 Nov 2018 00:56:18 GMT","","",
"23.35.28.177","302","","","-1","-1","Script","3","-1","-1","application/x-javascript","0","1","","100","-1","https://www.apple.com/ac/globalfooter/3/en_US/scripts/ac-globalfooter.built.js","-1","-1","200","-1","","4871","90","415","","181105_YT_H","-1","66","-1","100","","14175","1184","-1","GET","4606","4606","","0.12","-1","-1","www.apple.com","100","-1","https://www.apple.com/","4","974","/ac/globalfooter/3/en_US/scripts/ac-globalfooter.built.js","-1","","Akamai","1486","1184","1250","1250","1486","236","1184","1486","302","11","12","1","0","http/1.1","high","","max-age=0","gzip","Mon, 05 Nov 2018 00:55:09 GMT","","",
"23.35.28.177","434","","","-1","-1","Script","3","-1","-1","application/x-javascript","0","1","","100","-1","https://www.apple.com/ac/localeswitcher/2/en_US/scripts/localeswitcher.built.js","-1","-1","200","-1","","56781","90","416","","181105_YT_H","-1","95","-1","100","","199928","1242","-1","GET","56439","56439","","0.13","-1","-1","www.apple.com","100","-1","https://www.apple.com/","2","974","/ac/localeswitcher/2/en_US/scripts/localeswitcher.built.js","-1","","Akamai","1676","1242","1337","1337","1676","339","1242","1676","434","12","13","1","0","http/1.1","high","","max-age=0","gzip","Mon, 05 Nov 2018 00:55:09 GMT","","",
"23.35.28.177","424","","","-1","-1","Script","3","-1","-1","application/x-javascript","0","1","","100","-1","https://www.apple.com/v/home/dy/built/scripts/main.built.js","-1","-1","200","-1","","51386","90","396","","181105_YT_H","-1","101","-1","100","","208888","1253","-1","GET","51044","51044","","0.14","-1","-1","www.apple.com","100","-1","https://www.apple.com/","4","974","/v/home/dy/built/scripts/main.built.js","-1","","Akamai","1677","1253","1354","1354","1677","323","1253","1677","424","13","14","1","0","http/1.1","high","","max-age=0","gzip","Mon, 05 Nov 2018 00:55:09 GMT","","",
"23.35.28.177","408","","","-1","-1","Stylesheet","3","-1","-1","text/css","0","1","","100","-1","https://www.apple.com/ac/ac-films/5.3.2/styles/modal.css","-1","-1","200","-1","","14313","90","408","","181105_YT_H","-1","82","-1","100","","88616","1263","-1","GET","14063","14063","","0.15","-1","-1","www.apple.com","100","-1","https://www.apple.com/","1","976","/ac/ac-films/5.3.2/styles/modal.css","-1","","Akamai","1671","1263","1345","1345","1671","326","1263","1671","408","14","15","1","0","http/1.1","high","","max-age=0","gzip","Mon, 05 Nov 2018 00:55:09 GMT","","",
"23.35.28.177","362","","","-1","-1","Script","3","-1","-1","application/x-javascript","0","1","","100","-1","https://www.apple.com/ac/ac-films/5.3.2/scripts/autofilms.built.js","-1","-1","200","-1","","84553","90","403","","181105_YT_H","-1","91","-1","100","","358100","1317","-1","GET","84192","84192","","0.16","-1","-1","www.apple.com","100","-1","https://www.apple.com/","3","977","/ac/ac-films/5.3.2/scripts/autofilms.built.js","-1","","Akamai","1679","1317","1408","1408","1679","271","1317","1679","362","15","16","1","0","http/1.1","high","","max-age=0","gzip","Mon, 05 Nov 2018 00:55:09 GMT","","",
"23.35.28.177","110","","","-1","-1","Image","3","-1","-1","image/svg+xml","","1","","-1","-1","https://www.apple.com/ac/globalnav/4/en_US/images/globalnav/apple/image_small.svg","-1","-1","200","-1","","846","3","476","","181105_YT_H","-1","68","-1","100","125","570","1575","-1","GET","570","","21503","0.17","-1","-1","www.apple.com","100","-1","https://www.apple.com/ac/globalnav/4/en_US/scripts/ac-globalnav.built.js","1","1574","/ac/globalnav/4/en_US/images/globalnav/apple/image_small.svg","0","","Akamai","1685","1575","1643","1643","1685","42","1575","1685","110","16","17","1","0","http/1.1","low","","max-age=125","","Mon, 05 Nov 2018 00:57:15 GMT","","",
"23.35.28.177","105","","","-1","-1","Image","3","-1","-1","image/svg+xml","","1","","-1","-1","https://www.apple.com/ac/globalnav/4/en_US/images/globalnav/bag/image_small.svg","-1","-1","200","-1","","730","3","474","","181105_YT_H","-1","67","-1","100","178","454","1576","-1","GET","454","","21503","0.18","-1","-1","www.apple.com","100","-1","https://www.apple.com/ac/globalnav/4/en_US/scripts/ac-globalnav.built.js","2","1575","/ac/globalnav/4/en_US/images/globalnav/bag/image_small.svg","0","","Akamai","1681","1576","1643","1643","1681","38","1576","1681","105","17","18","1","0","http/1.1","low","","max-age=178","","Mon, 05 Nov 2018 00:58:08 GMT","","",
"23.35.28.177","110","","","-1","-1","Image","3","-1","-1","image/svg+xml","","1","","-1","-1","https://www.apple.com/ac/globalnav/4/en_US/images/globalnav/search/image_small.svg","-1","-1","200","-1","","661","3","477","","181105_YT_H","-1","68","-1","100","87","386","1577","-1","GET","386","","21503","0.19","-1","-1","www.apple.com","100","-1","https://www.apple.com/ac/globalnav/4/en_US/scripts/ac-globalnav.built.js","3","1576","/ac/globalnav/4/en_US/images/globalnav/search/image_small.svg","0","","Akamai","1687","1577","1645","1645","1687","42","1577","1687","110","18","19","1","0","http/1.1","low","","max-age=87","","Mon, 05 Nov 2018 00:56:37 GMT","","",
"23.35.28.177","112","","","-1","-1","Image","3","-1","-1","image/svg+xml","","1","","-1","-1","https://www.apple.com/ac/globalnav/4/en_US/images/globalnav/links/mac/image_small.svg","-1","-1","200","-1","","1101","3","480","","181105_YT_H","-1","60","-1","100","71","826","1578","-1","GET","826","","21503","0.20","-1","-1","www.apple.com","100","-1","https://www.apple.com/ac/globalnav/4/en_US/scripts/ac-globalnav.built.js","4","1577","/ac/globalnav/4/en_US/images/globalnav/links/mac/image_small.svg","0","","Akamai","1690","1578","1638","1638","1690","52","1578","1690","112","19","20","1","0","http/1.1","low","","max-age=71","","Mon, 05 Nov 2018 00:56:21 GMT","","",
"23.35.28.177","517","","","-1","-1","Image","3","-1","-1","image/svg+xml","0","1","","100","-1","https://www.apple.com/ac/globalnav/4/en_US/images/globalnav/links/ipad/image_small.svg","-1","-1","200","-1","","880","3","481","","181105_YT_H","-1","80","-1","100","179","990","1643","-1","GET","544","544","21503","0.21","-1","-1","www.apple.com","100","-1","https://www.apple.com/ac/globalnav/4/en_US/scripts/ac-globalnav.built.js","2","1584","/ac/globalnav/4/en_US/images/globalnav/links/ipad/image_small.svg","0","","Akamai","2160","1643","1723","1723","2160","437","1643","2160","517","20","21","1","0","http/1.1","low","","max-age=179","gzip","Mon, 05 Nov 2018 00:58:09 GMT","","",
"23.35.28.177","519","","","-1","-1","Image","3","-1","-1","image/svg+xml","0","1","","100","-1","https://www.apple.com/ac/globalnav/4/en_US/images/globalnav/links/iphone/image_small.svg","-1","-1","200","-1","","1214","3","483","","181105_YT_H","-1","80","-1","100","179","1699","1644","-1","GET","895","895","21503","0.22","-1","-1","www.apple.com","100","-1","https://www.apple.com/ac/globalnav/4/en_US/scripts/ac-globalnav.built.js","1","1585","/ac/globalnav/4/en_US/images/globalnav/links/iphone/image_small.svg","0","","Akamai","2163","1644","1724","1724","2163","439","1644","2163","519","21","22","1","0","http/1.1","low","","max-age=179","gzip","Mon, 05 Nov 2018 00:58:09 GMT","","",
"23.35.28.177","522","","","-1","-1","Image","3","-1","-1","image/svg+xml","0","1","","100","-1","https://www.apple.com/ac/globalnav/4/en_US/images/globalnav/links/watch/image_small.svg","-1","-1","200","-1","","942","3","482","","181105_YT_H","-1","80","-1","100","538","1166","1644","-1","GET","623","623","21503","0.23","-1","-1","www.apple.com","100","-1","https://www.apple.com/ac/globalnav/4/en_US/scripts/ac-globalnav.built.js","3","1586","/ac/globalnav/4/en_US/images/globalnav/links/watch/image_small.svg","0","","Akamai","2166","1644","1724","1724","2166","442","1644","2166","522","22","23","1","0","http/1.1","low","","max-age=538","gzip","Mon, 05 Nov 2018 01:04:08 GMT","","",
"23.35.28.177","512","","","-1","-1","Image","3","-1","-1","image/svg+xml","","1","","-1","-1","https://www.apple.com/ac/globalnav/4/en_US/images/globalnav/links/tv/image_small.svg","-1","-1","200","-1","","564","3","479","","181105_YT_H","-1","77","-1","100","112","271","1645","-1","GET","271","","21503","0.24","-1","-1","www.apple.com","100","-1","https://www.apple.com/ac/globalnav/4/en_US/scripts/ac-globalnav.built.js","4","1586","/ac/globalnav/4/en_US/images/globalnav/links/tv/image_small.svg","0","","Akamai","2157","1645","1722","1722","2157","435","1645","2157","512","23","24","1","0","http/1.1","low","","max-age=112","","Mon, 05 Nov 2018 00:57:02 GMT","","",
"23.35.28.177","442","","","-1","-1","XHR","3","-1","-1","text/html; charset=UTF-8; encoding=UTF8","0","1","","100","-1","https://www.apple.com/us/shop/bag/status?apikey=SFX9YPYY9PPXCU9KH","-1","-1","200","-1","","565","1","402","","181105_YT_H","-1","137","-1","100","","137","1727","-1","GET","118","118","2387","0.27","-1","-1","www.apple.com","100","-1","https://www.apple.com/ac/globalnav/4/en_US/scripts/ac-globalnav.built.js","4","1669","/us/shop/bag/status?apikey=SFX9YPYY9PPXCU9KH","-1","","Akamai","2169","1727","1864","1864","2169","305","1727","2169","442","24","25","1","0","http/1.1","medium","","private, no-cache, no-store, must-revalidate, proxy-revalidate, post-check=0, pre-check=0","gzip","Mon, 05 Nov 2018 00:55:10 GMT","","",
"23.35.28.177","443","","","-1","-1","Image","3","-1","-1","image/svg+xml","0","1","","100","-1","https://www.apple.com/ac/globalnav/4/en_US/images/globalnav/links/music/image_small.svg","-1","-1","200","-1","","924","3","482","","181105_YT_H","-1","160","-1","100","461","1077","1730","-1","GET","588","588","21503","0.25","-1","-1","www.apple.com","100","-1","https://www.apple.com/ac/globalnav/4/en_US/scripts/ac-globalnav.built.js","3","1587","/ac/globalnav/4/en_US/images/globalnav/links/music/image_small.svg","0","","Akamai","2173","1730","1890","1890","2173","283","1730","2173","443","25","26","1","0","http/1.1","low","","max-age=461","gzip","Mon, 05 Nov 2018 01:02:51 GMT","","",
"23.35.28.177","462","","","-1","-1","Font","3","-1","-1","font/woff2","","1","","-1","-1","https://www.apple.com/wss/fonts/SF-Pro-Text/v2/sf-pro-text_bold.woff2","-1","-1","200","-1","","108715","271","406","","181105_YT_H","-1","235","-1","100","30818732","108468","1733","-1","GET","108468","","","0.28","-1","-1","www.apple.com","100","-1","https://www.apple.com/","2","1692","/wss/fonts/SF-Pro-Text/v2/sf-pro-text_bold.woff2","100","","Akamai","2195","1733","1968","1968","2195","227","1733","2195","462","26","27","1","0","http/1.1","medium","","max-age=30818732","","Sun, 27 Oct 2019 17:40:42 GMT","","",
"23.35.28.177","444","","","-1","-1","Font","3","-1","-1","font/woff2","","1","","-1","-1","https://www.apple.com/wss/fonts/SF-Pro-Text/v2/sf-pro-text_regular.woff2","-1","-1","200","-1","","99442","271","409","","181105_YT_H","-1","236","-1","100","30818775","99196","1733","-1","GET","99196","","","0.29","-1","-1","www.apple.com","100","-1","https://www.apple.com/","1","1693","/wss/fonts/SF-Pro-Text/v2/sf-pro-text_regular.woff2","100","","Akamai","2177","1733","1969","1969","2177","208","1733","2177","444","27","28","1","0","http/1.1","medium","","max-age=30818775","","Sun, 27 Oct 2019 17:41:25 GMT","","",
"23.35.28.177","342","","","-1","-1","XHR","3","-1","-1","application/json","0","1","","100","-1","https://www.apple.com/ac/localeswitcher/2/en_US/content/localeswitcher.json","-1","-1","200","-1","","711","6","412","","181105_YT_H","-1","211","-1","100","140","1185","1869","-1","GET","372","372","27453","0.30","-1","-1","www.apple.com","100","-1","https://www.apple.com/ac/localeswitcher/2/en_US/scripts/localeswitcher.built.js","3","1868","/ac/localeswitcher/2/en_US/content/localeswitcher.json","0","","Akamai","2211","1869","2080","2080","2211","131","1869","2211","342","28","29","1","0","http/1.1","medium","","max-age=140","gzip","Mon, 05 Nov 2018 00:57:30 GMT","","",
"23.35.28.177","489","","","-1","-1","Image","3","-1","-1","image/svg+xml","0","1","","100","-1","https://www.apple.com/ac/globalnav/4/en_US/images/globalnav/links/support/image_small.svg","-1","-1","200","-1","","956","3","484","","181105_YT_H","-1","347","-1","100","79","1378","1891","-1","GET","638","638","21503","0.26","-1","-1","www.apple.com","100","-1","https://www.apple.com/ac/globalnav/4/en_US/scripts/ac-globalnav.built.js","4","1587","/ac/globalnav/4/en_US/images/globalnav/links/support/image_small.svg","0","","Akamai","2380","1891","2238","2238","2380","142","1891","2380","489","29","30","1","0","http/1.1","low","","max-age=79","gzip","Mon, 05 Nov 2018 00:56:29 GMT","","",
"23.35.28.177","228","4800","","-1","100","Image","3","-1","-1","image/png","","1","","-1","-1","https://www.apple.com/v/home/dy/images/logos/iphone_xs_logo_hero_a5d05_small_2x.png","-1","-1","200","-1","0","5074","6","478","","181105_YT_H","-1","108","-1","100","1128","4800","1990","-1","GET","4800","","5802","0.31","-1","-1","www.apple.com","100","-1","https://www.apple.com/v/home/dy/built/scripts/main.built.js","1","1929","/v/home/dy/images/logos/iphone_xs_logo_hero_a5d05_small_2x.png","0","","Akamai","2218","1990","2098","2098","2218","120","1990","2218","228","30","31","1","0","http/1.1","low","","max-age=1128","","Mon, 05 Nov 2018 01:13:58 GMT","","",
"23.35.28.177","276","4789","","-1","100","Image","3","-1","-1","image/png","","1","","-1","-1","https://www.apple.com/v/home/dy/images/logos/iphone_xr_logo_hero_9d70d_small_2x.png","-1","-1","200","-1","0","5063","6","478","","181105_YT_H","-1","78","-1","100","1845","4789","2100","-1","GET","4789","","5802","0.32","-1","-1","www.apple.com","100","-1","https://www.apple.com/v/home/dy/built/scripts/main.built.js","2","1930","/v/home/dy/images/logos/iphone_xr_logo_hero_9d70d_small_2x.png","0","","Akamai","2376","2100","2178","2178","2376","198","2100","2376","276","31","32","1","0","http/1.1","low","","max-age=1845","","Mon, 05 Nov 2018 01:25:55 GMT","","",
"23.35.28.177","277","3319","","-1","100","Image","3","-1","-1","image/png","","1","","-1","-1","https://www.apple.com/v/home/dy/images/logos/music_47492_small_2x.png","-1","-1","200","-1","0","3592","6","464","","181105_YT_H","-1","77","-1","100","507","3319","2101","-1","GET","3319","","5802","0.34","-1","-1","www.apple.com","100","-1","https://www.apple.com/v/home/dy/built/scripts/main.built.js","1","1932","/v/home/dy/images/logos/music_47492_small_2x.png","0","","Akamai","2378","2101","2178","2178","2378","200","2101","2378","277","32","33","1","0","http/1.1","low","","max-age=507","","Mon, 05 Nov 2018 01:03:37 GMT","","",
"23.35.28.177","273","7147","","-1","100","Image","3","-1","-1","image/jpeg","","1","","-1","-1","https://www.apple.com/v/home/dy/images/logos/apple_watch_series_4_logo_hero_d4753_small_2x.jpg","-1","-1","200","-1","0","7422","6","489","","181105_YT_H","-1","76","-1","100","1405","7147","2101","-1","GET","7147","","5802","0.33","-1","-1","www.apple.com","100","-1","https://www.apple.com/v/home/dy/built/scripts/main.built.js","3","1930","/v/home/dy/images/logos/apple_watch_series_4_logo_hero_d4753_small_2x.jpg","0","","Akamai","2374","2101","2177","2177","2374","197","2101","2374","273","33","34","1","0","http/1.1","low","","max-age=1405","","Mon, 05 Nov 2018 01:18:35 GMT","10","100",
"23.35.28.177","410","","","-1","-1","XHR","3","-1","-1","application/json","","1","","-1","-1","https://www.apple.com/search-services/suggestions/","-1","-1","200","-1","","946","1","575","","181105_YT_H","-1","244","-1","100","287","495","2122","-1","POST","495","","21412","0.38","-1","-1","www.apple.com","100","-1","https://www.apple.com/ac/globalnav/4/en_US/scripts/ac-globalnav.built.js","1","2121","/search-services/suggestions/","0","","Akamai","2532","2122","2366","2366","2532","166","2122","2532","410","34","35","1","0","http/1.1","medium","","max-age=287","","Mon, 05 Nov 2018 00:59:57 GMT","","",
"23.35.28.177","204","2656","","-1","100","Image","3","-1","-1","image/png","","1","","-1","-1","https://www.apple.com/v/home/dy/images/logos/tv_4k__beokf3dqlzxu_small_2x.png","-1","-1","200","-1","0","2930","6","472","","181105_YT_H","-1","51","-1","100","1185","2656","2181","-1","GET","2656","","5802","0.36","-1","-1","www.apple.com","100","-1","https://www.apple.com/v/home/dy/built/scripts/main.built.js","2","1933","/v/home/dy/images/logos/tv_4k__beokf3dqlzxu_small_2x.png","0","","Akamai","2385","2181","2232","2232","2385","153","2181","2385","204","35","36","1","0","http/1.1","low","","max-age=1185","","Mon, 05 Nov 2018 01:14:55 GMT","","",
"23.35.28.177","204","3031","","-1","100","Image","3","-1","-1","image/png","","1","","-1","-1","https://www.apple.com/v/home/dy/images/promos/queen/icon_apple_music_cb04b_small_2x.png","-1","-1","200","-1","0","3304","6","482","","181105_YT_H","-1","51","-1","100","393","3031","2181","-1","GET","3031","","5802","0.35","-1","-1","www.apple.com","100","-1","https://www.apple.com/v/home/dy/built/scripts/main.built.js","3","1933","/v/home/dy/images/promos/queen/icon_apple_music_cb04b_small_2x.png","0","","Akamai","2385","2181","2232","2232","2385","153","2181","2385","204","36","37","1","0","http/1.1","low","","max-age=393","","Mon, 05 Nov 2018 01:01:43 GMT","","",
"23.35.28.177","403","","","-1","-1","Font","3","-1","-1","font/woff2","","1","","-1","-1","https://www.apple.com/wss/fonts/SF-Pro-Display/v2/sf-pro-display_semibold.woff2","-1","-1","200","-1","","109875","1099","416","","181105_YT_H","-1","151","-1","100","30818773","109628","2230","-1","GET","109628","","","0.39","-1","-1","www.apple.com","100","-1","https://www.apple.com/","2","2229","/wss/fonts/SF-Pro-Display/v2/sf-pro-display_semibold.woff2","100","","Akamai","2633","2230","2381","2381","2633","252","2230","2633","403","37","38","1","0","http/1.1","medium","","max-age=30818773","","Sun, 27 Oct 2019 17:41:23 GMT","","",
"23.35.28.177","303","","","-1","-1","Font","3","-1","-1","font/woff2","","1","","-1","-1","https://www.apple.com/wss/fonts/SF-Pro-Display/v2/sf-pro-display_regular.woff2","-1","-1","200","-1","","98058","1099","415","","181105_YT_H","-1","72","-1","100","30818789","97812","2231","-1","GET","97812","","","0.40","-1","-1","www.apple.com","100","-1","https://www.apple.com/","3","2230","/wss/fonts/SF-Pro-Display/v2/sf-pro-display_regular.woff2","100","","Akamai","2534","2231","2303","2303","2534","231","2231","2534","303","38","39","1","0","http/1.1","medium","","max-age=30818789","","Sun, 27 Oct 2019 17:41:39 GMT","","",
"23.35.28.177","156","","","-1","-1","Font","3","-1","-1","application/font-woff","","1","","-1","-1","https://www.apple.com/wss/fonts/SF-Pro-Icons/v1/SFProIcons_regular.woff","-1","-1","200","-1","","10637","1099","408","","181105_YT_H","-1","55","-1","100","30817912","10380","2231","-1","GET","10380","","","0.41","-1","-1","www.apple.com","100","-1","https://www.apple.com/","4","2230","/wss/fonts/SF-Pro-Icons/v1/SFProIcons_regular.woff","100","","Akamai","2387","2231","2286","2286","2387","101","2231","2387","156","39","40","1","0","http/1.1","medium","","max-age=30817912","","Sun, 27 Oct 2019 17:27:02 GMT","","",
"23.35.28.177","335","","","-1","-1","Font","3","-1","-1","font/woff2","","1","","-1","-1","https://www.apple.com/wss/fonts/SF-Pro-Text/v2/sf-pro-text_regular-italic.woff2","-1","-1","200","-1","","65466","1099","416","","181105_YT_H","-1","126","-1","100","30818757","65220","2289","-1","GET","65220","","","0.42","-1","-1","www.apple.com","100","-1","https://www.apple.com/","4","2230","/wss/fonts/SF-Pro-Text/v2/sf-pro-text_regular-italic.woff2","100","","Akamai","2624","2289","2415","2415","2624","209","2289","2624","335","40","41","1","0","http/1.1","medium","","max-age=30818757","","Sun, 27 Oct 2019 17:41:07 GMT","","",
"","680","","","-1","-1","Image","3","-1","-1","text/plain","","1","","-1","-1","https://securemetrics.apple.com/b/ss/appleglobal,applehome,applestoreww,applestoreus/1/JS-2.7.0/s07181463883590?AQB=1&ndh=1&pf=1&t=4%2F10%2F2018%2019%3A55%3A10%200%20300&fid=635EA894227D319F-06E10AEB8672805A&ce=UTF-8&pageName=apple%20-%20index%2Ftab%20%28us%29&g=https%3A%2F%2Fwww.apple.com%2F&cc=USD&ch=www.us.homepage&server=ac-2.5&h1=www.us.homepage&c2=g%40%20apple%20a8%20gpu&v3=aos%3A%20us&c4=D%3Dg&v4=D%3DpageName&c5=iphone%202x&c9=ios%2011.4.1&v14=en-us&c19=aos%3A%20us%3A%20apple%20-%20index%2Ftab%20%28us%29&c20=aos%3A%20us&c25=direct%20entry&c34=0.%20apple%20-%20index%2Ftab%20-%20hero-iphone-xs%20-%20section%20engaged%20.0&c48=1&v54=https%3A%2F%2Fwww.apple.com%2F&v97=s.t-p&s=375x667&c=32&j=1.6&v=N&k=Y&bw=375&bh=603&AQE=1","-1","-1","302","-1","","1294","1","0","","181105_YT_H","-1","680","-1","-1","","0","2373","-1","GET","0","","123875","0.43","-1","-1","securemetrics.apple.com","-1","-1","https://www.apple.com/metrics/ac-analytics/2.5/scripts/ac-analytics.js","-1","2373","/b/ss/appleglobal,applehome,applestoreww,applestoreus/1/JS-2.7.0/s07181463883590?AQB=1&ndh=1&pf=1&t=4%2F10%2F2018%2019%3A55%3A10%200%20300&fid=635EA894227D319F-06E10AEB8672805A&ce=UTF-8&pageName=apple%20-%20index%2Ftab%20%28us%29&g=https%3A%2F%2Fwww.apple.com%2F&cc=USD&ch=www.us.homepage&server=ac-2.5&h1=www.us.homepage&c2=g%40%20apple%20a8%20gpu&v3=aos%3A%20us&c4=D%3Dg&v4=D%3DpageName&c5=iphone%202x&c9=ios%2011.4.1&v14=en-us&c19=aos%3A%20us%3A%20apple%20-%20index%2Ftab%20%28us%29&c20=aos%3A%20us&c25=direct%20entry&c34=0.%20apple%20-%20index%2Ftab%20-%20hero-iphone-xs%20-%20section%20engaged%20.0&c48=1&v54=https%3A%2F%2Fwww.apple.com%2F&v97=s.t-p&s=375x667&c=32&j=1.6&v=N&k=Y&bw=375&bh=603&AQE=1","-1","","","3053","2373","3053","3053","3053","0","2373","3053","680","41","42","1","0","","","","no-cache, no-store, max-age=0, no-transform, private","","Sun, 04 Nov 2018 00:55:11 GMT","","",
"23.45.230.36","175","741","","-1","100","Image","3","1939","2474","image/png","","1","","-1","2186","https://images.apple.com/ac/flags/1/images/us/32.png","135","2186","200","288","0","1081","6","447","","181105_YT_H","2074","106","2101","100","3464","741","2474","85","GET","741","","5802","0.37","-1","-1","images.apple.com","100","-1","https://www.apple.com/v/home/dy/built/scripts/main.built.js","5","1936","/ac/flags/1/images/us/32.png","0","","Akamai","2649","2474","2580","2580","2649","69","1939","2649","683","42","43","1","0","http/1.1","low","","max-age=3464","","Mon, 05 Nov 2018 01:52:54 GMT","","",
"23.35.28.177","120","","","-1","-1","Font","3","-1","-1","application/font-woff","","1","","-1","-1","https://www.apple.com/wss/fonts/SF-Pro-Icons/v1/SFProIcons_medium.woff","-1","-1","200","-1","","10905","1099","510","","181105_YT_H","-1","98","-1","100","30817912","10648","2532","-1","GET","10648","","","0.44","-1","-1","www.apple.com","100","-1","https://www.apple.com/","1","2531","/wss/fonts/SF-Pro-Icons/v1/SFProIcons_medium.woff","100","","Akamai","2652","2532","2630","2630","2652","22","2532","2652","120","43","44","1","0","http/1.1","medium","","max-age=30817912","","Sun, 27 Oct 2019 17:27:02 GMT","","",
"23.35.28.177","100","","","-1","-1","Font","3","-1","-1","application/font-woff","","1","","-1","-1","https://www.apple.com/wss/fonts/SF-Pro-Icons/v1/SFProIcons_light.woff","-1","-1","200","-1","","10756","1099","509","","181105_YT_H","-1","76","-1","100","30817911","10476","2734","-1","GET","10476","","","0.45","-1","-1","www.apple.com","100","-1","https://www.apple.com/","1","2733","/wss/fonts/SF-Pro-Icons/v1/SFProIcons_light.woff","100","","Akamai","2834","2734","2810","2810","2834","24","2734","2834","100","44","45","1","0","http/1.1","medium","","max-age=30817911","","Sun, 27 Oct 2019 17:27:02 GMT","","",
"23.35.28.177","150","","","-1","-1","Font","3","-1","-1","application/font-woff","","1","","-1","-1","https://www.apple.com/wss/fonts/SF-Pro-Icons/v1/SFProIcons_semibold.woff","-1","-1","200","-1","","9147","1099","512","","181105_YT_H","-1","138","-1","100","30817911","8868","2905","-1","GET","8868","","","0.46","-1","-1","www.apple.com","100","-1","https://www.apple.com/","1","2904","/wss/fonts/SF-Pro-Icons/v1/SFProIcons_semibold.woff","100","","Akamai","3055","2905","3043","3043","3055","12","2905","3055","150","45","46","1","0","http/1.1","medium","","max-age=30817911","","Sun, 27 Oct 2019 17:27:02 GMT","","",
"34.198.77.46","67","43","","-1","100","","3","-1","-1","image/gif","","1","","-1","-1","https://securemetrics.apple.com/b/ss/appleglobal,applehome,applestoreww,applestoreus/1/JS-2.7.0/s07181463883590?AQB=1&pccr=true&vidn=2DEFCA77852CABBB-600009DFC000111C&&ndh=1&pf=1&t=4%2F10%2F2018%2019%3A55%3A10%200%20300&fid=635EA894227D319F-06E10AEB8672805A&ce=UTF-8&pageName=apple%20-%20index%2Ftab%20%28us%29&g=https%3A%2F%2Fwww.apple.com%2F&cc=USD&ch=www.us.homepage&server=ac-2.5&h1=www.us.homepage&c2=g%40%20apple%20a8%20gpu&v3=aos%3A%20us&c4=D%3Dg&v4=D%3DpageName&c5=iphone%202x&c9=ios%2011.4.1&v14=en-us&c19=aos%3A%20us%3A%20apple%20-%20index%2Ftab%20%28us%29&c20=aos%3A%20us&c25=direct%20entry&c34=0.%20apple%20-%20index%2Ftab%20-%20hero-iphone-xs%20-%20section%20engaged%20.0&c48=1&v54=https%3A%2F%2Fwww.apple.com%2F&v97=s.t-p&s=375x667&c=32&j=1.6&v=N&k=Y&bw=375&bh=603&AQE=1","-1","-1","200","-1","0","597","1099","2565","","181105_YT_H","-1","66","-1","-1","","43","3052","-1","GET","43","","","0.43.1","-1","-1","securemetrics.apple.com","100","-1","https://www.apple.com/","6","3052","/b/ss/appleglobal,applehome,applestoreww,applestoreus/1/JS-2.7.0/s07181463883590?AQB=1&pccr=true&vidn=2DEFCA77852CABBB-600009DFC000111C&&ndh=1&pf=1&t=4%2F10%2F2018%2019%3A55%3A10%200%20300&fid=635EA894227D319F-06E10AEB8672805A&ce=UTF-8&pageName=apple%20-%20index%2Ftab%20%28us%29&g=https%3A%2F%2Fwww.apple.com%2F&cc=USD&ch=www.us.homepage&server=ac-2.5&h1=www.us.homepage&c2=g%40%20apple%20a8%20gpu&v3=aos%3A%20us&c4=D%3Dg&v4=D%3DpageName&c5=iphone%202x&c9=ios%2011.4.1&v14=en-us&c19=aos%3A%20us%3A%20apple%20-%20index%2Ftab%20%28us%29&c20=aos%3A%20us&c25=direct%20entry&c34=0.%20apple%20-%20index%2Ftab%20-%20hero-iphone-xs%20-%20section%20engaged%20.0&c48=1&v54=https%3A%2F%2Fwww.apple.com%2F&v97=s.t-p&s=375x667&c=32&j=1.6&v=N&k=Y&bw=375&bh=603&AQE=1","-1","","","3119","3052","3118","3118","3119","1","3052","3119","67","46","47","1","0","http/1.1","low","","no-cache, no-store, max-age=0, no-transform, private","","Sun, 04 Nov 2018 00:55:11 GMT","","",
"23.35.28.177","213","85251","","-1","100","Image","3","-1","-1","image/jpeg","","1","","-1","-1","https://www.apple.com/v/home/dy/images/heroes/iphone-xs/iphone_xs_0afef_small_2x.jpg","-1","-1","200","-1","0","85527","2","746","","181105_YT_H","-1","86","-1","100","1847","85251","3250","-1","GET","85251","","29263","0.47","-1","-1","www.apple.com","100","-1","https://www.apple.com/v/home/dy/built/scripts/main.built.js","1","3249","/v/home/dy/images/heroes/iphone-xs/iphone_xs_0afef_small_2x.jpg","0","","Akamai","3463","3250","3336","3336","3463","127","3250","3463","213","47","48","1","0","http/1.1","low","","max-age=1847","","Mon, 05 Nov 2018 01:25:58 GMT","10","100",
"23.35.28.177","100","37871","","-1","100","Image","3","-1","-1","image/jpeg","","1","","-1","-1","https://www.apple.com/v/home/dy/images/heroes/iphone-xr/iphone_xr_5e40f_small_2x.jpg","-1","-1","200","-1","0","38147","2","746","","181105_YT_H","-1","64","-1","100","3086","37871","3251","-1","GET","37871","","29263","0.48","-1","-1","www.apple.com","100","-1","https://www.apple.com/v/home/dy/built/scripts/main.built.js","2","3250","/v/home/dy/images/heroes/iphone-xr/iphone_xr_5e40f_small_2x.jpg","0","","Akamai","3351","3251","3315","3315","3351","36","3251","3351","100","48","49","1","0","http/1.1","low","","max-age=3086","","Mon, 05 Nov 2018 01:46:37 GMT","10","100",
"23.35.28.177","176","89514","","-1","100","Image","3","-1","-1","image/jpeg","","1","","-1","-1","https://www.apple.com/v/home/dy/images/heroes/apple-watch-series-4/apple_watch_series_4_4aeff_small_2x.jpg","-1","-1","200","-1","0","89790","2","768","","181105_YT_H","-1","103","-1","100","1003","89514","3292","-1","GET","89514","","29263","0.49","-1","-1","www.apple.com","100","-1","https://www.apple.com/v/home/dy/built/scripts/main.built.js","3","3291","/v/home/dy/images/heroes/apple-watch-series-4/apple_watch_series_4_4aeff_small_2x.jpg","0","","Akamai","3468","3292","3395","3395","3468","73","3292","3468","176","49","50","1","0","http/1.1","low","","max-age=1003","","Mon, 05 Nov 2018 01:11:54 GMT","10","100",
"23.35.28.177","405","","","-1","-1","Document","3","-1","-1","text/html; charset=UTF-8","0","1","","100","-1","https://www.apple.com/","-1","-1","200","-1","","7504","","450","","181105_YT_H","-1","276","-1","100","","47957","21","-1","GET","7059","7059","","0.2.1","-1","-1","www.apple.com","100","-1","","1","21","/","-1","","Akamai","426","21","297","297","426","129","21","426","405","0","1","1","1","http/1.1","high","1","max-age=0","gzip","Mon, 05 Nov 2018 00:55:25 GMT","","",
"23.35.28.177","74","","","-1","-1","Stylesheet","3","-1","-1","text/css","0","1","","100","-1","https://www.apple.com/ac/globalnav/4/en_US/styles/ac-globalnav.built.css","-1","-1","200","-1","","10835","83","546","","181105_YT_H","-1","49","-1","100","","94293","432","-1","GET","10585","10585","","0.3","-1","-1","www.apple.com","100","-1","https://www.apple.com/","1","431","/ac/globalnav/4/en_US/styles/ac-globalnav.built.css","-1","","Akamai","506","432","481","481","506","25","432","506","74","1","2","1","1","http/1.1","high","","max-age=0","gzip","Mon, 05 Nov 2018 00:55:25 GMT","","",
"23.35.28.177","117","","","-1","-1","Stylesheet","3","-1","-1","text/css","0","1","","100","-1","https://www.apple.com/v/home/dy/built/styles/main.built.css","-1","-1","200","-1","","36327","90","533","","181105_YT_H","-1","89","-1","100","","722738","487","-1","GET","36077","36077","","0.8","-1","-1","www.apple.com","100","-1","https://www.apple.com/","1","443","/v/home/dy/built/styles/main.built.css","-1","","Akamai","604","487","576","576","604","28","487","604","117","2","3","1","1","http/1.1","high","","max-age=0","gzip","Mon, 05 Nov 2018 00:55:25 GMT","","",
"23.35.28.177","96","","","-1","-1","Stylesheet","3","433","566","text/css","0","1","","100","518","https://www.apple.com/ac/localnav/4/styles/ac-localnav.built.css","43","518","200","48","","7565","84","538","","181105_YT_H","476","63","477","100","","92507","567","41","GET","7249","7249","","0.4","-1","-1","www.apple.com","100","-1","https://www.apple.com/","3","431","/ac/localnav/4/styles/ac-localnav.built.css","-1","","Akamai","663","567","630","630","663","33","433","663","228","3","4","1","1","http/1.1","high","","max-age=0","gzip","Mon, 05 Nov 2018 00:55:25 GMT","","",
"23.35.28.177","213","","","-1","-1","Script","3","-1","-1","application/x-javascript","0","1","","100","-1","https://www.apple.com/v/home/dy/built/scripts/head.built.js","-1","-1","200","-1","","17529","90","518","","181105_YT_H","-1","106","-1","100","","66487","584","-1","GET","17263","17263","","0.9","-1","-1","www.apple.com","100","-1","https://www.apple.com/","1","443","/v/home/dy/built/scripts/head.built.js","-1","","Akamai","797","584","690","690","797","107","584","797","213","4","5","1","1","http/1.1","high","","max-age=0","gzip","Mon, 05 Nov 2018 00:55:25 GMT","","",
"23.35.28.177","209","","","-1","-1","Stylesheet","3","456","583","text/css","0","1","","100","534","https://www.apple.com/wss/fonts?families=SF+Pro,v2|SF+Pro+Icons,v1","27","534","200","49","","1309","90","540","","181105_YT_H","483","108","485","100","","19035","584","49","GET","1034","1034","","0.7","-1","-1","www.apple.com","100","-1","https://www.apple.com/","4","442","/wss/fonts?families=SF+Pro,v2|SF+Pro+Icons,v1","-1","","Akamai","793","584","692","692","793","101","456","793","334","5","6","1","1","http/1.1","high","","max-age=0, no-cache","gzip","Mon, 05 Nov 2018 00:55:25 GMT","","",
"23.35.28.177","72","","","-1","-1","Script","3","455","589","application/x-javascript","0","1","","100","535","https://www.apple.com/metrics/ac-analytics/2.2/scripts/gpu.js","28","535","200","54","","2963","90","520","","181105_YT_H","483","48","485","100","","8689","589","50","GET","2698","2698","","0.6","-1","-1","www.apple.com","100","-1","https://www.apple.com/","2","441","/metrics/ac-analytics/2.2/scripts/gpu.js","-1","","Akamai","661","589","637","637","661","24","455","661","204","6","7","1","1","http/1.1","high","","max-age=0","gzip","Mon, 05 Nov 2018 00:55:25 GMT","","",
"23.35.28.177","363","","","-1","-1","Script","3","-1","-1","application/x-javascript","0","1","","100","-1","https://www.apple.com/metrics/ac-analytics/2.5/scripts/ac-analytics.js","-1","-1","200","-1","","69076","90","529","","181105_YT_H","-1","83","-1","100","","306812","636","-1","GET","68734","68734","","0.11","-1","-1","www.apple.com","100","-1","https://www.apple.com/","2","444","/metrics/ac-analytics/2.5/scripts/ac-analytics.js","-1","","Akamai","999","636","719","719","999","280","636","999","363","7","8","1","1","http/1.1","high","","max-age=0","gzip","Mon, 05 Nov 2018 00:55:25 GMT","","",
"23.35.28.177","357","","","-1","-1","Script","3","-1","-1","application/x-javascript","0","1","","100","-1","https://www.apple.com/ac/globalfooter/3/en_US/scripts/ac-globalfooter.built.js","-1","-1","200","-1","","4871","90","537","","181105_YT_H","-1","80","-1","100","","14175","636","-1","GET","4606","4606","","0.12","-1","-1","www.apple.com","100","-1","https://www.apple.com/","3","444","/ac/globalfooter/3/en_US/scripts/ac-globalfooter.built.js","-1","","Akamai","993","636","716","716","993","277","636","993","357","8","9","1","1","http/1.1","high","","max-age=0","gzip","Mon, 05 Nov 2018 00:55:25 GMT","","",
"23.35.28.177","390","","","-1","-1","Script","3","-1","-1","application/x-javascript","0","1","","100","-1","https://www.apple.com/ac/localeswitcher/2/en_US/scripts/localeswitcher.built.js","-1","-1","200","-1","","56781","90","538","","181105_YT_H","-1","130","-1","100","","199928","717","-1","GET","56439","56439","","0.13","-1","-1","www.apple.com","100","-1","https://www.apple.com/","4","444","/ac/localeswitcher/2/en_US/scripts/localeswitcher.built.js","-1","","Akamai","1107","717","847","847","1107","260","717","1107","390","9","10","1","1","http/1.1","high","","max-age=0","gzip","Mon, 05 Nov 2018 00:55:25 GMT","","",
"23.35.28.177","389","","","-1","-1","Script","3","-1","-1","application/x-javascript","0","1","","100","-1","https://www.apple.com/v/home/dy/built/scripts/main.built.js","-1","-1","200","-1","","51386","90","518","","181105_YT_H","-1","136","-1","100","","208888","717","-1","GET","51044","51044","","0.14","-1","-1","www.apple.com","100","-1","https://www.apple.com/","1","444","/v/home/dy/built/scripts/main.built.js","-1","","Akamai","1106","717","853","853","1106","253","717","1106","389","10","11","1","1","http/1.1","high","","max-age=0","gzip","Mon, 05 Nov 2018 00:55:25 GMT","","",
"23.35.28.177","382","","","-1","-1","Stylesheet","3","-1","-1","text/css","0","1","","100","-1","https://www.apple.com/ac/ac-films/5.3.2/styles/modal.css","-1","-1","200","-1","","14313","90","530","","181105_YT_H","-1","110","-1","100","","88616","719","-1","GET","14063","14063","","0.15","-1","-1","www.apple.com","100","-1","https://www.apple.com/","3","444","/ac/ac-films/5.3.2/styles/modal.css","-1","","Akamai","1101","719","829","829","1101","272","719","1101","382","11","12","1","1","http/1.1","high","","max-age=0","gzip","Mon, 05 Nov 2018 00:55:25 GMT","","",
"23.35.28.177","532","","","-1","-1","Script","3","-1","-1","application/x-javascript","0","1","","100","-1","https://www.apple.com/ac/ac-films/5.3.2/scripts/autofilms.built.js","-1","-1","200","-1","","84534","90","525","","181105_YT_H","-1","72","-1","100","","358100","862","-1","GET","84192","84192","","0.16","-1","-1","www.apple.com","100","-1","https://www.apple.com/","2","445","/ac/ac-films/5.3.2/scripts/autofilms.built.js","-1","","Akamai","1394","862","934","934","1394","460","862","1394","532","12","13","1","1","http/1.1","high","","max-age=0","gzip","Mon, 05 Nov 2018 00:55:25 GMT","","",
"23.35.28.177","231","","","-1","-1","XHR","3","-1","-1","application/json","","1","","-1","-1","https://www.apple.com/search-services/suggestions/","-1","-1","200","-1","","946","1","697","","181105_YT_H","-1","198","-1","100","272","495","1462","-1","POST","495","","21412","0.37","-1","-1","www.apple.com","100","-1","https://www.apple.com/ac/globalnav/4/en_US/scripts/ac-globalnav.built.js","1","1461","/search-services/suggestions/","0","","Akamai","1693","1462","1660","1660","1693","33","1462","1693","231","13","14","1","1","http/1.1","medium","","max-age=272","","Mon, 05 Nov 2018 00:59:58 GMT","","",
"34.198.77.46","83","43","","-1","100","Image","3","1645","1875","image/gif","","1","","-1","1703","https://securemetrics.apple.com/b/ss/appleglobal,applehome,applestoreww,applestoreus/1/JS-2.7.0/s0613050697831?AQB=1&ndh=1&pf=1&t=4%2F10%2F2018%2019%3A55%3A26%200%20300&fid=635EA894227D319F-06E10AEB8672805A&ce=UTF-8&pageName=apple%20-%20index%2Ftab%20%28us%29&g=https%3A%2F%2Fwww.apple.com%2F&cc=USD&ch=www.us.homepage&server=ac-2.5&h1=www.us.homepage&c2=g%40%20apple%20a8%20gpu&v3=aos%3A%20us&c4=D%3Dg&v4=D%3DpageName&c5=iphone%202x&c9=ios%2011.4.1&v14=en-us&c19=aos%3A%20us%3A%20apple%20-%20index%2Ftab%20%28us%29&c20=aos%3A%20us&c25=direct%20entry&c34=0.%20apple%20-%20index%2Ftab%20-%20hero-iphone-xs%20-%20section%20engaged%20.0&c48=2&v54=https%3A%2F%2Fwww.apple.com%2F&v97=s.t-p&s=375x667&c=32&j=1.6&v=N&k=Y&bw=375&bh=603&AQE=1","2","1703","200","172","0","597","1","1282","","181105_YT_H","1647","56","1650","-1","","43","1876","53","GET","43","","123875","0.42","-1","-1","securemetrics.apple.com","100","-1","https://www.apple.com/metrics/ac-analytics/2.5/scripts/ac-analytics.js","5","1644","/b/ss/appleglobal,applehome,applestoreww,applestoreus/1/JS-2.7.0/s0613050697831?AQB=1&ndh=1&pf=1&t=4%2F10%2F2018%2019%3A55%3A26%200%20300&fid=635EA894227D319F-06E10AEB8672805A&ce=UTF-8&pageName=apple%20-%20index%2Ftab%20%28us%29&g=https%3A%2F%2Fwww.apple.com%2F&cc=USD&ch=www.us.homepage&server=ac-2.5&h1=www.us.homepage&c2=g%40%20apple%20a8%20gpu&v3=aos%3A%20us&c4=D%3Dg&v4=D%3DpageName&c5=iphone%202x&c9=ios%2011.4.1&v14=en-us&c19=aos%3A%20us%3A%20apple%20-%20index%2Ftab%20%28us%29&c20=aos%3A%20us&c25=direct%20entry&c34=0.%20apple%20-%20index%2Ftab%20-%20hero-iphone-xs%20-%20section%20engaged%20.0&c48=2&v54=https%3A%2F%2Fwww.apple.com%2F&v97=s.t-p&s=375x667&c=32&j=1.6&v=N&k=Y&bw=375&bh=603&AQE=1","-1","","","1959","1876","1932","1932","1959","27","1645","1959","310","14","15","1","1","http/1.1","low","","no-cache, no-store, max-age=0, no-transform, private","","Sun, 04 Nov 2018 00:55:26 GMT","","",
