"ip_addr","load_ms","image_total","minify_save","score_cookies","score_compress","requestType","type","dns_start","ssl_end","gzip_save","is_secure","server_count","score_gzip","ssl_start","full_url","dns_ms","connect_end","responseCode","ssl_ms","image_save","bytesIn","initiator_line","bytesOut","minify_total","cacheControl","id","dns_end","ttfb_ms","connect_start","score_cdn","cache_time","objectSizeUncompressed","load_start","connect_ms","method","objectSize","gzip_total","initiator_column","request_id","score_combine","score_etags","host","score_keep-alive","score_minify","initiator","socket","created","url","score_cache","server_rtt","cdn_provider","load_end","ttfb_start","ttfb_end","download_start","download_end","download_ms","all_start","all_end","all_ms","index","number","run","cached","protocol","priority","contentType","is_base_page","expires","contentEncoding","jpeg_scan_count","score_progressive_jpeg",
"","220","","","-1","-1","Document","3","-1","-1","","1","","-1","-1","https://reddit.com/","-1","-1","301","-1","","279","","0","","private, max-age=3600","181105_SE_D","-1","220","-1","-1","","0","0","-1","GET","0","","","0.2","-1","-1","reddit.com","-1","-1","","-1","0","/","-1","","","220","0","220","220","220","0","0","220","220","0","1","1","0","","","","","","","","",
"151.101.185.140","396","","","-1","-1","Document","3","-1","-1","17963","1","","29","-1","https://www.reddit.com/","-1","-1","200","-1","","26568","","354","","private, s-maxage=0, max-age=0, must-revalidate","181105_SE_D","-1","133","-1","100","","25387","220","-1","GET","25387","25387","","0.2.1","-1","-1","www.reddit.com","100","-1","","1","220","/","-1","","Fastly","616","220","353","353","616","263","220","616","396","1","2","1","0","h2","high","text/html; charset=utf-8","1","","","","",
"151.101.185.140","174","378","","-1","100","Image","3","-1","-1","","1","","-1","-1","https://www.redditstatic.com/mweb2x/img/icon_share_ios_32.png","-1","-1","200","-1","0","854","1","39","","","181105_SE_D","-1","64","-1","100","604537771","378","750","-1","GET","378","","","0.5","-1","-1","www.redditstatic.com","100","-1","https://www.reddit.com/","2","617","/mweb2x/img/icon_share_ios_32.png","100","","Fastly","924","750","814","814","924","110","750","924","174","2","3","1","0","h2","low","image/png","","Thu, 31 Dec 2037 23:59:59 GMT","","","",
"151.101.185.140","161","29604","","-1","100","Image","3","-1","-1","","1","","-1","-1","https://www.redditstatic.com/mweb2x/img/chrome.png","-1","-1","200","-1","0","30080","1","80","","","181105_SE_D","-1","64","-1","100","604537771","29604","750","-1","GET","29604","","","0.4","-1","-1","www.redditstatic.com","100","-1","https://www.reddit.com/","2","616","/mweb2x/img/chrome.png","100","","Fastly","911","750","814","814","911","97","750","911","161","3","4","1","0","h2","low","image/png","","Thu, 31 Dec 2037 23:59:59 GMT","","","",
"151.101.185.140","295","","","-1","-1","Script","3","-1","-1","0","1","","100","-1","https://www.redditstatic.com/mweb2x/ProductionClient.a3f5938525a7f94279d4.js","-1","-1","200","-1","","458858","1","54","","","181105_SE_D","-1","64","-1","100","604537771","1749903","750","-1","GET","458393","458393","","0.6","-1","-1","www.redditstatic.com","100","-1","https://www.reddit.com/","2","617","/mweb2x/ProductionClient.a3f5938525a7f94279d4.js","100","","Fastly","1045","750","814","814","1045","231","750","1045","295","4","5","1","0","h2","high","application/javascript","","Thu, 31 Dec 2037 23:59:59 GMT","gzip","","",
"151.101.185.140","75","","","-1","-1","Stylesheet","3","616","750","0","1","","100","674","https://www.redditstatic.com/mweb2x/ProductionClient.c730eec5f312a9f0983e070f9c2b1f40.css","34","674","200","76","","23569","1","211","","","181105_SE_D","650","35","651","100","604537771","132879","752","23","GET","23119","23119","","0.3","-1","-1","www.redditstatic.com","100","-1","https://www.reddit.com/","2","613","/mweb2x/ProductionClient.c730eec5f312a9f0983e070f9c2b1f40.css","100","","Fastly","827","752","787","787","827","40","616","827","208","5","6","1","0","h2","high","text/css","","Thu, 31 Dec 2037 23:59:59 GMT","gzip","","",
"151.101.185.140","1249","","","-1","-1","Font","3","-1","-1","","1","","-1","-1","https://www.redditstatic.com/mweb2x/fonts/rfont.745725b632be1f916eaadf5d172ab7f9.woff","-1","-1","200","-1","","9113","1","51","","","181105_SE_D","-1","84","-1","100","604537770","8624","931","-1","GET","8624","","","0.7","-1","-1","www.redditstatic.com","100","-1","https://www.reddit.com/","2","928","/mweb2x/fonts/rfont.745725b632be1f916eaadf5d172ab7f9.woff","100","","Fastly","2180","931","1015","1015","2180","1165","931","2180","1249","6","7","1","0","h2","medium","application/x-font-woff","","Thu, 31 Dec 2037 23:59:59 GMT","","","",
"151.101.185.140","500","","","-1","-1","XHR","3","-1","-1","0","1","","100","-1","https://www.reddit.com/hot.json?redditWebClient=mweb2x&layout=classic&raw_json=1&withAds=true&feature=link_preview&sr_detail=true&app=2x-client-production","-1","-1","200","-1","","80662","10","551","","max-age=0, must-revalidate","181105_SE_D","-1","366","-1","100","","300096","2092","-1","GET","79722","79722","646","0.9","-1","-1","www.reddit.com","100","-1","https://www.redditstatic.com/mweb2x/ProductionClient.a3f5938525a7f94279d4.js","1","2091","/hot.json?redditWebClient=mweb2x&layout=classic&raw_json=1&withAds=true&feature=link_preview&sr_detail=true&app=2x-client-production","-1","","Fastly","2592","2092","2458","2458","2592","134","2092","2592","500","7","8","1","0","h2","medium","application/json; charset=UTF-8","","","gzip","","",
"107.20.46.78","96","","","-1","-1","XHR","3","1913","2185","","1","","-1","2013","https://events.redditmedia.com/v1?key=Mweb3&mac=c97aaf41269b22f78c9c2f4b4f908802343c66a118b05d564ca46275ecf10df9","54","2013","200","172","","343","10","1129","","","181105_SE_D","1967","67","1968","0","0","2","2185","45","POST","2","","646","0.8","-1","-1","events.redditmedia.com","100","-1","https://www.redditstatic.com/mweb2x/ProductionClient.a3f5938525a7f94279d4.js","3","1911","/v1?key=Mweb3&mac=c97aaf41269b22f78c9c2f4b4f908802343c66a118b05d564ca46275ecf10df9","0","","","2281","2185","2252","2252","2281","29","1913","2281","367","8","9","1","0","http/1.1","medium","application/json","","","","","",
"107.20.46.78","74","","","-1","-1","XHR","3","2200","2297","","1","","-1","2248","https://events.redditmedia.com/v1?key=Mweb3&mac=0081937b33aba65dfa90bf982c5964a09a6ede625d6e49ab4359beb382888a39","4","2248","200","49","","343","10","1133","","","181105_SE_D","2204","52","2205","0","0","2","2305","43","POST","2","","646","0.11","-1","-1","events.redditmedia.com","100","-1","https://www.redditstatic.com/mweb2x/ProductionClient.a3f5938525a7f94279d4.js","4","2116","/v1?key=Mweb3&mac=0081937b33aba65dfa90bf982c5964a09a6ede625d6e49ab4359beb382888a39","0","","","2379","2305","2357","2357","2379","22","2200","2379","170","9","10","1","0","http/1.1","medium","application/json","","","","","",
"52.84.141.186","154","","","-1","-1","Script","3","2105","2310","","1","","-1","2192","https://app.link/_r?sdk=web2.31.0&branch_key=key_live_hoc05HaCXaME10UMwyj3filpqzfu2Ue6&callback=branch_callback__0","52","2192","200","118","","660","17","386","","","181105_SE_D","2157","117","2158","100","0","90","2310","34","GET","90","","14170","0.10","-1","-1","app.link","100","-1","https://www.redditstatic.com/mweb2x/ProductionClient.a3f5938525a7f94279d4.js","5","2102","/_r?sdk=web2.31.0&branch_key=key_live_hoc05HaCXaME10UMwyj3filpqzfu2Ue6&callback=branch_callback__0","0","","Amazon CloudFront","2464","2310","2427","2427","2464","37","2105","2464","358","10","11","1","0","http/1.1","high","text/javascript; charset=utf-8","","","","","",
"107.20.46.78","247","","","-1","-1","XHR","3","2208","2314","","1","","-1","2257","https://events.redditmedia.com/v1?key=Mweb3&mac=55c97dd14e6360de32921785e2bbfce532cc2328fcb6dccc7c3c34444e6f5944","5","2257","200","57","","343","10","1181","","","181105_SE_D","2213","228","2214","0","0","2","2315","43","POST","2","","646","0.12","-1","-1","events.redditmedia.com","100","-1","https://www.redditstatic.com/mweb2x/ProductionClient.a3f5938525a7f94279d4.js","6","2169","/v1?key=Mweb3&mac=55c97dd14e6360de32921785e2bbfce532cc2328fcb6dccc7c3c34444e6f5944","0","","","2562","2315","2543","2543","2562","19","2208","2562","352","11","12","1","0","http/1.1","medium","application/json","","","","","",
"151.101.185.140","877","","","-1","-1","Document","3","2489","2731","0","1","","100","2599","https://www.redditmedia.com/gtm/jail?id=GTM-W7RKT4","80","2599","200","132","","647","19","221","","","181105_SE_D","2569","39","2573","100","","344","2732","26","GET","253","253","9868","0.14","-1","-1","www.redditmedia.com","100","-1","https://www.redditstatic.com/mweb2x/ProductionClient.a3f5938525a7f94279d4.js","13","2486","/gtm/jail?id=GTM-W7RKT4","-1","","Fastly","3609","2732","2771","2771","3609","838","2489","3609","1115","12","13","1","0","h2","high","text/html; charset=UTF-8","","","gzip","","",
"54.192.91.187","799","","","-1","-1","Script","3","2502","2732","0","1","","100","2607","https://c.amazon-adsystem.com/aax2/apstag.js","68","2607","200","125","","19020","19","316","","public, max-age=86400","181105_SE_D","2570","77","2576","100","56191","64927","2733","31","GET","18550","18550","6575","0.16","-1","-1","c.amazon-adsystem.com","100","-1","https://www.redditstatic.com/mweb2x/ProductionClient.a3f5938525a7f94279d4.js","7","2492","/aax2/apstag.js","50","","Amazon CloudFront","3532","2733","2810","2810","3532","722","2502","3532","1023","13","14","1","0","http/1.1","high","application/javascript","","","gzip","","",
"52.84.142.230","797","","","-1","-1","XHR","3","2475","2731","","1","","-1","2605","https://api.branch.io/v1/open","93","2605","200","126","","598","17","331","","no-cache","181105_SE_D","2568","172","2571","100","","268","2739","34","POST","268","","15668","0.13","-1","-1","api.branch.io","100","-1","https://www.redditstatic.com/mweb2x/ProductionClient.a3f5938525a7f94279d4.js","9","2473","/v1/open","-1","","Amazon CloudFront","3536","2739","2911","2911","3536","625","2475","3536","1050","14","15","1","0","h2","medium","application/json","","","","","",
"64.233.171.155","782","","","-1","-1","Script","3","2494","2751","0","1","","100","2572","https://www.googletagservices.com/tag/js/gpt.js","22","2572","200","179","","9423","19","172","","private, max-age=900, stale-while-revalidate=3600","181105_SE_D","2516","61","2517","100","900","25015","2752","55","GET","8931","8931","6244","0.15","-1","-1","www.googletagservices.com","100","-1","https://www.redditstatic.com/mweb2x/ProductionClient.a3f5938525a7f94279d4.js","8","2487","/tag/js/gpt.js","0","","Google","3534","2752","2813","2813","3534","721","2494","3534","1038","15","16","1","0","h2","high","text/javascript","","Mon, 05 Nov 2018 00:50:30 GMT","gzip","","",
"107.20.46.78","351","","","-1","-1","XHR","3","-1","-1","","1","","-1","-1","https://events.redditmedia.com/v1?key=Mweb3&mac=273ee2a0976f648f84d8f2a969818420a2c70d2ff73e70b7ce97a557ce2576f3","-1","-1","200","-1","","343","10","1138","","","181105_SE_D","-1","51","-1","0","0","2","3236","-1","POST","2","","646","0.28","-1","-1","events.redditmedia.com","100","-1","https://www.redditstatic.com/mweb2x/ProductionClient.a3f5938525a7f94279d4.js","3","3235","/v1?key=Mweb3&mac=273ee2a0976f648f84d8f2a969818420a2c70d2ff73e70b7ce97a557ce2576f3","0","","","3587","3236","3287","3287","3587","300","3236","3587","351","16","17","1","0","http/1.1","medium","application/json","","","","","",
"151.101.185.140","231","7503","","-1","100","Image","3","-1","-1","","1","","-1","-1","https://b.thumbs.redditmedia.com/HPyYX9GRDS346xnGCFLuApAeNRBm8ME8T0wDTLzRoNY.jpg","-1","-1","200","-1","0","7985","26","55","","","181105_SE_D","-1","33","-1","100","604537768","7503","3363","-1","GET","7503","","17045","0.20","-1","-1","b.thumbs.redditmedia.com","100","-1","https://www.redditstatic.com/mweb2x/ProductionClient.a3f5938525a7f94279d4.js","11","3066","/HPyYX9GRDS346xnGCFLuApAeNRBm8ME8T0wDTLzRoNY.jpg","100","","Fastly","3594","3363","3396","3396","3594","198","3363","3594","231","17","18","1","0","h2","low","image/jpeg","","Thu, 31 Dec 2037 23:59:59 GMT","","1","50",
"151.101.185.140","237","1565","","-1","100","Image","3","-1","-1","","1","","-1","-1","https://b.thumbs.redditmedia.com/WcHaiSSK5MSMM4jDXQjJ09i6FW3R-Ib8cMNPTxFVplY.jpg","-1","-1","200","-1","0","2052","26","54","","","181105_SE_D","-1","103","-1","100","604537768","1565","3364","-1","GET","1565","","17045","0.27","-1","-1","b.thumbs.redditmedia.com","100","-1","https://www.redditstatic.com/mweb2x/ProductionClient.a3f5938525a7f94279d4.js","11","3078","/WcHaiSSK5MSMM4jDXQjJ09i6FW3R-Ib8cMNPTxFVplY.jpg","100","","Fastly","3601","3364","3467","3467","3601","134","3364","3601","237","18","19","1","0","h2","low","image/jpeg","","Thu, 31 Dec 2037 23:59:59 GMT","","1","50",
"151.101.185.140","226","6557","","-1","100","Image","3","-1","-1","","1","","-1","-1","https://a.thumbs.redditmedia.com/mGae9gAhK8-VGxfSyz4i9LiCIJcNKApn-EjgHtt2U10.jpg","-1","-1","200","-1","0","7041","26","53","","","181105_SE_D","-1","33","-1","100","604537768","6557","3365","-1","GET","6557","","17045","0.21","-1","-1","a.thumbs.redditmedia.com","100","-1","https://www.redditstatic.com/mweb2x/ProductionClient.a3f5938525a7f94279d4.js","10","3068","/mGae9gAhK8-VGxfSyz4i9LiCIJcNKApn-EjgHtt2U10.jpg","100","","Fastly","3591","3365","3398","3398","3591","193","3365","3591","226","19","20","1","0","h2","low","image/jpeg","","Thu, 31 Dec 2037 23:59:59 GMT","","1","50",
"151.101.185.140","234","6279","","-1","100","Image","3","-1","-1","","1","","-1","-1","https://b.thumbs.redditmedia.com/Cmfkk6yJMEA4JCqd1zSH5yxLmwhquhepyW1V54XOR2s.jpg","-1","-1","200","-1","0","6761","26","54","","","181105_SE_D","-1","101","-1","100","604537768","6279","3366","-1","GET","6279","","17045","0.25","-1","-1","b.thumbs.redditmedia.com","100","-1","https://www.redditstatic.com/mweb2x/ProductionClient.a3f5938525a7f94279d4.js","11","3075","/Cmfkk6yJMEA4JCqd1zSH5yxLmwhquhepyW1V54XOR2s.jpg","100","","Fastly","3600","3366","3467","3467","3600","133","3366","3600","234","20","21","1","0","h2","low","image/jpeg","","Thu, 31 Dec 2037 23:59:59 GMT","","1","50",
"151.101.185.140","237","10343","","-1","100","Image","3","-1","-1","","1","","-1","-1","https://external-preview.redd.it/1VzMD_kSJJ_JOOHPO8jdEte8qReq5puIA6OmxHLD9mY.jpg?width=216&crop=smart&auto=webp&s=5033f36480ba2ae504dd9b5a23fd16cc20d3fd7f","-1","-1","200","-1","0","10825","26","108","","public, max-age=604800","181105_SE_D","-1","102","-1","100","494098","10343","3366","-1","GET","10343","","17045","0.23","-1","-1","external-preview.redd.it","100","-1","https://www.redditstatic.com/mweb2x/ProductionClient.a3f5938525a7f94279d4.js","12","3071","/1VzMD_kSJJ_JOOHPO8jdEte8qReq5puIA6OmxHLD9mY.jpg?width=216&crop=smart&auto=webp&s=5033f36480ba2ae504dd9b5a23fd16cc20d3fd7f","50","","Fastly","3603","3366","3468","3468","3603","135","3366","3603","237","21","22","1","0","h2","low","image/jpeg","","","","1","0",
"151.101.185.140","229","3716","","-1","100","Image","3","-1","-1","","1","","-1","-1","https://external-preview.redd.it/vTtr0JJHQ1kuU4IUyhWQ0Ycom0YeV5nNBs5O9d6z-6c.jpg?width=108&crop=smart&auto=webp&s=8c54c514a44ede3f5456db8106878d55ec1cd49c","-1","-1","200","-1","0","4193","26","106","","public, max-age=604800","181105_SE_D","-1","35","-1","100","542844","3716","3367","-1","GET","3716","","17045","0.24","-1","-1","external-preview.redd.it","100","-1","https://www.redditstatic.com/mweb2x/ProductionClient.a3f5938525a7f94279d4.js","12","3073","/vTtr0JJHQ1kuU4IUyhWQ0Ycom0YeV5nNBs5O9d6z-6c.jpg?width=108&crop=smart&auto=webp&s=8c54c514a44ede3f5456db8106878d55ec1cd49c","50","","Fastly","3596","3367","3402","3402","3596","194","3367","3596","229","22","23","1","0","h2","low","image/jpeg","","","","1","50",
"151.101.185.140","232","8516","","-1","100","Image","3","3074","3366","","1","","-1","3149","https://external-preview.redd.it/Yyw-UPkObiSRQD6sbze60b9QCa2_0f_FTqEYfpk0o9E.jpg?width=216&crop=smart&auto=webp&s=13b5422b565e66e0ee8666f1f01f5ca32a44f05a","41","3149","200","217","0","8992","26","297","","public, max-age=604800","181105_SE_D","3115","36","3117","100","581912","8516","3367","32","GET","8516","","17045","0.22","-1","-1","external-preview.redd.it","100","-1","https://www.redditstatic.com/mweb2x/ProductionClient.a3f5938525a7f94279d4.js","12","3070","/Yyw-UPkObiSRQD6sbze60b9QCa2_0f_FTqEYfpk0o9E.jpg?width=216&crop=smart&auto=webp&s=13b5422b565e66e0ee8666f1f01f5ca32a44f05a","50","","Fastly","3599","3367","3403","3403","3599","196","3074","3599","522","23","24","1","0","h2","low","image/jpeg","","","","1","50",
"151.101.185.140","233","5507","","-1","100","Image","3","-1","-1","","1","","-1","-1","https://a.thumbs.redditmedia.com/niqiRziXpqQ-AtWH_fw5oqMZMVfTm1lkw7c6HUF3PN8.jpg","-1","-1","200","-1","0","5990","26","54","","","181105_SE_D","-1","102","-1","100","604537768","5507","3368","-1","GET","5507","","17045","0.26","-1","-1","a.thumbs.redditmedia.com","100","-1","https://www.redditstatic.com/mweb2x/ProductionClient.a3f5938525a7f94279d4.js","10","3076","/niqiRziXpqQ-AtWH_fw5oqMZMVfTm1lkw7c6HUF3PN8.jpg","100","","Fastly","3601","3368","3470","3470","3601","131","3368","3601","233","24","25","1","0","h2","low","image/jpeg","","Thu, 31 Dec 2037 23:59:59 GMT","","1","50",
"151.101.185.140","234","7439","","-1","100","Image","3","3077","3372","","1","","-1","3148","https://b.thumbs.redditmedia.com/_kykPfE2Ldl8vHN1XJINAOCX6TixPpHN_kr5-hVFAPQ.jpg","44","3148","200","224","0","7923","26","245","","","181105_SE_D","3121","101","3123","100","604537768","7439","3373","25","GET","7439","","17045","0.19","-1","-1","b.thumbs.redditmedia.com","100","-1","https://www.redditstatic.com/mweb2x/ProductionClient.a3f5938525a7f94279d4.js","11","3065","/_kykPfE2Ldl8vHN1XJINAOCX6TixPpHN_kr5-hVFAPQ.jpg","100","","Fastly","3607","3373","3474","3474","3607","133","3077","3607","527","25","26","1","0","h2","low","image/jpeg","","Thu, 31 Dec 2037 23:59:59 GMT","","1","50",
"151.101.185.140","215","2738","","-1","100","Image","3","-1","-1","","1","","-1","-1","https://a.thumbs.redditmedia.com/5n5OqtBS4jnDhn5ywUwwt5SPAv3DCSqao_XXMNsESi8.jpg","-1","-1","200","-1","0","3225","26","54","","","181105_SE_D","-1","32","-1","100","604537768","2738","3374","-1","GET","2738","","17045","0.18","-1","-1","a.thumbs.redditmedia.com","100","-1","https://www.redditstatic.com/mweb2x/ProductionClient.a3f5938525a7f94279d4.js","10","3064","/5n5OqtBS4jnDhn5ywUwwt5SPAv3DCSqao_XXMNsESi8.jpg","100","","Fastly","3589","3374","3406","3406","3589","183","3374","3589","215","26","27","1","0","h2","low","image/jpeg","","Thu, 31 Dec 2037 23:59:59 GMT","","1","50",
"151.101.185.140","232","4254","","-1","100","Image","3","3064","3375","","1","","-1","3142","https://a.thumbs.redditmedia.com/pYEl_FCxmJ8YIG3y3g7Q3u9q_y_j3edffE05bVGVfW0.jpg","51","3142","200","233","0","4737","26","244","","","181105_SE_D","3115","100","3116","100","604537768","4254","3376","26","GET","4254","","17045","0.17","-1","-1","a.thumbs.redditmedia.com","100","-1","https://www.redditstatic.com/mweb2x/ProductionClient.a3f5938525a7f94279d4.js","10","3061","/pYEl_FCxmJ8YIG3y3g7Q3u9q_y_j3edffE05bVGVfW0.jpg","100","","Fastly","3608","3376","3476","3476","3608","132","3064","3608","542","27","28","1","0","h2","low","image/jpeg","","Thu, 31 Dec 2037 23:59:59 GMT","","1","50",
"52.84.142.230","283","","","-1","-1","XHR","3","-1","-1","","1","","-1","-1","https://api.branch.io/v1/event","-1","-1","200","-1","","465","17","611","","no-cache","181105_SE_D","-1","174","-1","100","","29","3585","-1","POST","29","","15668","0.29","-1","-1","api.branch.io","100","-1","https://www.redditstatic.com/mweb2x/ProductionClient.a3f5938525a7f94279d4.js","9","3584","/v1/event","-1","","Amazon CloudFront","3868","3585","3759","3759","3868","109","3585","3868","283","28","29","1","0","h2","medium","application/json; charset=utf-8","","","","","",
"151.101.185.140","106","","","-1","-1","Script","3","-1","-1","0","1","","100","-1","https://www.redditstatic.com/gtm-jail.jTMwZME_TT8.js","-1","-1","200","-1","","2826","16","33","","","181105_SE_D","-1","37","-1","100","604537768","5629","3614","-1","GET","2356","2356","","0.30","-1","-1","www.redditstatic.com","100","-1","https://www.redditmedia.com/gtm/jail?id=GTM-W7RKT4","2","3613","/gtm-jail.jTMwZME_TT8.js","100","","Fastly","3720","3614","3651","3651","3720","69","3614","3720","106","29","30","1","0","h2","high","application/javascript","","Thu, 31 Dec 2037 23:59:59 GMT","gzip","","",
"151.101.185.140","267","","","-1","-1","Document","3","-1","-1","0","1","","100","-1","https://www.redditmedia.com/gtm?id=GTM-W7RKT4&cb=null","-1","-1","200","-1","","992","1","35","","","181105_SE_D","-1","75","-1","100","","953","3743","-1","GET","580","580","5558","0.34","-1","-1","www.redditmedia.com","100","-1","https://www.redditstatic.com/gtm-jail.jTMwZME_TT8.js","13","3742","/gtm?id=GTM-W7RKT4&cb=null","-1","","Fastly","4010","3743","3818","3818","4010","192","3743","4010","267","30","31","1","0","h2","high","text/html; charset=UTF-8","","","gzip","","",
"107.20.46.78","140","","","-1","-1","XHR","3","-1","-1","","1","","-1","-1","https://events.redditmedia.com/v1?key=Mweb3&mac=d0702417cecd12733f0eba958ec1a46d8cd9f2e5c87336fc30ba3d50e5c9d70c","-1","-1","200","-1","","343","10","1161","","","181105_SE_D","-1","77","-1","0","0","2","3945","-1","POST","2","","646","0.35","-1","-1","events.redditmedia.com","100","-1","https://www.redditstatic.com/mweb2x/ProductionClient.a3f5938525a7f94279d4.js","3","3942","/v1?key=Mweb3&mac=d0702417cecd12733f0eba958ec1a46d8cd9f2e5c87336fc30ba3d50e5c9d70c","0","","","4085","3945","4022","4022","4085","63","3945","4085","140","31","32","1","0","http/1.1","medium","application/json","","","","","",
"54.192.91.187","93","","","-1","-1","XHR","3","3638","3919","0","1","","100","3701","https://c.amazon-adsystem.com/bao-csm/aps-comm/aps_csm.js","17","3701","200","218","","3230","2","361","","public, max-age=86400","181105_SE_D","3655","43","3665","100","56510","6456","3950","36","GET","2647","2647","17388","0.31","-1","-1","c.amazon-adsystem.com","100","-1","https://c.amazon-adsystem.com/aax2/apstag.js","14","3637","/bao-csm/aps-comm/aps_csm.js","50","","Amazon CloudFront","4043","3950","3993","3993","4043","50","3638","4043","364","32","33","1","0","http/1.1","medium","application/javascript","","","gzip","","",
"64.233.171.155","120","","","-1","-1","Script","3","3668","3980","0","1","","100","3763","https://adservice.google.com/adsid/integrator.js?domain=www.reddit.com","13","3763","200","217","","638","1","188","","private, no-cache, no-store","181105_SE_D","3681","82","3693","100","","109","3981","70","GET","104","104","12055","0.32","-1","-1","adservice.google.com","100","-1","https://www.googletagservices.com/tag/js/gpt.js","15","3663","/adsid/integrator.js?domain=www.reddit.com","-1","","Google","4101","3981","4063","4063","4101","38","3668","4101","420","33","34","1","0","h2","high","application/javascript; charset=UTF-8","","","gzip","","",
"108.177.103.155","287","","","-1","-1","Script","3","3671","3982","0","1","","100","3808","https://securepubads.g.doubleclick.net/gpt/pubads_impl_270.js","38","3808","200","174","","64462","1","181","","private, immutable, max-age=31536000","181105_SE_D","3709","74","3710","100","31536000","188372","3982","98","GET","64036","64036","24863","0.33","-1","-1","securepubads.g.doubleclick.net","100","-1","https://www.googletagservices.com/tag/js/gpt.js","16","3665","/gpt/pubads_impl_270.js","100","","Google","4269","3982","4056","4056","4269","213","3671","4269","597","34","35","1","0","h2","high","text/javascript","","Mon, 05 Nov 2018 00:50:32 GMT","gzip","","",
"151.101.185.140","48","","","-1","-1","Script","3","-1","-1","0","1","","100","-1","https://www.redditstatic.com/gtm.aX_QHhLRPyo.js","-1","-1","200","-1","","2772","14","29","","","181105_SE_D","-1","29","-1","100","604537767","5679","4012","-1","GET","2302","2302","","0.36","-1","-1","www.redditstatic.com","100","-1","https://www.redditmedia.com/gtm?id=GTM-W7RKT4&cb=null","2","4011","/gtm.aX_QHhLRPyo.js","100","","Fastly","4060","4012","4041","4041","4060","19","4012","4060","48","35","36","1","0","h2","high","application/javascript","","Thu, 31 Dec 2037 23:59:59 GMT","gzip","","",
"108.177.104.97","159","","","-1","-1","Script","3","4068","4446","0","1","","100","4186","https://www.googletagmanager.com/gtm.js?id=GTM-W7RKT4&l=googleTagManager","3","4186","200","260","","28342","30","173","","private, max-age=900","181105_SE_D","4071","56","4073","100","900","79264","4448","113","GET","27858","27858","75","0.37","-1","-1","www.googletagmanager.com","100","-1","https://www.redditmedia.com/gtm?id=GTM-W7RKT4&cb=null","17","4065","/gtm.js?id=GTM-W7RKT4&l=googleTagManager","0","","Google","4607","4448","4504","4504","4607","103","4068","4607","535","36","37","1","0","h2","high","application/javascript; charset=UTF-8","","Mon, 05 Nov 2018 00:50:32 GMT","gzip","","",
"","1351","","","-1","-1","Image","3","-1","-1","","1","","-1","-1","https://id.rlcdn.com/472486.gif?gtmcb=143805841","-1","-1","307","-1","","347","156","0","","no-cache, no-store","181105_SE_D","-1","1351","-1","-1","","0","4683","-1","GET","0","","36","0.39","-1","-1","id.rlcdn.com","-1","-1","https://www.googletagmanager.com/gtm.js?id=GTM-W7RKT4&l=googleTagManager","-1","4683","/472486.gif?gtmcb=143805841","-1","","","6034","4683","6034","6034","6034","0","4683","6034","1351","37","38","1","0","","","","","","","","",
"173.194.78.113","95","","","-1","-1","Script","3","4683","4907","0","1","","100","4739","https://www.google-analytics.com/analytics.js","4","4739","200","168","","17742","155","152","","public, max-age=7200","181105_SE_D","4687","71","4688","100","4143","43233","4908","51","GET","17301","17301","26","0.38","-1","-1","www.google-analytics.com","100","-1","https://www.googletagmanager.com/gtm.js?id=GTM-W7RKT4&l=googleTagManager","18","4680","/analytics.js","50","","Google","5003","4908","4979","4979","5003","24","4683","5003","318","38","39","1","0","h2","high","text/javascript","","Mon, 05 Nov 2018 01:59:36 GMT","gzip","","",
"","57","","","-1","-1","","3","-1","-1","","1","","-1","-1","https://id.rlcdn.com/1000.gif?memo=CKbrHBoNCNqn_t4FEgUI6AcQAEIASgA","-1","-1","307","-1","","343","","0","","no-cache, no-store","181105_SE_D","-1","57","-1","-1","","0","6033","-1","GET","0","","","0.39.1","-1","-1","id.rlcdn.com","-1","-1","","-1","6033","/1000.gif?memo=CKbrHBoNCNqn_t4FEgUI6AcQAEIASgA","-1","","","6090","6033","6090","6090","6090","0","6033","6090","57","39","40","1","0","","","","","","","","",
"54.84.177.104","265","35","","-1","100","","3","-1","-1","","1","","-1","-1","https://alb.reddit.com/skatepark?IDLT=","-1","-1","200","-1","0","285","","1090","","no-cache, no-store, must-revalidate","181105_SE_D","-1","264","-1","-1","","35","6091","-1","GET","35","","","0.39.2","-1","-1","alb.reddit.com","100","-1","","19","6091","/skatepark?IDLT=","-1","","","6356","6091","6355","6355","6356","1","6091","6356","265","40","41","1","0","http/1.1","low","image/gif","","","","","",
"151.101.185.140","391","","","-1","-1","Document","3","-1","-1","17653","1","","29","-1","https://www.reddit.com/","-1","-1","200","-1","","25835","","624","","private, s-maxage=0, max-age=0, must-revalidate","181105_SE_D","-1","307","-1","100","","25042","24","-1","GET","25042","25042","","0.2.1","-1","-1","www.reddit.com","100","-1","","1","24","/","-1","","Fastly","415","24","331","331","415","84","24","415","391","0","1","1","1","h2","high","text/html; charset=utf-8","1","","","","",
"151.101.185.140","435","","","-1","-1","XHR","3","-1","-1","0","1","","100","-1","https://www.reddit.com/hot.json?redditWebClient=mweb2x&layout=classic&raw_json=1&withAds=true&feature=link_preview&sr_detail=true&app=2x-client-production","-1","-1","200","-1","","81188","10","571","","max-age=0, must-revalidate","181105_SE_D","-1","349","-1","100","","301077","1545","-1","GET","80248","80248","646","0.8","-1","-1","www.reddit.com","100","-1","https://www.redditstatic.com/mweb2x/ProductionClient.a3f5938525a7f94279d4.js","1","1544","/hot.json?redditWebClient=mweb2x&layout=classic&raw_json=1&withAds=true&feature=link_preview&sr_detail=true&app=2x-client-production","-1","","Fastly","1980","1545","1894","1894","1980","86","1545","1980","435","1","2","1","1","h2","medium","application/json; charset=UTF-8","","","gzip","","",
"52.200.156.132","309","","","-1","-1","XHR","3","1376","1651","","1","","-1","1455","https://events.redditmedia.com/v1?key=Mweb3&mac=03446d1f03fc72b74716596c71b82a93de9a3584cc26192c179555b8d5ef9beb","16","1455","200","196","","343","10","1158","","","181105_SE_D","1392","239","1394","0","0","2","1652","61","POST","2","","646","0.7","-1","-1","events.redditmedia.com","100","-1","https://www.redditstatic.com/mweb2x/ProductionClient.a3f5938525a7f94279d4.js","5","1375","/v1?key=Mweb3&mac=03446d1f03fc72b74716596c71b82a93de9a3584cc26192c179555b8d5ef9beb","0","","","1961","1652","1891","1891","1961","70","1376","1961","582","2","3","1","1","http/1.1","medium","application/json","","","","","",
"52.84.141.51","131","","","-1","-1","Script","3","1556","1760","","1","","-1","1648","https://app.link/_r?sdk=web2.31.0&_t=587793134699848880&branch_key=key_live_hoc05HaCXaME10UMwyj3filpqzfu2Ue6&callback=branch_callback__0","35","1648","200","112","","660","17","408","","","181105_SE_D","1591","115","1593","100","0","90","1761","55","GET","90","","14170","0.9","-1","-1","app.link","100","-1","https://www.redditstatic.com/mweb2x/ProductionClient.a3f5938525a7f94279d4.js","4","1555","/_r?sdk=web2.31.0&_t=587793134699848880&branch_key=key_live_hoc05HaCXaME10UMwyj3filpqzfu2Ue6&callback=branch_callback__0","0","","Amazon CloudFront","1892","1761","1876","1876","1892","16","1556","1892","333","3","4","1","1","http/1.1","high","text/javascript; charset=utf-8","","","","","",
"52.200.156.132","98","","","-1","-1","XHR","3","1658","1777","","1","","-1","1711","https://events.redditmedia.com/v1?key=Mweb3&mac=dc07756066359a1a9947a7d58f2f9968c195d4e32ea55668cdcb2f326b3cc6df","6","1711","200","66","","343","10","1195","","","181105_SE_D","1664","74","1665","0","0","2","1778","46","POST","2","","646","0.11","-1","-1","events.redditmedia.com","100","-1","https://www.redditstatic.com/mweb2x/ProductionClient.a3f5938525a7f94279d4.js","3","1614","/v1?key=Mweb3&mac=dc07756066359a1a9947a7d58f2f9968c195d4e32ea55668cdcb2f326b3cc6df","0","","","1876","1778","1852","1852","1876","24","1658","1876","216","4","5","1","1","http/1.1","medium","application/json","","","","","",
"52.200.156.132","78","","","-1","-1","XHR","3","1673","1783","","1","","-1","1729","https://events.redditmedia.com/v1?key=Mweb3&mac=f8576175edf5ddff6b6fd92f9bbcf44444392b0a24e5aa61d35edbf5aa71d188","8","1729","200","54","","343","10","1147","","","181105_SE_D","1681","71","1682","0","0","2","1784","47","POST","2","","646","0.10","-1","-1","events.redditmedia.com","100","-1","https://www.redditstatic.com/mweb2x/ProductionClient.a3f5938525a7f94279d4.js","2","1571","/v1?key=Mweb3&mac=f8576175edf5ddff6b6fd92f9bbcf44444392b0a24e5aa61d35edbf5aa71d188","0","","","1862","1784","1855","1855","1862","7","1673","1862","187","5","6","1","1","http/1.1","medium","application/json","","","","","",
"52.84.142.230","716","","","-1","-1","XHR","3","1900","2082","","1","","-1","1956","https://api.branch.io/v1/open","7","1956","200","126","","598","17","386","","no-cache","181105_SE_D","1907","297","1909","100","","268","2085","47","POST","268","","15668","0.13","-1","-1","api.branch.io","100","-1","https://www.redditstatic.com/mweb2x/ProductionClient.a3f5938525a7f94279d4.js","6","1898","/v1/open","-1","","Amazon CloudFront","2801","2085","2382","2382","2801","419","1900","2801","896","6","7","1","1","h2","medium","application/json","","","","","",
"151.101.185.140","709","","","-1","-1","Document","3","1957","2153","0","1","","100","2020","https://www.redditmedia.com/gtm/jail?id=GTM-W7RKT4","33","2020","200","133","","647","19","221","","","181105_SE_D","1990","31","1992","100","","344","2154","28","GET","253","253","9868","0.14","-1","-1","www.redditmedia.com","100","-1","https://www.redditstatic.com/mweb2x/ProductionClient.a3f5938525a7f94279d4.js","8","1955","/gtm/jail?id=GTM-W7RKT4","-1","","Fastly","2863","2154","2185","2185","2863","678","1957","2863","903","7","8","1","1","h2","high","text/html; charset=UTF-8","","","gzip","","",
"151.101.185.140","247","5896","","-1","100","Image","3","2446","2609","","1","","-1","2483","https://b.thumbs.redditmedia.com/PzoFOgNNMp3t0_mUzM6Nm5wV_53X05FJIRMq3XRvT8Y.jpg","3","2483","200","126","0","6379","26","244","","","181105_SE_D","2449","39","2461","100","604537745","5896","2610","22","GET","5896","","17045","0.26","-1","-1","b.thumbs.redditmedia.com","100","-1","https://www.redditstatic.com/mweb2x/ProductionClient.a3f5938525a7f94279d4.js","7","2445","/PzoFOgNNMp3t0_mUzM6Nm5wV_53X05FJIRMq3XRvT8Y.jpg","100","","Fastly","2857","2610","2649","2649","2857","208","2446","2857","398","8","9","1","1","h2","low","image/jpeg","","Thu, 31 Dec 2037 23:59:59 GMT","","1","50",
"151.101.185.140","244","2706","","-1","100","Image","3","-1","-1","","1","","-1","-1","https://b.thumbs.redditmedia.com/U_-ER6asQ2DrjnXFdz9LV72kEP2WSIZ5HrhOJrRdAOk.jpg","-1","-1","200","-1","0","3191","26","54","","","181105_SE_D","-1","38","-1","100","604537745","2706","2611","-1","GET","2706","","17045","0.27","-1","-1","b.thumbs.redditmedia.com","100","-1","https://www.redditstatic.com/mweb2x/ProductionClient.a3f5938525a7f94279d4.js","7","2446","/U_-ER6asQ2DrjnXFdz9LV72kEP2WSIZ5HrhOJrRdAOk.jpg","100","","Fastly","2855","2611","2649","2649","2855","206","2611","2855","244","9","10","1","1","h2","low","image/jpeg","","Thu, 31 Dec 2037 23:59:59 GMT","","1","50",
"52.200.156.132","216","","","-1","-1","XHR","3","-1","-1","","1","","-1","-1","https://events.redditmedia.com/v1?key=Mweb3&mac=bf9fe5fa1d0a7df74923c0480f9989892005e75fed58680e747f544322544f78","-1","-1","200","-1","","343","10","1152","","","181105_SE_D","-1","47","-1","0","0","2","2642","-1","POST","2","","646","0.28","-1","-1","events.redditmedia.com","100","-1","https://www.redditstatic.com/mweb2x/ProductionClient.a3f5938525a7f94279d4.js","5","2639","/v1?key=Mweb3&mac=bf9fe5fa1d0a7df74923c0480f9989892005e75fed58680e747f544322544f78","0","","","2858","2642","2689","2689","2858","169","2642","2858","216","10","11","1","1","http/1.1","medium","application/json","","","","","",
"52.84.142.230","215","","","-1","-1","XHR","3","-1","-1","","1","","-1","-1","https://api.branch.io/v1/event","-1","-1","200","-1","","465","17","611","","no-cache","181105_SE_D","-1","140","-1","100","","29","2836","-1","POST","29","","15668","0.29","-1","-1","api.branch.io","100","-1","https://www.redditstatic.com/mweb2x/ProductionClient.a3f5938525a7f94279d4.js","6","2835","/v1/event","-1","","Amazon CloudFront","3051","2836","2976","2976","3051","75","2836","3051","215","11","12","1","1","h2","medium","application/json; charset=utf-8","","","","","",
"151.101.185.140","72","","","-1","-1","Document","3","-1","-1","0","1","","100","-1","https://www.redditmedia.com/gtm?id=GTM-W7RKT4&cb=null","-1","-1","200","-1","","992","1","35","","","181105_SE_D","-1","31","-1","100","","953","2931","-1","GET","580","580","5558","0.34","-1","-1","www.redditmedia.com","100","-1","https://www.redditstatic.com/gtm-jail.jTMwZME_TT8.js","8","2930","/gtm?id=GTM-W7RKT4&cb=null","-1","","Fastly","3003","2931","2962","2962","3003","41","2931","3003","72","12","13","1","1","h2","high","text/html; charset=UTF-8","","","gzip","","",
"52.200.156.132","86","","","-1","-1","XHR","3","-1","-1","","1","","-1","-1","https://events.redditmedia.com/v1?key=Mweb3&mac=25694edbef38d3cf697eb1715a02a254b2736ab3ef6d4d85acccd56e8e4a6186","-1","-1","200","-1","","343","10","1175","","","181105_SE_D","-1","68","-1","0","0","2","3110","-1","POST","2","","646","0.36","-1","-1","events.redditmedia.com","100","-1","https://www.redditstatic.com/mweb2x/ProductionClient.a3f5938525a7f94279d4.js","5","3109","/v1?key=Mweb3&mac=25694edbef38d3cf697eb1715a02a254b2736ab3ef6d4d85acccd56e8e4a6186","0","","","3196","3110","3178","3178","3196","18","3110","3196","86","13","14","1","1","http/1.1","medium","application/json","","","","","",
"108.177.103.155","658","","","-1","-1","Script","3","2898","3127","0","1","","100","2958","https://securepubads.g.doubleclick.net/gpt/pubads_impl_273.js","2","2958","200","169","","64357","1","181","","private, immutable, max-age=31536000","181105_SE_D","2900","528","2904","100","31536000","188786","3128","54","GET","63931","63931","24863","0.32","-1","-1","securepubads.g.doubleclick.net","100","-1","https://www.googletagservices.com/tag/js/gpt.js","10","2896","/gpt/pubads_impl_273.js","100","","Google","3786","3128","3656","3656","3786","130","2898","3786","883","14","15","1","1","h2","high","text/javascript","","Mon, 05 Nov 2018 00:50:55 GMT","gzip","","",
"64.233.171.154","437","","","-1","-1","Script","3","2897","3128","0","1","","100","2953","https://adservice.google.com/adsid/integrator.js?domain=www.reddit.com","5","2953","200","175","","638","1","188","","private, no-cache, no-store","181105_SE_D","2902","366","2904","100","","109","3129","49","GET","104","104","12055","0.31","-1","-1","adservice.google.com","100","-1","https://www.googletagservices.com/tag/js/gpt.js","9","2894","/adsid/integrator.js?domain=www.reddit.com","-1","","Google","3566","3129","3495","3495","3566","71","2897","3566","666","15","16","1","1","h2","high","application/javascript; charset=UTF-8","","","gzip","","",
"","414","","","-1","-1","Image","3","-1","-1","","1","","-1","-1","https://id.rlcdn.com/472486.gif?gtmcb=1836870375","-1","-1","307","-1","","347","156","0","","no-cache, no-store","181105_SE_D","-1","414","-1","-1","","0","3255","-1","GET","0","","36","0.39","-1","-1","id.rlcdn.com","-1","-1","https://www.googletagmanager.com/gtm.js?id=GTM-W7RKT4&l=googleTagManager","-1","3255","/472486.gif?gtmcb=1836870375","-1","","","3669","3255","3669","3669","3669","0","3255","3669","414","16","17","1","1","","","","","","","","",
"","68","","","-1","-1","","3","-1","-1","","1","","-1","-1","https://id.rlcdn.com/1000.gif?memo=CKbrHBoNCO-n_t4FEgUI6AcQAEIASgA","-1","-1","307","-1","","343","","0","","no-cache, no-store","181105_SE_D","-1","68","-1","-1","","0","3669","-1","GET","0","","","0.39.1","-1","-1","id.rlcdn.com","-1","-1","","-1","3669","/1000.gif?memo=CKbrHBoNCO-n_t4FEgUI6AcQAEIASgA","-1","","","3737","3669","3737","3737","3737","0","3669","3737","68","17","18","1","1","","","","","","","","",
"54.84.177.104","282","35","","-1","100","","3","-1","-1","","1","","-1","-1","https://alb.reddit.com/skatepark?IDLT=","-1","-1","200","-1","0","277","","1117","","no-cache, no-store, must-revalidate","181105_SE_D","-1","280","-1","-1","","35","3737","-1","GET","35","","","0.39.2","-1","-1","alb.reddit.com","100","-1","","11","3737","/skatepark?IDLT=","-1","","","4019","3737","4017","4017","4019","2","3737","4019","282","18","19","1","1","http/1.1","low","image/gif","","","","","",
"108.177.111.103","84","","","-1","-1","Image","3","3894","4077","","1","","-1","3976","https://www.google.com/csi?v=3&s=gpt&action=global&srt=268&vrg=273&pl_id=7545483759189555&e=v273,publisher_ads,page_load,21061506,21062737&rt=loader_loaded_instant.3624","29","3976","204","101","","181","1","306","","no-cache, no-store, must-revalidate","181105_SE_D","3923","33","3930","-1","","0","4078","46","GET","0","","62105","0.40","-1","-1","www.google.com","-1","-1","https://securepubads.g.doubleclick.net/gpt/pubads_impl_273.js","12","3892","/csi?v=3&s=gpt&action=global&srt=268&vrg=273&pl_id=7545483759189555&e=v273,publisher_ads,page_load,21061506,21062737&rt=loader_loaded_instant.3624","-1","","","4162","4078","4111","4111","4162","51","3894","4162","260","19","20","1","1","h2","low","image/gif","","Fri, 01 Jan 1990 00:00:00 GMT","","","",
"108.177.111.103","51","","","-1","-1","Image","3","-1","-1","","1","","-1","-1","https://www.google.com/csi?v=3&s=gpt&action=global&it=rt_fs.gpt.1961,rt_dns.gpt.0,rt_tcp.gpt.0,rt_rtt.gpt.0,rt_tft.gpt.0,rt_duration.gpt.0,rt_st.impl.2899,rt_fs.impl.2899,rt_dns.impl.2,rt_tcp.impl.223,rt_ssl.impl.169,rt_rtt.impl.761,rt_tft.impl.122,rt_duration.impl.883&srt=268&vrg=273&pl_id=7545483759189555&e=v273,publisher_ads,page_load,non-sra,fif,21061506,21062737&rt=impl_loaded_instant.3687","-1","-1","204","-1","","38","1","290","","no-cache, no-store, must-revalidate","181105_SE_D","-1","36","-1","-1","","0","4368","-1","GET","0","","62105","0.41","-1","-1","www.google.com","-1","-1","https://securepubads.g.doubleclick.net/gpt/pubads_impl_273.js","12","4367","/csi?v=3&s=gpt&action=global&it=rt_fs.gpt.1961,rt_dns.gpt.0,rt_tcp.gpt.0,rt_rtt.gpt.0,rt_tft.gpt.0,rt_duration.gpt.0,rt_st.impl.2899,rt_fs.impl.2899,rt_dns.impl.2,rt_tcp.impl.223,rt_ssl.impl.169,rt_rtt.impl.761,rt_tft.impl.122,rt_duration.impl.883&srt=268&vrg=273&pl_id=7545483759189555&e=v273,publisher_ads,page_load,non-sra,fif,21061506,21062737&rt=impl_loaded_instant.3687","-1","","","4419","4368","4404","4404","4419","15","4368","4419","51","20","21","1","1","h2","low","image/gif","","Fri, 01 Jan 1990 00:00:00 GMT","","","",
