"ip_addr","load_ms","image_total","minify_save","score_cookies","score_compress","requestType","type","dns_start","ssl_end","contentType","gzip_save","is_secure","server_count","score_gzip","ssl_start","full_url","dns_ms","connect_end","responseCode","ssl_ms","image_save","bytesIn","initiator_line","bytesOut","minify_total","id","dns_end","ttfb_ms","connect_start","score_cdn","cache_time","objectSizeUncompressed","load_start","connect_ms","method","objectSize","gzip_total","initiator_column","request_id","score_combine","score_etags","host","score_keep-alive","score_minify","initiator","socket","created","url","score_cache","server_rtt","cdn_provider","load_end","ttfb_start","ttfb_end","download_start","download_end","download_ms","all_start","all_end","all_ms","index","number","run","cached","cacheControl","protocol","priority","is_base_page","contentEncoding","expires","jpeg_scan_count","score_progressive_jpeg",
"","328","","","-1","-1","Document","3","-1","-1","text/html; charset=UTF-8","","1","","-1","-1","https://yelp.com/","-1","-1","301","-1","","882","","0","","181105_SW_7","-1","328","-1","-1","","0","0","-1","GET","218","","","0.2","-1","-1","yelp.com","-1","-1","","-1","0","/","-1","","","328","0","328","328","328","0","0","328","328","0","1","1","0","","","","","","","","",
"","424","","","-1","-1","Document","3","-1","-1","text/html; charset=UTF-8","","1","","-1","-1","https://www.yelp.com/","-1","-1","301","-1","","1082","","0","","181105_SW_7","-1","424","-1","-1","","0","328","-1","GET","0","","","0.2.1","-1","-1","www.yelp.com","-1","-1","","-1","328","/","-1","","","752","328","752","752","752","0","328","752","424","1","2","1","0","private","","","","","","","",
"151.101.44.116","1538","","","-1","-1","Document","3","-1","-1","text/html; charset=UTF-8","0","1","","100","-1","https://m.yelp.com/","-1","-1","200","-1","","22271","","619","","181105_SW_7","-1","678","-1","100","","99763","752","-1","GET","19326","19326","","0.2.2","-1","-1","m.yelp.com","100","-1","","1","752","/","-1","","Fastly","2290","752","1430","1430","2290","860","752","2290","1538","2","3","1","0","max-age=0, must-revalidate, no-cache, no-store, private","h2","high","1","gzip","Mon, 05 Nov 2018 00:38:39 GMT","","",
"151.101.44.116","110","","","-1","-1","Script","3","-1","-1","application/x-javascript","0","1","","100","-1","https://m.yelp.com/yly-brxfdexyxywzxsdcbyedvedduveyuqvt.js","-1","-1","200","-1","","11471","92","929","","181105_SW_7","-1","55","-1","100","240","39144","2305","-1","GET","11312","11312","","0.4","-1","-1","m.yelp.com","100","-1","https://m.yelp.com/","1","2278","/yly-brxfdexyxywzxsdcbyedvedduveyuqvt.js","0","","Fastly","2415","2305","2360","2360","2415","55","2305","2415","110","3","4","1","0","private, max-age=240, s-maxage=0, must-revalidate","h2","high","","gzip","","","",
"104.19.196.151","123","","","-1","-1","Script","3","-1","-1","application/javascript","0","1","","100","-1","https://cdnjs.cloudflare.com/ajax/libs/react-dom/16.4.0/umd/react-dom.production.min.js","-1","-1","200","-1","","30061","92","58","","181105_SW_7","-1","23","-1","100","30672000","95960","2512","-1","GET","29984","29984","","0.20","-1","-1","cdnjs.cloudflare.com","100","-1","https://m.yelp.com/","2","2291","/ajax/libs/react-dom/16.4.0/umd/react-dom.production.min.js","100","","Cloudflare","2635","2512","2535","2535","2635","100","2512","2635","123","4","5","1","0","public, max-age=30672000","h2","high","","br","Sat, 26 Oct 2019 00:38:40 GMT","","",
"104.19.196.151","85","","","-1","-1","Script","3","-1","-1","application/javascript","0","1","","100","-1","https://cdnjs.cloudflare.com/ajax/libs/react/16.4.0/umd/react.production.min.js","-1","-1","200","-1","","3207","92","52","","181105_SW_7","-1","21","-1","100","30672000","7217","2512","-1","GET","2893","2893","","0.19","-1","-1","cdnjs.cloudflare.com","100","-1","https://m.yelp.com/","2","2291","/ajax/libs/react/16.4.0/umd/react.production.min.js","100","","Cloudflare","2597","2512","2533","2533","2597","64","2512","2597","85","5","6","1","0","public, max-age=30672000","h2","high","","br","Sat, 26 Oct 2019 00:38:40 GMT","","",
"104.19.196.151","124","","","-1","-1","Script","3","2326","2512","application/javascript","0","1","","100","2413","https://cdnjs.cloudflare.com/ajax/libs/babel-polyfill/6.23.0/polyfill.min.js","65","2413","200","99","","31620","92","211","","181105_SW_7","2391","39","2393","100","30672000","97798","2513","20","GET","31543","31543","","0.17","-1","-1","cdnjs.cloudflare.com","100","-1","https://m.yelp.com/","2","2291","/ajax/libs/babel-polyfill/6.23.0/polyfill.min.js","100","","Cloudflare","2637","2513","2552","2552","2637","85","2326","2637","308","6","7","1","0","public, max-age=30672000","h2","high","","br","Sat, 26 Oct 2019 00:38:40 GMT","","",
"104.19.196.151","99","","","-1","-1","Script","3","2326","2513","application/javascript","0","1","","100","2415","https://cdnjs.cloudflare.com/ajax/libs/jquery/1.8.3/jquery.min.js","65","2415","200","98","","32752","92","183","","181105_SW_7","2391","50","2392","100","30672000","93636","2513","23","GET","32437","32437","","0.18","-1","-1","cdnjs.cloudflare.com","100","-1","https://m.yelp.com/","3","2291","/ajax/libs/jquery/1.8.3/jquery.min.js","100","","Cloudflare","2612","2513","2563","2563","2612","49","2326","2612","285","7","8","1","0","public, max-age=30672000","h2","high","","br","Sat, 26 Oct 2019 00:38:40 GMT","","",
"151.101.46.2","103","4059","","-1","100","Image","3","2322","2515","image/jpeg","","1","","-1","2417","https://s3-media4.fl.yelpcdn.com/bphoto/dRrcXZNN6tDAxF4H4ggFIw/120s.jpg","64","2417","200","98","0","4609","92","233","","181105_SW_7","2386","33","2388","100","315360000","4059","2516","29","GET","4059","","","0.11","-1","-1","s3-media4.fl.yelpcdn.com","100","-1","https://m.yelp.com/","4","2288","/bphoto/dRrcXZNN6tDAxF4H4ggFIw/120s.jpg","100","","Fastly","2619","2516","2549","2549","2619","70","2322","2619","294","8","9","1","0","max-age=315360000, immutable","h2","low","","","","10","100",
"151.101.46.2","124","24232","","-1","100","Image","3","-1","-1","image/png","","1","","-1","-1","https://s3-media4.fl.yelpcdn.com/assets/2/mobile/img/a072191b5096/mobile/menu/signup_mobile.png","-1","-1","200","-1","0","24786","92","59","","181105_SW_7","-1","33","-1","100","315360000","24232","2517","-1","GET","24232","","","0.12","-1","-1","s3-media4.fl.yelpcdn.com","100","-1","https://m.yelp.com/","4","2289","/assets/2/mobile/img/a072191b5096/mobile/menu/signup_mobile.png","100","","Fastly","2641","2517","2550","2550","2641","91","2517","2641","124","9","10","1","0","max-age=315360000, immutable","h2","low","","","","","",
"52.222.215.9","155","","","-1","-1","Script","3","2328","2565","application/x-javascript","0","1","","100","2436","https://js.adsrvr.org/up_loader.1.1.0.js","70","2436","200","129","","4391","92","308","","181105_SW_7","2398","69","2399","100","0","9896","2565","37","GET","3948","3948","","0.24","-1","-1","js.adsrvr.org","100","-1","https://m.yelp.com/","5","2292","/up_loader.1.1.0.js","0","","Amazon CloudFront","2720","2565","2634","2634","2720","86","2328","2720","391","10","11","1","0","","http/1.1","high","","gzip","","","",
"151.101.46.2","268","6163","","-1","100","Image","3","-1","-1","image/png","","1","","-1","-1","https://s3-media3.fl.yelpcdn.com/assets/2/mobile/img/50184455e70f/mobile/pwa/icons/ios_192x192.png","-1","-1","200","-1","0","6716","92","110","","181105_SW_7","-1","140","-1","100","315360000","6163","2704","-1","GET","6163","","","0.6","-1","-1","s3-media3.fl.yelpcdn.com","100","-1","https://m.yelp.com/","8","2279","/assets/2/mobile/img/50184455e70f/mobile/pwa/icons/ios_192x192.png","100","","Fastly","2972","2704","2844","2844","2972","128","2704","2972","268","11","12","1","0","max-age=315360000, immutable","h2","low","","","","","",
"151.101.46.2","184","5523","","-1","100","Image","3","-1","-1","image/png","","1","","-1","-1","https://s3-media1.fl.yelpcdn.com/assets/srv0/yelp_design_web/893675ef2a4f/assets/img/logos/default@2x.png","-1","-1","200","-1","0","6080","92","68","","181105_SW_7","-1","39","-1","100","315360000","5523","2706","-1","GET","5523","","","0.7","-1","-1","s3-media1.fl.yelpcdn.com","100","-1","https://m.yelp.com/","6","2279","/assets/srv0/yelp_design_web/893675ef2a4f/assets/img/logos/default@2x.png","100","","Fastly","2890","2706","2745","2745","2890","145","2706","2890","184","12","13","1","0","max-age=315360000, immutable","h2","low","","","","","",
"151.101.46.2","265","4280","","-1","100","Image","3","-1","-1","image/jpeg","","1","","-1","-1","https://s3-media2.fl.yelpcdn.com/bphoto/_pPqV5r1Nwo6bhpBjiKBug/120s.jpg","-1","-1","200","-1","0","4831","92","45","","181105_SW_7","-1","85","-1","100","315360000","4280","2706","-1","GET","4280","","","0.10","-1","-1","s3-media2.fl.yelpcdn.com","100","-1","https://m.yelp.com/","7","2287","/bphoto/_pPqV5r1Nwo6bhpBjiKBug/120s.jpg","100","","Fastly","2971","2706","2791","2791","2971","180","2706","2971","265","13","14","1","0","max-age=315360000, immutable","h2","low","","","","10","100",
"151.101.46.2","150","11605","","-1","100","Image","3","2323","2706","image/png","","1","","-1","2398","https://s3-media2.fl.yelpcdn.com/assets/srv0/yelp_design_web/9b34e39ccbeb/assets/img/stars/stars.png","47","2398","200","308","0","12090","92","250","","181105_SW_7","2370","43","2372","100","315360000","11605","2707","26","GET","11605","","","0.9","-1","-1","s3-media2.fl.yelpcdn.com","100","-1","https://m.yelp.com/","7","2287","/assets/srv0/yelp_design_web/9b34e39ccbeb/assets/img/stars/stars.png","100","","Fastly","2857","2707","2750","2750","2857","107","2323","2857","531","14","15","1","0","max-age=315360000, immutable","h2","low","","","","","",
"151.101.46.2","201","","","-1","-1","Stylesheet","3","2279","2706","text/css","0","1","","100","2393","https://s3-media3.fl.yelpcdn.com/assets/2/mobile/css/fefa7e8b526f/mobile-pkg.css","83","2393","200","313","","39868","72","203","","181105_SW_7","2362","40","2366","100","315360000","367074","2707","27","GET","39274","39274","","0.3","-1","-1","s3-media3.fl.yelpcdn.com","100","-1","https://m.yelp.com/","8","2276","/assets/2/mobile/css/fefa7e8b526f/mobile-pkg.css","100","","Fastly","2908","2707","2747","2747","2908","161","2279","2908","624","15","16","1","0","max-age=315360000, immutable","h2","high","","br","","","",
"151.101.46.2","261","","","-1","-1","Script","3","-1","-1","application/javascript","0","1","","100","-1","https://s3-media2.fl.yelpcdn.com/assets/2/mobile/js/27b0ea605eb8/assets/vendor_external/closure_localizations_en_US.min.js","-1","-1","200","-1","","18503","92","82","","181105_SW_7","-1","85","-1","100","315360000","133925","2707","-1","GET","17895","17895","","0.16","-1","-1","s3-media2.fl.yelpcdn.com","100","-1","https://m.yelp.com/","7","2290","/assets/2/mobile/js/27b0ea605eb8/assets/vendor_external/closure_localizations_en_US.min.js","100","","Fastly","2968","2707","2792","2792","2968","176","2707","2968","261","16","17","1","0","max-age=315360000, immutable","h2","high","","br","","","",
"151.101.46.2","152","5339","","-1","100","Image","3","2308","2707","image/png","","1","","-1","2394","https://s3-media1.fl.yelpcdn.com/assets/2/mobile/img/6b51a9eab43c/mobile/pwa/icons/android_192x192.png","59","2394","200","313","0","5892","92","251","","181105_SW_7","2367","39","2368","100","315360000","5339","2708","26","GET","5339","","","0.5","-1","-1","s3-media1.fl.yelpcdn.com","100","-1","https://m.yelp.com/","6","2278","/assets/2/mobile/img/6b51a9eab43c/mobile/pwa/icons/android_192x192.png","100","","Fastly","2860","2708","2747","2747","2860","113","2308","2860","550","17","18","1","0","max-age=315360000, immutable","h2","low","","","","","",
"151.101.46.2","262","1819","","-1","100","Image","3","-1","-1","image/png","","1","","-1","-1","https://s3-media3.fl.yelpcdn.com/assets/2/mobile/img/83bb7f304ac3/mobile/app_stars/4-5@2x.png","-1","-1","200","-1","0","2372","92","59","","181105_SW_7","-1","121","-1","100","315360000","1819","2708","-1","GET","1819","","","0.15","-1","-1","s3-media3.fl.yelpcdn.com","100","-1","https://m.yelp.com/","8","2290","/assets/2/mobile/img/83bb7f304ac3/mobile/app_stars/4-5@2x.png","100","","Fastly","2970","2708","2829","2829","2970","141","2708","2970","262","18","19","1","0","max-age=315360000, immutable","h2","low","","","","","",
"151.101.46.2","115","1215","","-1","100","Image","3","-1","-1","image/png","","1","","-1","-1","https://s3-media1.fl.yelpcdn.com/assets/srv0/yelp_styleguide/dcb526e86d86/assets/img/logos/burst_desktop_xsmall_outline@2x.png","-1","-1","200","-1","0","1698","92","83","","181105_SW_7","-1","39","-1","100","315360000","1215","2711","-1","GET","1215","","","0.14","-1","-1","s3-media1.fl.yelpcdn.com","100","-1","https://m.yelp.com/","6","2289","/assets/srv0/yelp_styleguide/dcb526e86d86/assets/img/logos/burst_desktop_xsmall_outline@2x.png","100","","Fastly","2826","2711","2750","2750","2826","76","2711","2826","115","19","20","1","0","max-age=315360000, immutable","h2","low","","","","","",
"151.101.46.2","143","2825","","-1","100","Image","3","-1","-1","image/png","","1","","-1","-1","https://s3-media1.fl.yelpcdn.com/assets/srv0/yelp_styleguide/0aade8725c91/assets/img/logos/logo_desktop_xsmall_outline@2x.png","-1","-1","200","-1","0","3308","92","81","","181105_SW_7","-1","39","-1","100","315360000","2825","2711","-1","GET","2825","","","0.13","-1","-1","s3-media1.fl.yelpcdn.com","100","-1","https://m.yelp.com/","6","2289","/assets/srv0/yelp_styleguide/0aade8725c91/assets/img/logos/logo_desktop_xsmall_outline@2x.png","100","","Fastly","2854","2711","2750","2750","2854","104","2711","2854","143","20","21","1","0","max-age=315360000, immutable","h2","low","","","","","",
"151.101.46.2","159","4578","","-1","100","Image","3","-1","-1","image/jpeg","","1","","-1","-1","https://s3-media1.fl.yelpcdn.com/bphoto/t0aTu3h4l992Zc9qN75tFw/120s.jpg","-1","-1","200","-1","0","5128","92","44","","181105_SW_7","-1","39","-1","100","315360000","4578","2712","-1","GET","4578","","","0.8","-1","-1","s3-media1.fl.yelpcdn.com","100","-1","https://m.yelp.com/","6","2286","/bphoto/t0aTu3h4l992Zc9qN75tFw/120s.jpg","100","","Fastly","2871","2712","2751","2751","2871","120","2712","2871","159","21","22","1","0","max-age=315360000, immutable","h2","low","","","","10","100",
"151.101.46.2","527","","","-1","-1","Script","3","2325","2748","application/javascript","0","1","","100","2392","https://s3-media3.fl.yelpcdn.com/assets/2/mobile/js/20ae6d7eff38/assets/module_yelp_js_packages.min.js","37","2392","200","356","","75126","92","228","","181105_SW_7","2362","43","2367","100","315360000","378134","2748","25","GET","74518","74518","","0.21","-1","-1","s3-media3.fl.yelpcdn.com","100","-1","https://m.yelp.com/","9","2291","/assets/2/mobile/js/20ae6d7eff38/assets/module_yelp_js_packages.min.js","100","","Fastly","3275","2748","2791","2791","3275","484","2325","3275","945","22","23","1","0","max-age=315360000, immutable","h2","high","","br","","","",
"151.101.46.2","576","","","-1","-1","Script","3","-1","-1","application/javascript","0","1","","100","-1","https://s3-media1.fl.yelpcdn.com/assets/srv0/svg_icons/824821143356/assets/svg_sprite.js?callback=window.yelp.__injectSvgSpritesheet","-1","-1","200","-1","","89501","191","91","","181105_SW_7","-1","32","-1","100","315360000","338379","3001","-1","GET","88893","88893","21","0.27","-1","-1","s3-media1.fl.yelpcdn.com","100","-1","https://m.yelp.com/","6","2997","/assets/srv0/svg_icons/824821143356/assets/svg_sprite.js?callback=window.yelp.__injectSvgSpritesheet","100","","Fastly","3577","3001","3033","3033","3577","544","3001","3577","576","23","24","1","0","max-age=315360000, immutable","h2","high","","br","","","",
"151.101.46.2","609","","","-1","-1","Script","3","2326","3029","application/javascript","0","1","","100","2793","https://s3-media4.fl.yelpcdn.com/assets/2/mobile/js/a099e085afb9/assets/module_core.min.js","63","2793","200","236","","128114","92","220","","181105_SW_7","2389","43","2392","100","315360000","743842","3030","401","GET","127506","127506","","0.22","-1","-1","s3-media4.fl.yelpcdn.com","100","-1","https://m.yelp.com/","11","2292","/assets/2/mobile/js/a099e085afb9/assets/module_core.min.js","100","","Fastly","3639","3030","3073","3073","3639","566","2326","3639","1309","24","25","1","0","max-age=315360000, immutable","h2","high","","br","","","",
"23.212.111.187","432","","","-1","-1","Script","3","2327","3202","application/x-javascript","0","1","","100","3009","https://sb.scorecardresearch.com/beacon.js","62","3009","200","193","","1147","92","310","","181105_SW_7","2389","85","2394","100","86400","1495","3203","615","GET","901","901","","0.23","-1","-1","sb.scorecardresearch.com","100","-1","https://m.yelp.com/","10","2292","/beacon.js","50","","Akamai","3635","3203","3288","3288","3635","347","2327","3635","1302","25","26","1","0","private, no-transform, max-age=86400","http/1.1","high","","gzip","Tue, 06 Nov 2018 00:38:41 GMT","","",
"151.101.46.2","887","42182","","-1","100","Image","3","-1","-1","image/png","","1","","-1","-1","https://s3-media1.fl.yelpcdn.com/assets/srv0/yelp_design_web/de2252bea656/assets/img/stars/stars@2x.png","-1","-1","200","-1","0","42666","1768","66","","181105_SW_7","-1","29","-1","100","315360000","42182","3273","-1","GET","42182","","","0.28","-1","-1","s3-media1.fl.yelpcdn.com","100","-1","https://m.yelp.com/","6","3272","/assets/srv0/yelp_design_web/de2252bea656/assets/img/stars/stars@2x.png","100","","Fastly","4160","3273","3302","3302","4160","858","3273","4160","887","26","27","1","0","max-age=315360000, immutable","h2","low","","","","","",
"52.84.141.176","859","","","-1","-1","Script","3","3001","3302","application/javascript","0","1","","100","3086","https://sc-static.net/scevent.min.js","32","3086","200","216","","6103","144","160","","181105_SW_7","3033","49","3035","100","5","12992","3303","51","GET","5093","5093","307","0.26","-1","-1","sc-static.net","100","-1","https://m.yelp.com/","12","2995","/scevent.min.js","0","","Amazon CloudFront","4162","3303","3352","3352","4162","810","3001","4162","1158","27","28","1","0","public, max-age=600","h2","high","","gzip","Sun, 04 Nov 2018 23:36:12 GMT","","",
"108.177.104.139","833","","","-1","-1","Script","3","2986","3329","text/javascript","0","1","","100","3059","https://www.google-analytics.com/analytics.js","16","3059","200","270","","17742","95","168","","181105_SW_7","3002","53","3004","100","3494","43233","3330","55","GET","17301","17301","258","0.25","-1","-1","www.google-analytics.com","100","-1","https://m.yelp.com/","13","2984","/analytics.js","0","","Google","4163","3330","3383","3383","4163","780","2986","4163","1174","28","29","1","0","public, max-age=7200","h2","high","","gzip","Mon, 05 Nov 2018 01:36:55 GMT","","",
"","123","","","-1","-1","Image","3","-1","-1","","","1","","-1","-1","https://sb.scorecardresearch.com/b?c15=&c3=&c2=7130511&c1=2&c6=&c5=&c4=&ns__t=1541378321780&ns_c=UTF-8&cv=3.1&c8=San%20Francisco%20Restaurants%2C%20Dentists%2C%20Bars%2C%20Beauty%20Salons%2C%20Doctors&c7=https%3A%2F%2Fm.yelp.com%2F&c9=","-1","-1","302","-1","","677","1","0","","181105_SW_7","-1","123","-1","-1","","0","4043","-1","GET","0","","612","0.31","-1","-1","sb.scorecardresearch.com","-1","-1","https://sb.scorecardresearch.com/beacon.js","-1","4043","/b?c15=&c3=&c2=7130511&c1=2&c6=&c5=&c4=&ns__t=1541378321780&ns_c=UTF-8&cv=3.1&c8=San%20Francisco%20Restaurants%2C%20Dentists%2C%20Bars%2C%20Beauty%20Salons%2C%20Doctors&c7=https%3A%2F%2Fm.yelp.com%2F&c9=","-1","","","4166","4043","4166","4166","4166","0","4043","4166","123","29","30","1","0","private, no-cache, no-cache=Set-Cookie, no-store, proxy-revalidate","","","","","Mon, 01 Jan 1990 00:00:00 GMT","","",
"","1391","","","-1","-1","Image","3","-1","-1","","","1","","-1","-1","https://secure-us.imrworldwide.com/cgi-bin/m?ci=us-804377h&cg=0&cc=1&si=https%3A//m.yelp.com/&rp=&ts=compact&rnd=1541378321784","-1","-1","302","-1","","589","1807","0","","181105_SW_7","-1","1391","-1","-1","","0","4047","-1","GET","0","","114","0.33","-1","-1","secure-us.imrworldwide.com","-1","-1","https://m.yelp.com/","-1","4047","/cgi-bin/m?ci=us-804377h&cg=0&cc=1&si=https%3A//m.yelp.com/&rp=&ts=compact&rnd=1541378321784","-1","","","5438","4047","5438","5438","5438","0","4047","5438","1391","30","31","1","0","no-cache","","","","","Thu, 01 Dec 1994 16:00:00 GMT","","",
"151.101.44.116","487","57","","-1","100","Image","3","-1","-1","image/gif","0","1","","100","-1","https://m.yelp.com/spice?r=c88ba82090a94696&log_ad_spice=1&pagevis=0&gablock=0","-1","-1","200","-1","0","396","1793","1013","","181105_SW_7","-1","103","-1","100","","43","4048","-1","GET","57","57","395","0.32","-1","-1","m.yelp.com","100","-1","https://m.yelp.com/","1","4046","/spice?r=c88ba82090a94696&log_ad_spice=1&pagevis=0&gablock=0","-1","","Fastly","4535","4048","4151","4151","4535","384","4048","4535","487","31","32","1","0","max-age=0, must-revalidate, no-cache, no-store, private","h2","low","","gzip","Mon, 05 Nov 2018 00:38:41 GMT","","",
"151.101.46.2","398","","","-1","-1","Script","3","-1","-1","application/javascript","0","1","","100","-1","https://s3-media1.fl.yelpcdn.com/assets/2/mobile/js/960df06ce458/assets/vendor_external/fastclick.min.js","-1","-1","200","-1","","3138","2","66","","181105_SW_7","-1","66","-1","100","315360000","8357","4141","-1","GET","2581","2581","85340","0.35","-1","-1","s3-media1.fl.yelpcdn.com","100","-1","https://cdnjs.cloudflare.com/ajax/libs/jquery/1.8.3/jquery.min.js","6","4137","/assets/2/mobile/js/960df06ce458/assets/vendor_external/fastclick.min.js","100","","Fastly","4539","4141","4207","4207","4539","332","4141","4539","398","32","33","1","0","max-age=315360000, immutable","h2","high","","gzip","","","",
"151.101.46.2","386","4801","","-1","100","Image","3","-1","-1","image/png","","1","","-1","-1","https://s3-media3.fl.yelpcdn.com/assets/2/mobile/img/e3718093d8e8/mobile/yelp-redesign-icon.png","-1","-1","200","-1","0","5353","2","60","","181105_SW_7","-1","65","-1","100","315360000","4801","4151","-1","GET","4801","","76049","0.36","-1","-1","s3-media3.fl.yelpcdn.com","100","-1","https://cdnjs.cloudflare.com/ajax/libs/jquery/1.8.3/jquery.min.js","8","4147","/assets/2/mobile/img/e3718093d8e8/mobile/yelp-redesign-icon.png","100","","Fastly","4537","4151","4216","4216","4537","321","4151","4537","386","33","34","1","0","max-age=315360000, immutable","h2","low","","","","","",
"23.212.111.187","370","","","-1","-1","","3","-1","-1","","","1","","-1","-1","https://sb.scorecardresearch.com/b2?c15=&c3=&c2=7130511&c1=2&c6=&c5=&c4=&ns__t=1541378321780&ns_c=UTF-8&cv=3.1&c8=San%20Francisco%20Restaurants%2C%20Dentists%2C%20Bars%2C%20Beauty%20Salons%2C%20Doctors&c7=https%3A%2F%2Fm.yelp.com%2F&c9=","-1","-1","204","-1","","209","1860","1123","","181105_SW_7","-1","370","-1","-1","","0","4167","-1","GET","0","","","0.31.1","-1","-1","sb.scorecardresearch.com","-1","-1","https://m.yelp.com/","10","4167","/b2?c15=&c3=&c2=7130511&c1=2&c6=&c5=&c4=&ns__t=1541378321780&ns_c=UTF-8&cv=3.1&c8=San%20Francisco%20Restaurants%2C%20Dentists%2C%20Bars%2C%20Beauty%20Salons%2C%20Doctors&c7=https%3A%2F%2Fm.yelp.com%2F&c9=","-1","","","4537","4167","4537","4537","4537","0","4167","4537","370","34","35","1","0","private, no-cache, no-cache=Set-Cookie, no-store, proxy-revalidate","http/1.1","low","","","Mon, 01 Jan 1990 00:00:00 GMT","","",
"108.177.103.149","604","","","-1","-1","Document","3","4109","4423","text/html; charset=UTF-8","0","1","","100","4240","https://6372968.fls.doubleclick.net/activityi;src=6372968;type=invmedia;cat=qr3hlsqk;dc_lat=;dc_rdid=;tag_for_child_directed_treatment=;ord=9979296861332.791?","74","4240","200","183","","1022","1847","295","","181105_SW_7","4183","82","4186","100","","460","4424","54","GET","351","351","97","0.34","-1","-1","6372968.fls.doubleclick.net","100","-1","https://m.yelp.com/","16","4099","/activityi;src=6372968;type=invmedia;cat=qr3hlsqk;dc_lat=;dc_rdid=;tag_for_child_directed_treatment=;ord=9979296861332.791","-1","","Google","5028","4424","4506","4506","5028","522","4109","5028","915","35","36","1","0","no-cache, must-revalidate","h2","high","","gzip","Fri, 01 Jan 1990 00:00:00 GMT","","",
"18.188.10.99","92","","","-1","-1","Script","3","4042","4450","application/x-javascript","0","1","","100","4211","https://secure.quantserve.com/quant.js","111","4211","200","239","","5792","29","306","","181105_SW_7","4153","59","4156","0","604800","12623","4450","55","GET","5456","5456","79595","0.29","-1","-1","secure.quantserve.com","100","-1","https://s3-media4.fl.yelpcdn.com/assets/2/mobile/js/a099e085afb9/assets/module_core.min.js","14","4039","/quant.js","100","","","4542","4450","4509","4509","4542","33","4042","4542","497","36","37","1","0","private, no-transform, must-revalidate, max-age=604800","http/1.1","high","","gzip","Mon, 12 Nov 2018 00:38:42 GMT","","",
"18.188.10.99","91","","","-1","-1","Script","3","4046","4451","application/x-javascript","","1","","-1","4212","https://pixel.quantserve.com/api/segments.json?a=p-M4yfUTCPeS3vn&callback=yelp.init.quantcast.callback","110","4212","200","239","","467","29","370","","181105_SW_7","4156","62","4158","0","600","57","4451","54","GET","57","","80007","0.30","-1","-1","pixel.quantserve.com","100","-1","https://s3-media4.fl.yelpcdn.com/assets/2/mobile/js/a099e085afb9/assets/module_core.min.js","15","4040","/api/segments.json?a=p-M4yfUTCPeS3vn&callback=yelp.init.quantcast.callback","0","","","4542","4451","4513","4513","4542","29","4046","4542","494","37","38","1","0","private, no-transform, must-revalidate, max-age=600","http/1.1","high","","","Mon, 05 Nov 2018 00:48:42 GMT","","",
"","283","","","-1","-1","Image","3","-1","-1","text/html; charset=UTF-8","","1","","-1","-1","https://www.google-analytics.com/r/collect?v=1&_v=j71&aip=1&a=1445369521&t=pageview&_s=1&dl=https%3A%2F%2Fm.yelp.com%2F&dp=%2Fhome%2Fsf&ul=en-us&de=UTF-8&dt=San%20Francisco%20Restaurants%2C%20Dentists%2C%20Bars%2C%20Beauty%20Salons%2C%20Doctors&sd=32-bit&sr=375x667&vp=375x603&je=0&_u=YIDAAAAB~&jid=2018484173&gjid=2019113765&cid=E98B42013D433482&tid=UA-30501-1&_gid=686453620.1541378323&_r=1&z=351838673","-1","-1","302","-1","","926","14","0","","181105_SW_7","-1","283","-1","-1","","0","4994","-1","GET","410","","84","0.37","-1","-1","www.google-analytics.com","-1","-1","https://www.google-analytics.com/analytics.js","-1","4994","/r/collect?v=1&_v=j71&aip=1&a=1445369521&t=pageview&_s=1&dl=https%3A%2F%2Fm.yelp.com%2F&dp=%2Fhome%2Fsf&ul=en-us&de=UTF-8&dt=San%20Francisco%20Restaurants%2C%20Dentists%2C%20Bars%2C%20Beauty%20Salons%2C%20Doctors&sd=32-bit&sr=375x667&vp=375x603&je=0&_u=YIDAAAAB~&jid=2018484173&gjid=2019113765&cid=E98B42013D433482&tid=UA-30501-1&_gid=686453620.1541378323&_r=1&z=351838673","-1","","","5277","4994","5277","5277","5277","0","4994","5277","283","38","39","1","0","no-cache, no-store, must-revalidate","","","","","Fri, 01 Jan 1990 00:00:00 GMT","","",
"","264","","","-1","-1","Image","3","-1","-1","text/html; charset=UTF-8","","1","","-1","-1","https://www.google-analytics.com/r/collect?v=1&_v=j71&aip=1&a=1445369521&t=pageview&_s=1&dl=https%3A%2F%2Fm.yelp.com%2F&dp=%2Fhome%2Fsf&ul=en-us&de=UTF-8&dt=San%20Francisco%20Restaurants%2C%20Dentists%2C%20Bars%2C%20Beauty%20Salons%2C%20Doctors&sd=32-bit&sr=375x667&vp=375x603&je=0&_u=YIDAAAAB~&jid=1470274292&gjid=1136228946&cid=E98B42013D433482&tid=UA-30501-46&_gid=686453620.1541378323&_r=1&cd152=disabled&z=304161632","-1","-1","302","-1","","928","14","0","","181105_SW_7","-1","264","-1","-1","","0","5014","-1","GET","411","","84","0.38","-1","-1","www.google-analytics.com","-1","-1","https://www.google-analytics.com/analytics.js","-1","5014","/r/collect?v=1&_v=j71&aip=1&a=1445369521&t=pageview&_s=1&dl=https%3A%2F%2Fm.yelp.com%2F&dp=%2Fhome%2Fsf&ul=en-us&de=UTF-8&dt=San%20Francisco%20Restaurants%2C%20Dentists%2C%20Bars%2C%20Beauty%20Salons%2C%20Doctors&sd=32-bit&sr=375x667&vp=375x603&je=0&_u=YIDAAAAB~&jid=1470274292&gjid=1136228946&cid=E98B42013D433482&tid=UA-30501-46&_gid=686453620.1541378323&_r=1&cd152=disabled&z=304161632","-1","","","5278","5014","5278","5278","5278","0","5014","5278","264","39","40","1","0","no-cache, no-store, must-revalidate","","","","","Fri, 01 Jan 1990 00:00:00 GMT","","",
"","400","","","-1","-1","Document","3","-1","-1","text/html; charset=UTF-8","","1","","-1","-1","https://adservice.google.com/ddm/fls/i/src=6372968;type=invmedia;cat=qr3hlsqk;dc_lat=;dc_rdid=;tag_for_child_directed_treatment=;ord=9979296861332.791;_dc_1=1;~oref=https://m.yelp.com/","-1","-1","302","-1","","712","","0","","181105_SW_7","-1","400","-1","-1","","0","5075","-1","GET","0","","","0.40","-1","-1","adservice.google.com","-1","-1","","-1","5075","/ddm/fls/i/src=6372968;type=invmedia;cat=qr3hlsqk;dc_lat=;dc_rdid=;tag_for_child_directed_treatment=;ord=9979296861332.791;_dc_1=1;~oref=https://m.yelp.com/","-1","","","5475","5075","5475","5475","5475","0","5075","5475","400","40","41","1","0","no-cache, must-revalidate","","","","","Fri, 01 Jan 1990 00:00:00 GMT","","",
"151.101.44.116","101","","","-1","-1","XHR","3","-1","-1","application/x-javascript","0","1","","100","-1","https://m.yelp.com/yly-brxfdexyxywzxsdcbyedvedduveyuqvt.js?PID=703F990A-AE82-3F22-B757-CCC6761BE1C4","-1","-1","200","-1","","686","1","6471","","181105_SW_7","-1","70","-1","100","","20","5276","-1","POST","20","20","24047","0.41","-1","-1","m.yelp.com","100","-1","https://m.yelp.com/yly-brxfdexyxywzxsdcbyedvedduveyuqvt.js","1","5275","/yly-brxfdexyxywzxsdcbyedvedduveyuqvt.js?PID=703F990A-AE82-3F22-B757-CCC6761BE1C4","-1","","Fastly","5377","5276","5346","5346","5377","31","5276","5377","101","41","42","1","0","private, no-cache, no-store, must-revalidate","h2","medium","","gzip","Thu, 01 Jan 1970 00:00:01 GMT","","",
"173.194.223.155","335","35","","-1","100","","3","-1","-1","image/gif","","1","","-1","-1","https://stats.g.doubleclick.net/r/collect?v=1&aip=1&t=dc&_r=3&tid=UA-30501-1&cid=E98B42013D433482&jid=2018484173&_gid=686453620.1541378323&gjid=2019113765&_v=j71&z=351838673","-1","-1","200","-1","0","454","1860","648","","181105_SW_7","-1","24","-1","100","","445","5277","-1","GET","35","","","0.37.1","-1","-1","stats.g.doubleclick.net","100","-1","https://m.yelp.com/","19","5277","/r/collect?v=1&aip=1&t=dc&_r=3&tid=UA-30501-1&cid=E98B42013D433482&jid=2018484173&_gid=686453620.1541378323&gjid=2019113765&_v=j71&z=351838673","-1","","Google","5612","5277","5301","5301","5612","311","5277","5612","335","42","43","1","0","no-cache, no-store, must-revalidate","h2","low","","","Fri, 01 Jan 1990 00:00:00 GMT","","",
"","332","","","-1","-1","","3","-1","-1","text/html; charset=UTF-8","","1","","-1","-1","https://stats.g.doubleclick.net/r/collect?v=1&aip=1&t=dc&_r=3&tid=UA-30501-46&cid=E98B42013D433482&jid=1470274292&_gid=686453620.1541378323&gjid=1136228946&_v=j71&z=304161632","-1","-1","302","-1","","903","1860","0","","181105_SW_7","-1","332","-1","-1","","0","5278","-1","GET","359","","","0.38.1","-1","-1","stats.g.doubleclick.net","-1","-1","https://m.yelp.com/","-1","5278","/r/collect?v=1&aip=1&t=dc&_r=3&tid=UA-30501-46&cid=E98B42013D433482&jid=1470274292&_gid=686453620.1541378323&gjid=1136228946&_v=j71&z=304161632","-1","","","5610","5278","5610","5610","5610","0","5278","5610","332","43","44","1","0","no-cache, no-store, must-revalidate","","","","","Fri, 01 Jan 1990 00:00:00 GMT","","",
"52.222.222.119","101","","","-1","-1","Script","3","5027","5338","application/x-javascript","0","1","","100","5108","https://rules.quantcount.com/rules-p-M4yfUTCPeS3vn.js","40","5108","200","230","","922","8","174","","181105_SW_7","5067","75","5068","100","902","1112","5339","40","GET","630","630","396","0.39","-1","-1","rules.quantcount.com","100","-1","https://secure.quantserve.com/quant.js","17","5026","/rules-p-M4yfUTCPeS3vn.js","0","","Amazon CloudFront","5440","5339","5414","5414","5440","26","5027","5440","411","44","45","1","0","max-age=3600","h2","high","","gzip","","","",
"52.73.31.254","65","44","","-1","100","","3","-1","-1","image/gif","","1","","-1","-1","https://secure-us.imrworldwide.com/cgi-bin/m?ci=us-804377h&cg=0&cc=1&si=https%3A//m.yelp.com/&rp=&ts=compact&rnd=1541378321784&ja=1","-1","-1","200","-1","0","516","1860","359","","181105_SW_7","-1","64","-1","-1","","44","5438","-1","GET","44","","","0.33.1","-1","-1","secure-us.imrworldwide.com","100","-1","https://m.yelp.com/","18","5438","/cgi-bin/m?ci=us-804377h&cg=0&cc=1&si=https%3A//m.yelp.com/&rp=&ts=compact&rnd=1541378321784&ja=1","-1","","","5503","5438","5502","5502","5503","1","5438","5503","65","45","46","1","0","no-cache","h2","low","","","Thu, 01 Dec 1994 16:00:00 GMT","","",
"18.188.10.99","62","35","","-1","100","Image","3","-1","-1","image/gif","","1","","-1","-1","https://pixel.quantserve.com/pixel;r=2023914280;rf=0;a=p-M4yfUTCPeS3vn;url=https%3A%2F%2Fm.yelp.com%2F;fpan=1;fpa=P0-312402985-1541378323199;ns=0;ce=1;qjs=1;qv=4c19192-20180628134937;cm=;ref=;je=0;sr=375x667x32;enc=n;dst=1;et=1541378323197;tzo=300;ogl=","-1","-1","200","-1","0","440","20","578","","181105_SW_7","-1","41","-1","-1","","35","5466","-1","GET","35","","275","0.43","-1","-1","pixel.quantserve.com","100","-1","https://secure.quantserve.com/quant.js","15","5465","/pixel;r=2023914280;rf=0;a=p-M4yfUTCPeS3vn;url=https%3A%2F%2Fm.yelp.com%2F;fpan=1;fpa=P0-312402985-1541378323199;ns=0;ce=1;qjs=1;qv=4c19192-20180628134937;cm=;ref=;je=0;sr=375x667x32;enc=n;dst=1;et=1541378323197;tzo=300;ogl=","-1","","","5528","5466","5507","5507","5528","21","5466","5528","62","46","47","1","0","private, no-cache, no-store, proxy-revalidate","http/1.1","low","","","Fri, 04 Aug 1978 12:00:00 GMT","","",
"108.177.103.149","101","","","-1","-1","Document","3","-1","-1","text/html; charset=UTF-8","0","1","","100","-1","https://6372968.fls.doubleclick.net/ddm/fls/r/src=6372968;type=invmedia;cat=qr3hlsqk;dc_lat=;dc_rdid=;tag_for_child_directed_treatment=;ord=9979296861332.791;_dc_1=1;~oref=https://m.yelp.com/","-1","-1","200","-1","","1179","","661","","181105_SW_7","-1","99","-1","100","","943","5475","-1","GET","531","531","","0.40.1","-1","-1","6372968.fls.doubleclick.net","100","-1","","16","5475","/ddm/fls/r/src=6372968;type=invmedia;cat=qr3hlsqk;dc_lat=;dc_rdid=;tag_for_child_directed_treatment=;ord=9979296861332.791;_dc_1=1;~oref=https://m.yelp.com/","-1","","Google","5576","5475","5574","5574","5576","2","5475","5576","101","47","48","1","0","private, max-age=0","h2","high","","gzip","Mon, 05 Nov 2018 00:38:43 GMT","","",
"35.186.226.184","112","","","-1","-1","Document","3","5442","5576","text/html","","1","","-1","5471","https://tr.snapchat.com/cm/i?","2","5471","200","105","","1060","","201","","181105_SW_7","5444","59","5445","100","","692","5576","26","GET","692","","","0.42","-1","-1","tr.snapchat.com","100","-1","","20","5440","/cm/i","-1","","Google","5688","5576","5635","5635","5688","53","5442","5688","245","48","49","1","0","","h2","high","","","","","",
"108.177.112.99","372","42","","-1","100","","3","-1","-1","image/gif","","1","","-1","-1","https://www.google.com/ads/ga-audiences?v=1&aip=1&t=sr&_r=4&tid=UA-30501-46&cid=E98B42013D433482&jid=1470274292&_v=j71&z=304161632","-1","-1","200","-1","0","471","1860","701","","181105_SW_7","-1","372","-1","100","","812","5610","-1","GET","42","","","0.38.2","-1","-1","www.google.com","100","-1","https://m.yelp.com/","21","5610","/ads/ga-audiences?v=1&aip=1&t=sr&_r=4&tid=UA-30501-46&cid=E98B42013D433482&jid=1470274292&_v=j71&z=304161632","-1","","Google","5982","5610","5982","5982","5982","0","5610","5982","372","49","50","1","0","no-cache, must-revalidate","h2","low","","","Fri, 01 Jan 1990 00:00:00 GMT","","",
"64.233.169.155","199","","","-1","-1","Script","3","5583","5784","text/javascript; charset=UTF-8","0","1","","100","5653","https://www.googleadservices.com/pagead/conversion.js","14","5653","200","131","","9841","13","299","","181105_SW_7","5597","73","5599","100","3600","24502","5785","54","GET","9224","9224","","0.44","-1","-1","www.googleadservices.com","100","-1","https://6372968.fls.doubleclick.net/ddm/fls/r/src=6372968;type=invmedia;cat=qr3hlsqk;dc_lat=;dc_rdid=;tag_for_child_directed_treatment=;ord=9979296861332.791;_dc_1=1;~oref=https://m.yelp.com/","22","5580","/pagead/conversion.js","50","","Google","5984","5785","5858","5858","5984","126","5583","5984","398","50","51","1","0","private, max-age=3600","h2","high","","gzip","Mon, 05 Nov 2018 00:38:43 GMT","","",
"64.233.169.155","88","","","-1","-1","Script","3","-1","-1","text/javascript; charset=UTF-8","0","1","","100","-1","https://www.googleadservices.com/pagead/conversion/864073483/?random=1541378323728&cv=9&fst=1541378323728&num=1&label=SuCZCJq78m8Qi-6CnAM&bg=ffffff&hl=en&guid=ON&resp=GooglemKTybQhCsO&eid=659255991&u_h=667&u_w=375&u_ah=667&u_aw=375&u_cd=32&u_his=1&u_tz=-300&u_java=false&u_nplug=0&u_nmime=0&sendb=1&frm=2&url=https%3A%2F%2F6372968.fls.doubleclick.net%2Fddm%2Ffls%2Fr%2Fsrc%3D6372968%3Btype%3Dinvmedia%3Bcat%3Dqr3hlsqk%3Bdc_lat%3D%3Bdc_rdid%3D%3Btag_for_child_directed_treatment%3D%3Bord%3D9979296861332.791%3B_dc_1%3D1%3B~oref%3Dhttps%3A%2F%2Fm.yelp.com%2F&ref=https%3A%2F%2F6372968.fls.doubleclick.net%2Factivityi%3Bsrc%3D6372968%3Btype%3Dinvmedia%3Bcat%3Dqr3hlsqk%3Bdc_lat%3D%3Bdc_rdid%3D%3Btag_for_child_directed_treatment%3D%3Bord%3D9979296861332.791%3F&rfmt=1&fmt=4","-1","-1","200","-1","","1718","17","564","","181105_SW_7","-1","61","-1","100","","1980","6077","-1","GET","1127","1127","919","0.46","-1","-1","www.googleadservices.com","100","-1","https://www.googleadservices.com/pagead/conversion.js","22","6076","/pagead/conversion/864073483/?random=1541378323728&cv=9&fst=1541378323728&num=1&label=SuCZCJq78m8Qi-6CnAM&bg=ffffff&hl=en&guid=ON&resp=GooglemKTybQhCsO&eid=659255991&u_h=667&u_w=375&u_ah=667&u_aw=375&u_cd=32&u_his=1&u_tz=-300&u_java=false&u_nplug=0&u_nmime=0&sendb=1&frm=2&url=https%3A%2F%2F6372968.fls.doubleclick.net%2Fddm%2Ffls%2Fr%2Fsrc%3D6372968%3Btype%3Dinvmedia%3Bcat%3Dqr3hlsqk%3Bdc_lat%3D%3Bdc_rdid%3D%3Btag_for_child_directed_treatment%3D%3Bord%3D9979296861332.791%3B_dc_1%3D1%3B~oref%3Dhttps%3A%2F%2Fm.yelp.com%2F&ref=https%3A%2F%2F6372968.fls.doubleclick.net%2Factivityi%3Bsrc%3D6372968%3Btype%3Dinvmedia%3Bcat%3Dqr3hlsqk%3Bdc_lat%3D%3Bdc_rdid%3D%3Btag_for_child_directed_treatment%3D%3Bord%3D9979296861332.791%3F&rfmt=1&fmt=4","-1","","Google","6165","6077","6138","6138","6165","27","6077","6165","88","51","52","1","0","no-cache, must-revalidate","h2","high","","gzip","Fri, 01 Jan 1990 00:00:00 GMT","","",
"","84","","","-1","-1","Document","3","-1","-1","","","1","","-1","-1","https://tr.snapchat.com/cm/s?pnid=100&cb=1541378323490","-1","-1","302","-1","","490","","0","","181105_SW_7","-1","84","-1","-1","","0","6105","-1","GET","0","","","0.47","-1","-1","tr.snapchat.com","-1","-1","","-1","6105","/cm/s?pnid=100&cb=1541378323490","-1","","","6189","6105","6189","6189","6189","0","6105","6189","84","52","53","1","0","","","","","","","","",
"","152","","","-1","-1","Document","3","-1","-1","","","1","","-1","-1","https://tr.snapchat.com/cm/s?pnid=110&cb=1541378323520","-1","-1","302","-1","","484","","0","","181105_SW_7","-1","152","-1","-1","","0","6165","-1","GET","0","","","0.48","-1","-1","tr.snapchat.com","-1","-1","","-1","6165","/cm/s?pnid=110&cb=1541378323520","-1","","","6317","6165","6317","6317","6317","0","6165","6317","152","53","54","1","0","","","","","","","","",
"","-1","","","-1","-1","Document","3","-1","-1","","","1","","-1","-1","https://snap.adsrvr.org/match?rurl=https%3A%2F%2Ftr.snapchat.com%2Fcm%2Fp%3Frand%3D1541115840815%26pnid%3D100%26pcid%3D%7BPCID%7D","-1","-1","-1","-1","","0","","0","","181105_SW_7","-1","-1","-1","-1","","0","6189","-1","GET","0","","","0.47.1","-1","-1","snap.adsrvr.org","-1","-1","","-1","6189","/match?rurl=https%3A%2F%2Ftr.snapchat.com%2Fcm%2Fp%3Frand%3D1541115840815%26pnid%3D100%26pcid%3D%7BPCID%7D","-1","","","6188","6189","6188","6188","6188","0","6189","6188","-1","54","55","1","0","","","","","","","","",
"","162","","","-1","-1","Document","3","-1","-1","","","1","","-1","-1","https://tr.snapchat.com/cm/s?pnid=120&cb=1541378323547","-1","-1","302","-1","","518","","0","","181105_SW_7","-1","162","-1","-1","","0","6191","-1","GET","0","","","0.49","-1","-1","tr.snapchat.com","-1","-1","","-1","6191","/cm/s?pnid=120&cb=1541378323547","-1","","","6353","6191","6353","6353","6353","0","6191","6353","162","55","56","1","0","","","","","","","","",
"","163","","","-1","-1","Document","3","-1","-1","","","1","","-1","-1","https://tr.snapchat.com/cm/s?pnid=130&cb=1541378323572","-1","-1","302","-1","","534","","0","","181105_SW_7","-1","163","-1","-1","","0","6225","-1","GET","0","","","0.50","-1","-1","tr.snapchat.com","-1","-1","","-1","6225","/cm/s?pnid=130&cb=1541378323572","-1","","","6388","6225","6388","6388","6388","0","6225","6388","163","56","57","1","0","","","","","","","","",
"","374","","","-1","-1","Document","3","-1","-1","text/html; charset=UTF-8","","1","","-1","-1","https://googleads.g.doubleclick.net/pagead/viewthroughconversion/864073483/?random=1977069071&cv=9&fst=*&num=1&label=SuCZCJq78m8Qi-6CnAM&bg=ffffff&hl=en&guid=ON&resp=GooglemKTybQhCsO&eid=659255991&u_h=667&u_w=375&u_ah=667&u_aw=375&u_cd=32&u_his=1&u_tz=-300&u_java=false&u_nplug=0&u_nmime=0&sendb=1&frm=2&url=https://6372968.fls.doubleclick.net/ddm/fls/r/src%3D6372968%3Btype%3Dinvmedia%3Bcat%3Dqr3hlsqk%3Bdc_lat%3D%3Bdc_rdid%3D%3Btag_for_child_directed_treatment%3D%3Bord%3D9979296861332.791%3B_dc_1%3D1%3B~oref%3Dhttps://m.yelp.com/&ref=https://6372968.fls.doubleclick.net/activityi%3Bsrc%3D6372968%3Btype%3Dinvmedia%3Bcat%3Dqr3hlsqk%3Bdc_lat%3D%3Bdc_rdid%3D%3Btag_for_child_directed_treatment%3D%3Bord%3D9979296861332.791%3F&fmt=1&ctc_id=CAIVAgAAAB0CAAAA&ct_cookie_present=false&ocp_id=E5HfW4XHNIW4_AG7qJHwBQ&crd=CKrPGwiC0Bs&gtd=","-1","-1","302","-1","","1650","","0","","181105_SW_7","-1","374","-1","-1","","0","6257","-1","GET","76","","","0.51","-1","-1","googleads.g.doubleclick.net","-1","-1","","-1","6257","/pagead/viewthroughconversion/864073483/?random=1977069071&cv=9&fst=*&num=1&label=SuCZCJq78m8Qi-6CnAM&bg=ffffff&hl=en&guid=ON&resp=GooglemKTybQhCsO&eid=659255991&u_h=667&u_w=375&u_ah=667&u_aw=375&u_cd=32&u_his=1&u_tz=-300&u_java=false&u_nplug=0&u_nmime=0&sendb=1&frm=2&url=https://6372968.fls.doubleclick.net/ddm/fls/r/src%3D6372968%3Btype%3Dinvmedia%3Bcat%3Dqr3hlsqk%3Bdc_lat%3D%3Bdc_rdid%3D%3Btag_for_child_directed_treatment%3D%3Bord%3D9979296861332.791%3B_dc_1%3D1%3B~oref%3Dhttps://m.yelp.com/&ref=https://6372968.fls.doubleclick.net/activityi%3Bsrc%3D6372968%3Btype%3Dinvmedia%3Bcat%3Dqr3hlsqk%3Bdc_lat%3D%3Bdc_rdid%3D%3Btag_for_child_directed_treatment%3D%3Bord%3D9979296861332.791%3F&fmt=1&ctc_id=CAIVAgAAAB0CAAAA&ct_cookie_present=false&ocp_id=E5HfW4XHNIW4_AG7qJHwBQ&crd=CKrPGwiC0Bs&gtd=","-1","","","6631","6257","6631","6631","6631","0","6257","6631","374","57","58","1","0","no-cache, must-revalidate","","","","gzip","Fri, 01 Jan 1990 00:00:00 GMT","","",
"","311","","","-1","-1","Document","3","-1","-1","text/html; charset=utf-8","","1","","-1","-1","https://insight.adsrvr.org/track/up?adv=igcouad&ref=https%3A%2F%2Fm.yelp.com%2F&upid=mvh4ai1&osi=ae3fa020b0f412cb6a5c6e9adf0cc9e3&osv=1.1&upv=1.1.3","-1","-1","302","-1","","0","1","0","","181105_SW_7","-1","311","-1","-1","","0","6289","-1","GET","0","","6597","0.52","-1","-1","insight.adsrvr.org","-1","-1","https://js.adsrvr.org/up_loader.1.1.0.js","-1","6289","/track/up?adv=igcouad&ref=https%3A%2F%2Fm.yelp.com%2F&upid=mvh4ai1&osi=ae3fa020b0f412cb6a5c6e9adf0cc9e3&osv=1.1&upv=1.1.3","-1","","","6600","6289","6600","6600","6600","0","6289","6600","311","58","59","1","0","private,no-cache, must-revalidate","","","","","","","",
"","400","","","-1","-1","Document","3","-1","-1","","","1","","-1","-1","https://so.rlcdn.com/463676.gif?credir=https%3A%2F%2Ftr.snapchat.com%2Fcm%2Fp%3Frand%3D1541115735178%26pnid%3D110%26pcid%3D","-1","-1","307","-1","","430","","0","","181105_SW_7","-1","400","-1","-1","","0","6317","-1","GET","0","","","0.48.1","-1","-1","so.rlcdn.com","-1","-1","","-1","6317","/463676.gif?credir=https%3A%2F%2Ftr.snapchat.com%2Fcm%2Fp%3Frand%3D1541115735178%26pnid%3D110%26pcid%3D","-1","","","6717","6317","6717","6717","6717","0","6317","6717","400","59","60","1","0","no-cache, no-store","","","","","","","",
"","450","","","-1","-1","Document","3","-1","-1","text/html; charset=UTF-8","","1","","-1","-1","https://x.skimresources.com/?provider=snap&mode=check&redir=https%3A%2F%2Ftr.snapchat.com%2Fcm%2Fp%3Frand%3D1541115735172%26pnid%3D120%26pcid%3D%7Buser_id%7D","-1","-1","302","-1","","397","","0","","181105_SW_7","-1","450","-1","-1","","0","6354","-1","GET","0","","","0.49.1","-1","-1","x.skimresources.com","-1","-1","","-1","6354","/?provider=snap&mode=check&redir=https%3A%2F%2Ftr.snapchat.com%2Fcm%2Fp%3Frand%3D1541115735172%26pnid%3D120%26pcid%3D%7Buser_id%7D","-1","","","6804","6354","6804","6804","6804","0","6354","6804","450","60","61","1","0","","","","","","","","",
"","50","","","-1","-1","Document","3","-1","-1","","","1","","-1","-1","https://tr.snapchat.com/cm/s?pnid=140&cb=1541378323599","-1","-1","302","-1","","533","","0","","181105_SW_7","-1","50","-1","-1","","0","6355","-1","GET","0","","","0.53","-1","-1","tr.snapchat.com","-1","-1","","-1","6355","/cm/s?pnid=140&cb=1541378323599","-1","","","6405","6355","6405","6405","6405","0","6355","6405","50","61","62","1","0","","","","","","","","",
"","946","","","-1","-1","Document","3","-1","-1","","","1","","-1","-1","https://r.dlx.addthis.com/e/getdata.xgi?chpcm=advtID&dt=br&pkey=etcb25etcbj76&ru=https%3A%2F%2Ftr.snapchat.com%2Fcm%2Fp%2Fo%3Frand%3D1541115836890%26pnid%3D130%26%3Cna_da%3E","-1","-1","302","-1","","0","","0","","181105_SW_7","-1","946","-1","-1","","0","6389","-1","GET","0","","","0.50.1","-1","-1","r.dlx.addthis.com","-1","-1","","-1","6389","/e/getdata.xgi?chpcm=advtID&dt=br&pkey=etcb25etcbj76&ru=https%3A%2F%2Ftr.snapchat.com%2Fcm%2Fp%2Fo%3Frand%3D1541115836890%26pnid%3D130%26%3Cna_da%3E","-1","","","7335","6389","7335","7335","7335","0","6389","7335","946","62","63","1","0","","","","","","","","",
"","371","","","-1","-1","Document","3","-1","-1","","","1","","-1","-1","https://pixel.tapad.com/idsync/ex/push?partner_id=2884&partner_url=https%3A%2F%2Ftr.snapchat.com%2Fcm%2Fp%3Frand%3D1541115735172%26pnid%3D140%26pcid%3D%24%7BTA_DEVICE_ID%7D","-1","-1","302","-1","","653","","0","","181105_SW_7","-1","371","-1","-1","","0","6404","-1","GET","0","","","0.53.1","-1","-1","pixel.tapad.com","-1","-1","","-1","6404","/idsync/ex/push?partner_id=2884&partner_url=https%3A%2F%2Ftr.snapchat.com%2Fcm%2Fp%3Frand%3D1541115735172%26pnid%3D140%26pcid%3D%24%7BTA_DEVICE_ID%7D","-1","","","6775","6404","6775","6775","6775","0","6404","6775","371","63","64","1","0","","","","","","","","",
"34.225.120.66","326","","","-1","-1","Document","3","-1","-1","text/html","","1","","-1","-1","https://match.adsrvr.org/track/upb/?adv=igcouad&ref=https%3A%2F%2Fm.yelp.com%2F&upid=mvh4ai1&osi=ae3fa020b0f412cb6a5c6e9adf0cc9e3&osv=1.1&upv=1.1.3","-1","-1","200","-1","","886","","572","","181105_SW_7","-1","326","-1","-1","","345","6600","-1","GET","345","","","0.52.1","-1","-1","match.adsrvr.org","100","-1","","23","6600","/track/upb/?adv=igcouad&ref=https%3A%2F%2Fm.yelp.com%2F&upid=mvh4ai1&osi=ae3fa020b0f412cb6a5c6e9adf0cc9e3&osv=1.1&upv=1.1.3","-1","","","6926","6600","6926","6926","6926","0","6600","6926","326","64","65","1","0","private,no-cache, must-revalidate","h2","high","","","","","",
"108.177.112.99","175","","","-1","-1","Document","3","-1","-1","text/html; charset=UTF-8","0","1","","100","-1","https://www.google.com/pagead/1p-conversion/864073483/?random=1977069071&cv=9&fst=*&num=1&label=SuCZCJq78m8Qi-6CnAM&bg=ffffff&hl=en&guid=ON&resp=GooglemKTybQhCsO&eid=659255991&u_h=667&u_w=375&u_ah=667&u_aw=375&u_cd=32&u_his=1&u_tz=-300&u_java=false&u_nplug=0&u_nmime=0&sendb=1&frm=2&url=https://6372968.fls.doubleclick.net/ddm/fls/r/src%3D6372968%3Btype%3Dinvmedia%3Bcat%3Dqr3hlsqk%3Bdc_lat%3D%3Bdc_rdid%3D%3Btag_for_child_directed_treatment%3D%3Bord%3D9979296861332.791%3B_dc_1%3D1%3B~oref%3Dhttps://m.yelp.com/&ref=https://6372968.fls.doubleclick.net/activityi%3Bsrc%3D6372968%3Btype%3Dinvmedia%3Bcat%3Dqr3hlsqk%3Bdc_lat%3D%3Bdc_rdid%3D%3Btag_for_child_directed_treatment%3D%3Bord%3D9979296861332.791%3F&fmt=1&ctc_id=CAIVAgAAAB0CAAAA&ct_cookie_present=false&crd=CKrPGwiC0Bs&gtd=&cdct=2&is_vtc=1&ocp_id=E5HfW4XHNIW4_AG7qJHwBQ&random=1939483916&resp=GooglemKTybQhCsO","-1","-1","200","-1","","552","","1763","","181105_SW_7","-1","114","-1","100","","126","6631","-1","GET","76","152","","0.51.1","-1","-1","www.google.com","100","-1","","21","6631","/pagead/1p-conversion/864073483/?random=1977069071&cv=9&fst=*&num=1&label=SuCZCJq78m8Qi-6CnAM&bg=ffffff&hl=en&guid=ON&resp=GooglemKTybQhCsO&eid=659255991&u_h=667&u_w=375&u_ah=667&u_aw=375&u_cd=32&u_his=1&u_tz=-300&u_java=false&u_nplug=0&u_nmime=0&sendb=1&frm=2&url=https://6372968.fls.doubleclick.net/ddm/fls/r/src%3D6372968%3Btype%3Dinvmedia%3Bcat%3Dqr3hlsqk%3Bdc_lat%3D%3Bdc_rdid%3D%3Btag_for_child_directed_treatment%3D%3Bord%3D9979296861332.791%3B_dc_1%3D1%3B~oref%3Dhttps://m.yelp.com/&ref=https://6372968.fls.doubleclick.net/activityi%3Bsrc%3D6372968%3Btype%3Dinvmedia%3Bcat%3Dqr3hlsqk%3Bdc_lat%3D%3Bdc_rdid%3D%3Btag_for_child_directed_treatment%3D%3Bord%3D9979296861332.791%3F&fmt=1&ctc_id=CAIVAgAAAB0CAAAA&ct_cookie_present=false&crd=CKrPGwiC0Bs&gtd=&cdct=2&is_vtc=1&ocp_id=E5HfW4XHNIW4_AG7qJHwBQ&random=1939483916&resp=GooglemKTybQhCsO","-1","","Google","6806","6631","6745","6745","6806","61","6631","6806","175","65","66","1","0","no-cache, no-store, must-revalidate","h2","high","","gzip","Fri, 01 Jan 1990 00:00:00 GMT","","",
"","117","","","-1","-1","Document","3","-1","-1","","","1","","-1","-1","https://so.rlcdn.com/1000.gif?memo=CLymHBoNCJSi_t4FEgUI6AcQAEI-aHR0cHM6Ly90ci5zbmFwY2hhdC5jb20vY20vcD9yYW5kPTE1NDExMTU3MzUxNzgmcG5pZD0xMTAmcGNpZD1KAA","-1","-1","307","-1","","367","","0","","181105_SW_7","-1","117","-1","-1","","0","6716","-1","GET","0","","","0.48.2","-1","-1","so.rlcdn.com","-1","-1","","-1","6716","/1000.gif?memo=CLymHBoNCJSi_t4FEgUI6AcQAEI-aHR0cHM6Ly90ci5zbmFwY2hhdC5jb20vY20vcD9yYW5kPTE1NDExMTU3MzUxNzgmcG5pZD0xMTAmcGNpZD1KAA","-1","","","6833","6716","6833","6833","6833","0","6716","6833","117","66","67","1","0","no-cache, no-store","","","","","","","",
"","93","","","-1","-1","Document","3","-1","-1","","","1","","-1","-1","https://pixel.tapad.com/idsync/ex/push/check?partner_id=2884&partner_url=https%3A%2F%2Ftr.snapchat.com%2Fcm%2Fp%3Frand%3D1541115735172%26pnid%3D140%26pcid%3D%24%7BTA_DEVICE_ID%7D","-1","-1","302","-1","","0","","0","","181105_SW_7","-1","93","-1","-1","","0","6776","-1","GET","0","","","0.53.2","-1","-1","pixel.tapad.com","-1","-1","","-1","6776","/idsync/ex/push/check?partner_id=2884&partner_url=https%3A%2F%2Ftr.snapchat.com%2Fcm%2Fp%3Frand%3D1541115735172%26pnid%3D140%26pcid%3D%24%7BTA_DEVICE_ID%7D","-1","","","6869","6776","6869","6869","6869","0","6776","6869","93","67","68","1","0","","","","","","","","",
"35.186.226.184","148","","","-1","-1","Document","3","-1","-1","text/html","","1","","-1","-1","https://tr.snapchat.com/cm/p?rand=1541115735172&pnid=120&pcid=&","-1","-1","200","-1","","502","","578","","181105_SW_7","-1","93","-1","100","","68","6804","-1","GET","68","","","0.49.2","-1","-1","tr.snapchat.com","100","-1","","20","6804","/cm/p?rand=1541115735172&pnid=120&pcid=&","-1","","Google","6952","6804","6897","6897","6952","55","6804","6952","148","68","69","1","0","no-cache, no-transform","h2","high","","","","","",
"35.186.226.184","150","","","-1","-1","Document","3","-1","-1","text/html","","1","","-1","-1","https://tr.snapchat.com/cm/p?rand=1541115735178&pnid=110&pcid=","-1","-1","200","-1","","502","","475","","181105_SW_7","-1","118","-1","100","","68","6834","-1","GET","68","","","0.48.3","-1","-1","tr.snapchat.com","100","-1","","20","6834","/cm/p?rand=1541115735178&pnid=110&pcid=","-1","","Google","6984","6834","6952","6952","6984","32","6834","6984","150","69","70","1","0","no-cache, no-transform","h2","high","","","","","",
"","108","","","-1","-1","Document","3","-1","-1","text/html","","1","","-1","-1","https://match.adsrvr.org/track/cmf/generic?ttd_pid=tapad&ttd_tpi=1&ttd_puid=26822d80-e093-11e8-9e29-0a580a440811%252Chttps%253A%252F%252Ftr.snapchat.com%252Fcm%252Fp%253Frand%253D1541115735172%2526pnid%253D140%2526pcid%253D26822d80-e093-11e8-9e29-0a580a440811&gdpr=0&gdpr_consent=","-1","-1","302","-1","","1338","","0","","181105_SW_7","-1","108","-1","-1","","0","6869","-1","GET","591","","","0.53.3","-1","-1","match.adsrvr.org","-1","-1","","-1","6869","/track/cmf/generic?ttd_pid=tapad&ttd_tpi=1&ttd_puid=26822d80-e093-11e8-9e29-0a580a440811%252Chttps%253A%252F%252Ftr.snapchat.com%252Fcm%252Fp%253Frand%253D1541115735172%2526pnid%253D140%2526pcid%253D26822d80-e093-11e8-9e29-0a580a440811&gdpr=0&gdpr_consent=","-1","","","6977","6869","6977","6977","6977","0","6869","6977","108","70","71","1","0","private,no-cache, must-revalidate","","","","","","","",
"34.225.120.66","167","70","","-1","100","Document","3","-1","-1","image/gif","","1","","-1","-1","https://match.adsrvr.org/track/cmb/generic?ttd_pid=tapad&ttd_tpi=1&ttd_puid=26822d80-e093-11e8-9e29-0a580a440811%252Chttps%253A%252F%252Ftr.snapchat.com%252Fcm%252Fp%253Frand%253D1541115735172%2526pnid%253D140%2526pcid%253D26822d80-e093-11e8-9e29-0a580a440811&gdpr=0&gdpr_consent=","-1","-1","200","-1","0","423","","898","","181105_SW_7","-1","161","-1","-1","","661","6977","-1","GET","70","","","0.53.4","-1","-1","match.adsrvr.org","100","-1","","23","6977","/track/cmb/generic?ttd_pid=tapad&ttd_tpi=1&ttd_puid=26822d80-e093-11e8-9e29-0a580a440811%252Chttps%253A%252F%252Ftr.snapchat.com%252Fcm%252Fp%253Frand%253D1541115735172%2526pnid%253D140%2526pcid%253D26822d80-e093-11e8-9e29-0a580a440811&gdpr=0&gdpr_consent=","-1","","","7144","6977","7138","7138","7144","6","6977","7144","167","71","72","1","0","private,no-cache, must-revalidate","h2","high","","","","","",
"35.186.226.184","77","","","-1","-1","Document","3","-1","-1","text/html","","1","","-1","-1","https://tr.snapchat.com/cm/p/o?rand=1541115836890&pnid=130&","-1","-1","200","-1","","502","","393","","181105_SW_7","-1","76","-1","100","","68","7335","-1","GET","68","","","0.50.2","-1","-1","tr.snapchat.com","100","-1","","20","7335","/cm/p/o?rand=1541115836890&pnid=130&","-1","","Google","7412","7335","7411","7411","7412","1","7335","7412","77","72","73","1","0","no-cache, no-transform","h2","high","","","","","",
"151.101.44.116","603","","","-1","-1","Document","3","-1","-1","text/html; charset=UTF-8","0","1","","100","-1","https://m.yelp.com/","-1","-1","200","-1","","19916","","1410","","181105_SW_7","-1","446","-1","100","","99107","51","-1","GET","19131","19131","","0.2.2","-1","-1","m.yelp.com","100","-1","","1","51","/","-1","","Fastly","654","51","497","497","654","157","51","654","603","0","1","1","1","max-age=0, must-revalidate, no-cache, no-store, private","h2","high","1","gzip","Mon, 05 Nov 2018 00:38:59 GMT","","",
"","576","","","-1","-1","Image","3","-1","-1","","","1","","-1","-1","https://sb.scorecardresearch.com/b?c15=&c3=&c2=7130511&c1=2&c6=&c5=&c4=&ns__t=1541378341050&ns_c=UTF-8&cv=3.1&c8=San%20Francisco%20Restaurants%2C%20Dentists%2C%20Bars%2C%20Beauty%20Salons%2C%20Doctors&c7=https%3A%2F%2Fm.yelp.com%2F&c9=","-1","-1","302","-1","","677","1","0","","181105_SW_7","-1","576","-1","-1","","0","1609","-1","GET","0","","612","0.30","-1","-1","sb.scorecardresearch.com","-1","-1","https://sb.scorecardresearch.com/beacon.js","-1","1609","/b?c15=&c3=&c2=7130511&c1=2&c6=&c5=&c4=&ns__t=1541378341050&ns_c=UTF-8&cv=3.1&c8=San%20Francisco%20Restaurants%2C%20Dentists%2C%20Bars%2C%20Beauty%20Salons%2C%20Doctors&c7=https%3A%2F%2Fm.yelp.com%2F&c9=","-1","","","2185","1609","2185","2185","2185","0","1609","2185","576","1","2","1","1","private, no-cache, no-cache=Set-Cookie, no-store, proxy-revalidate","","","","","Mon, 01 Jan 1990 00:00:00 GMT","","",
"","571","","","-1","-1","Image","3","-1","-1","","","1","","-1","-1","https://secure-us.imrworldwide.com/cgi-bin/m?ci=us-804377h&cg=0&cc=1&si=https%3A//m.yelp.com/&rp=&ts=compact&rnd=1541378341055","-1","-1","302","-1","","589","1807","0","","181105_SW_7","-1","571","-1","-1","","0","1612","-1","GET","0","","114","0.32","-1","-1","secure-us.imrworldwide.com","-1","-1","https://m.yelp.com/","-1","1612","/cgi-bin/m?ci=us-804377h&cg=0&cc=1&si=https%3A//m.yelp.com/&rp=&ts=compact&rnd=1541378341055","-1","","","2183","1612","2183","2183","2183","0","1612","2183","571","2","3","1","1","no-cache","","","","","Thu, 01 Dec 1994 16:00:00 GMT","","",
"151.101.44.116","347","57","","-1","100","Image","3","-1","-1","image/gif","0","1","","100","-1","https://m.yelp.com/spice?r=00b48607c9f97cf8&log_ad_spice=1&pagevis=0&gablock=0","-1","-1","200","-1","0","251","1793","1385","","181105_SW_7","-1","131","-1","100","","43","1624","-1","GET","57","57","395","0.31","-1","-1","m.yelp.com","100","-1","https://m.yelp.com/","1","1611","/spice?r=00b48607c9f97cf8&log_ad_spice=1&pagevis=0&gablock=0","-1","","Fastly","1971","1624","1755","1755","1971","216","1624","1971","347","3","4","1","1","max-age=0, must-revalidate, no-cache, no-store, private","h2","low","","gzip","Mon, 05 Nov 2018 00:39:01 GMT","","",
"108.177.103.149","463","","","-1","-1","Document","3","1643","1855","text/html; charset=UTF-8","0","1","","100","1693","https://6372968.fls.doubleclick.net/activityi;src=6372968;type=invmedia;cat=qr3hlsqk;dc_lat=;dc_rdid=;tag_for_child_directed_treatment=;ord=8416865091086.624?","4","1693","200","162","","1027","1847","295","","181105_SW_7","1647","94","1649","100","","460","1856","44","GET","356","356","97","0.33","-1","-1","6372968.fls.doubleclick.net","100","-1","https://m.yelp.com/","2","1642","/activityi;src=6372968;type=invmedia;cat=qr3hlsqk;dc_lat=;dc_rdid=;tag_for_child_directed_treatment=;ord=8416865091086.624","-1","","Google","2319","1856","1950","1950","2319","369","1643","2319","673","4","5","1","1","no-cache, must-revalidate","h2","high","","gzip","Fri, 01 Jan 1990 00:00:00 GMT","","",
"52.73.31.254","152","44","","-1","100","","3","-1","-1","image/gif","","1","","-1","-1","https://secure-us.imrworldwide.com/cgi-bin/m?ci=us-804377h&cg=0&cc=1&si=https%3A//m.yelp.com/&rp=&ts=compact&rnd=1541378341055&ja=1","-1","-1","200","-1","0","516","1860","359","","181105_SW_7","-1","152","-1","-1","","44","2183","-1","GET","44","","","0.32.1","-1","-1","secure-us.imrworldwide.com","100","-1","https://m.yelp.com/","3","2183","/cgi-bin/m?ci=us-804377h&cg=0&cc=1&si=https%3A//m.yelp.com/&rp=&ts=compact&rnd=1541378341055&ja=1","-1","","","2335","2183","2335","2335","2335","0","2183","2335","152","5","6","1","1","no-cache","h2","low","","","Thu, 01 Dec 1994 16:00:00 GMT","","",
"23.196.10.229","153","","","-1","-1","","3","-1","-1","","","1","","-1","-1","https://sb.scorecardresearch.com/b2?c15=&c3=&c2=7130511&c1=2&c6=&c5=&c4=&ns__t=1541378341050&ns_c=UTF-8&cv=3.1&c8=San%20Francisco%20Restaurants%2C%20Dentists%2C%20Bars%2C%20Beauty%20Salons%2C%20Doctors&c7=https%3A%2F%2Fm.yelp.com%2F&c9=","-1","-1","204","-1","","209","1860","1123","","181105_SW_7","-1","153","-1","-1","","0","2184","-1","GET","0","","","0.30.1","-1","-1","sb.scorecardresearch.com","-1","-1","https://m.yelp.com/","4","2184","/b2?c15=&c3=&c2=7130511&c1=2&c6=&c5=&c4=&ns__t=1541378341050&ns_c=UTF-8&cv=3.1&c8=San%20Francisco%20Restaurants%2C%20Dentists%2C%20Bars%2C%20Beauty%20Salons%2C%20Doctors&c7=https%3A%2F%2Fm.yelp.com%2F&c9=","-1","","","2337","2184","2337","2337","2337","0","2184","2337","153","6","7","1","1","private, no-cache, no-cache=Set-Cookie, no-store, proxy-revalidate","http/1.1","low","","","Mon, 01 Jan 1990 00:00:00 GMT","","",
"","353","","","-1","-1","Document","3","-1","-1","text/html; charset=UTF-8","","1","","-1","-1","https://adservice.google.com/ddm/fls/i/src=6372968;type=invmedia;cat=qr3hlsqk;dc_lat=;dc_rdid=;tag_for_child_directed_treatment=;ord=8416865091086.624;_dc_1=1;~oref=https://m.yelp.com/","-1","-1","302","-1","","712","","0","","181105_SW_7","-1","353","-1","-1","","0","2333","-1","GET","0","","","0.39","-1","-1","adservice.google.com","-1","-1","","-1","2333","/ddm/fls/i/src=6372968;type=invmedia;cat=qr3hlsqk;dc_lat=;dc_rdid=;tag_for_child_directed_treatment=;ord=8416865091086.624;_dc_1=1;~oref=https://m.yelp.com/","-1","","","2686","2333","2686","2686","2686","0","2333","2686","353","7","8","1","1","no-cache, must-revalidate","","","","","Fri, 01 Jan 1990 00:00:00 GMT","","",
"108.177.104.139","122","35","","-1","100","Image","3","-1","-1","image/gif","","1","","-1","-1","https://www.google-analytics.com/collect?v=1&_v=j71&aip=1&a=1355514681&t=pageview&_s=1&dl=https%3A%2F%2Fm.yelp.com%2F&dp=%2Fhome%2Fsf&ul=en-us&de=UTF-8&dt=San%20Francisco%20Restaurants%2C%20Dentists%2C%20Bars%2C%20Beauty%20Salons%2C%20Doctors&sd=32-bit&sr=375x667&vp=375x603&je=0&_u=QICAAAAB~&jid=&gjid=&cid=E98B42013D433482&tid=UA-30501-46&_gid=686453620.1541378323&cd152=disabled&z=2144466899","-1","-1","200","-1","0","394","14","285","","181105_SW_7","-1","57","-1","100","","35","2475","-1","GET","35","","84","0.37","-1","-1","www.google-analytics.com","100","-1","https://www.google-analytics.com/analytics.js","5","2264","/collect?v=1&_v=j71&aip=1&a=1355514681&t=pageview&_s=1&dl=https%3A%2F%2Fm.yelp.com%2F&dp=%2Fhome%2Fsf&ul=en-us&de=UTF-8&dt=San%20Francisco%20Restaurants%2C%20Dentists%2C%20Bars%2C%20Beauty%20Salons%2C%20Doctors&sd=32-bit&sr=375x667&vp=375x603&je=0&_u=QICAAAAB~&jid=&gjid=&cid=E98B42013D433482&tid=UA-30501-46&_gid=686453620.1541378323&cd152=disabled&z=2144466899","-1","","Google","2597","2475","2532","2532","2597","65","2475","2597","122","8","9","1","1","no-cache, no-store, must-revalidate","h2","low","","","Mon, 01 Jan 1990 00:00:00 GMT","","",
"108.177.104.139","121","35","","-1","100","Image","3","2260","2477","image/gif","","1","","-1","2318","https://www.google-analytics.com/collect?v=1&_v=j71&aip=1&a=1355514681&t=pageview&_s=1&dl=https%3A%2F%2Fm.yelp.com%2F&dp=%2Fhome%2Fsf&ul=en-us&de=UTF-8&dt=San%20Francisco%20Restaurants%2C%20Dentists%2C%20Bars%2C%20Beauty%20Salons%2C%20Doctors&sd=32-bit&sr=375x667&vp=375x603&je=0&_u=QICAAAAB~&jid=&gjid=&cid=E98B42013D433482&tid=UA-30501-1&_gid=686453620.1541378323&z=1719783882","5","2318","200","159","0","394","14","462","","181105_SW_7","2265","58","2265","100","","35","2478","53","GET","35","","84","0.36","-1","-1","www.google-analytics.com","100","-1","https://www.google-analytics.com/analytics.js","5","2259","/collect?v=1&_v=j71&aip=1&a=1355514681&t=pageview&_s=1&dl=https%3A%2F%2Fm.yelp.com%2F&dp=%2Fhome%2Fsf&ul=en-us&de=UTF-8&dt=San%20Francisco%20Restaurants%2C%20Dentists%2C%20Bars%2C%20Beauty%20Salons%2C%20Doctors&sd=32-bit&sr=375x667&vp=375x603&je=0&_u=QICAAAAB~&jid=&gjid=&cid=E98B42013D433482&tid=UA-30501-1&_gid=686453620.1541378323&z=1719783882","-1","","Google","2599","2478","2536","2536","2599","63","2260","2599","338","9","10","1","1","no-cache, no-store, must-revalidate","h2","low","","","Mon, 01 Jan 1990 00:00:00 GMT","","",
"151.101.44.116","564","","","-1","-1","XHR","3","-1","-1","application/x-javascript","0","1","","100","-1","https://m.yelp.com/yly-brxfdexyxywzxsdcbyedvedduveyuqvt.js?PID=703F990A-AE82-3F22-B757-CCC6761BE1C4","-1","-1","200","-1","","604","1","6744","","181105_SW_7","-1","484","-1","100","","20","2497","-1","POST","20","20","24047","0.40","-1","-1","m.yelp.com","100","-1","https://m.yelp.com/yly-brxfdexyxywzxsdcbyedvedduveyuqvt.js","1","2496","/yly-brxfdexyxywzxsdcbyedvedduveyuqvt.js?PID=703F990A-AE82-3F22-B757-CCC6761BE1C4","-1","","Fastly","3061","2497","2981","2981","3061","80","2497","3061","564","10","11","1","1","private, no-cache, no-store, must-revalidate","h2","medium","","gzip","Thu, 01 Jan 1970 00:00:01 GMT","","",
"108.177.103.149","172","","","-1","-1","Document","3","-1","-1","text/html; charset=UTF-8","0","1","","100","-1","https://6372968.fls.doubleclick.net/ddm/fls/r/src=6372968;type=invmedia;cat=qr3hlsqk;dc_lat=;dc_rdid=;tag_for_child_directed_treatment=;ord=8416865091086.624;_dc_1=1;~oref=https://m.yelp.com/","-1","-1","200","-1","","1179","","661","","181105_SW_7","-1","159","-1","100","","943","2686","-1","GET","531","531","","0.39.1","-1","-1","6372968.fls.doubleclick.net","100","-1","","2","2686","/ddm/fls/r/src=6372968;type=invmedia;cat=qr3hlsqk;dc_lat=;dc_rdid=;tag_for_child_directed_treatment=;ord=8416865091086.624;_dc_1=1;~oref=https://m.yelp.com/","-1","","Google","2858","2686","2845","2845","2858","13","2686","2858","172","11","12","1","1","private, max-age=0","h2","high","","gzip","Mon, 05 Nov 2018 00:39:02 GMT","","",
"35.186.226.184","258","","","-1","-1","Document","3","2690","2840","text/html","","1","","-1","2718","https://tr.snapchat.com/cm/i?","1","2718","200","122","","1060","","201","","181105_SW_7","2691","54","2692","100","","692","2840","26","GET","692","","","0.42","-1","-1","tr.snapchat.com","100","-1","","7","2688","/cm/i","-1","","Google","3098","2840","2894","2894","3098","204","2690","3098","407","12","13","1","1","","h2","high","","","","","",
"13.59.93.197","198","35","","-1","100","Image","3","2647","2842","image/gif","","1","","-1","2710","https://pixel.quantserve.com/pixel;r=1425410737;rf=0;a=p-M4yfUTCPeS3vn;url=https%3A%2F%2Fm.yelp.com%2F;fpan=0;fpa=P0-312402985-1541378323199;ns=0;ce=1;qjs=1;qv=4c19192-20180628134937;cm=;ref=;je=0;sr=375x667x32;enc=n;dst=1;et=1541378342082;tzo=300;ogl=","10","2710","200","132","0","440","20","578","","181105_SW_7","2657","50","2658","-1","","35","2842","52","GET","35","","275","0.41","-1","-1","pixel.quantserve.com","100","-1","https://secure.quantserve.com/quant.js","6","2645","/pixel;r=1425410737;rf=0;a=p-M4yfUTCPeS3vn;url=https%3A%2F%2Fm.yelp.com%2F;fpan=0;fpa=P0-312402985-1541378323199;ns=0;ce=1;qjs=1;qv=4c19192-20180628134937;cm=;ref=;je=0;sr=375x667x32;enc=n;dst=1;et=1541378342082;tzo=300;ogl=","-1","","","3040","2842","2892","2892","3040","148","2647","3040","392","13","14","1","1","private, no-cache, no-store, proxy-revalidate","http/1.1","low","","","Fri, 04 Aug 1978 12:00:00 GMT","","",
"64.233.169.156","127","","","-1","-1","Script","3","3016","3234","text/javascript; charset=UTF-8","0","1","","100","3085","https://www.googleadservices.com/pagead/conversion/864073483/?random=1541378342408&cv=9&fst=1541378342408&num=1&label=SuCZCJq78m8Qi-6CnAM&bg=ffffff&hl=en&guid=ON&resp=GooglemKTybQhCsO&eid=659255991&u_h=667&u_w=375&u_ah=667&u_aw=375&u_cd=32&u_his=1&u_tz=-300&u_java=false&u_nplug=0&u_nmime=0&sendb=1&frm=2&url=https%3A%2F%2F6372968.fls.doubleclick.net%2Fddm%2Ffls%2Fr%2Fsrc%3D6372968%3Btype%3Dinvmedia%3Bcat%3Dqr3hlsqk%3Bdc_lat%3D%3Bdc_rdid%3D%3Btag_for_child_directed_treatment%3D%3Bord%3D8416865091086.624%3B_dc_1%3D1%3B~oref%3Dhttps%3A%2F%2Fm.yelp.com%2F&ref=https%3A%2F%2F6372968.fls.doubleclick.net%2Factivityi%3Bsrc%3D6372968%3Btype%3Dinvmedia%3Bcat%3Dqr3hlsqk%3Bdc_lat%3D%3Bdc_rdid%3D%3Btag_for_child_directed_treatment%3D%3Bord%3D8416865091086.624%3F&rfmt=1&fmt=4","2","3085","200","149","","1719","17","833","","181105_SW_7","3018","82","3019","100","","1978","3235","66","GET","1128","1128","919","0.44","-1","-1","www.googleadservices.com","100","-1","https://www.googleadservices.com/pagead/conversion.js","8","3015","/pagead/conversion/864073483/?random=1541378342408&cv=9&fst=1541378342408&num=1&label=SuCZCJq78m8Qi-6CnAM&bg=ffffff&hl=en&guid=ON&resp=GooglemKTybQhCsO&eid=659255991&u_h=667&u_w=375&u_ah=667&u_aw=375&u_cd=32&u_his=1&u_tz=-300&u_java=false&u_nplug=0&u_nmime=0&sendb=1&frm=2&url=https%3A%2F%2F6372968.fls.doubleclick.net%2Fddm%2Ffls%2Fr%2Fsrc%3D6372968%3Btype%3Dinvmedia%3Bcat%3Dqr3hlsqk%3Bdc_lat%3D%3Bdc_rdid%3D%3Btag_for_child_directed_treatment%3D%3Bord%3D8416865091086.624%3B_dc_1%3D1%3B~oref%3Dhttps%3A%2F%2Fm.yelp.com%2F&ref=https%3A%2F%2F6372968.fls.doubleclick.net%2Factivityi%3Bsrc%3D6372968%3Btype%3Dinvmedia%3Bcat%3Dqr3hlsqk%3Bdc_lat%3D%3Bdc_rdid%3D%3Btag_for_child_directed_treatment%3D%3Bord%3D8416865091086.624%3F&rfmt=1&fmt=4","-1","","Google","3362","3235","3317","3317","3362","45","3016","3362","344","14","15","1","1","no-cache, must-revalidate","h2","high","","gzip","Fri, 01 Jan 1990 00:00:00 GMT","","",
"","132","","","-1","-1","Document","3","-1","-1","","","1","","-1","-1","https://tr.snapchat.com/cm/s?pnid=100&cb=1541378342585","-1","-1","302","-1","","490","","0","","181105_SW_7","-1","132","-1","-1","","0","3363","-1","GET","0","","","0.46","-1","-1","tr.snapchat.com","-1","-1","","-1","3363","/cm/s?pnid=100&cb=1541378342585","-1","","","3495","3363","3495","3495","3495","0","3363","3495","132","15","16","1","1","","","","","","","","",
"","159","","","-1","-1","Document","3","-1","-1","","","1","","-1","-1","https://tr.snapchat.com/cm/s?pnid=110&cb=1541378342624","-1","-1","302","-1","","484","","0","","181105_SW_7","-1","159","-1","-1","","0","3364","-1","GET","0","","","0.47","-1","-1","tr.snapchat.com","-1","-1","","-1","3364","/cm/s?pnid=110&cb=1541378342624","-1","","","3523","3364","3523","3523","3523","0","3364","3523","159","16","17","1","1","","","","","","","","",
"","137","","","-1","-1","Document","3","-1","-1","","","1","","-1","-1","https://tr.snapchat.com/cm/s?pnid=120&cb=1541378342650","-1","-1","302","-1","","518","","0","","181105_SW_7","-1","137","-1","-1","","0","3415","-1","GET","0","","","0.48","-1","-1","tr.snapchat.com","-1","-1","","-1","3415","/cm/s?pnid=120&cb=1541378342650","-1","","","3552","3415","3552","3552","3552","0","3415","3552","137","17","18","1","1","","","","","","","","",
"","199","","","-1","-1","Document","3","-1","-1","","","1","","-1","-1","https://tr.snapchat.com/cm/s?pnid=130&cb=1541378342677","-1","-1","302","-1","","534","","0","","181105_SW_7","-1","199","-1","-1","","0","3417","-1","GET","0","","","0.49","-1","-1","tr.snapchat.com","-1","-1","","-1","3417","/cm/s?pnid=130&cb=1541378342677","-1","","","3616","3417","3616","3616","3616","0","3417","3616","199","18","19","1","1","","","","","","","","",
"","398","","","-1","-1","Document","3","-1","-1","text/html; charset=UTF-8","","1","","-1","-1","https://googleads.g.doubleclick.net/pagead/viewthroughconversion/864073483/?random=1241424433&cv=9&fst=*&num=1&label=SuCZCJq78m8Qi-6CnAM&bg=ffffff&hl=en&guid=ON&resp=GooglemKTybQhCsO&eid=659255991&u_h=667&u_w=375&u_ah=667&u_aw=375&u_cd=32&u_his=1&u_tz=-300&u_java=false&u_nplug=0&u_nmime=0&sendb=1&frm=2&url=https://6372968.fls.doubleclick.net/ddm/fls/r/src%3D6372968%3Btype%3Dinvmedia%3Bcat%3Dqr3hlsqk%3Bdc_lat%3D%3Bdc_rdid%3D%3Btag_for_child_directed_treatment%3D%3Bord%3D8416865091086.624%3B_dc_1%3D1%3B~oref%3Dhttps://m.yelp.com/&ref=https://6372968.fls.doubleclick.net/activityi%3Bsrc%3D6372968%3Btype%3Dinvmedia%3Bcat%3Dqr3hlsqk%3Bdc_lat%3D%3Bdc_rdid%3D%3Btag_for_child_directed_treatment%3D%3Bord%3D8416865091086.624%3F&fmt=1&ctc_id=CAIVAgAAAB0CAAAA&ct_cookie_present=false&ocp_id=JpHfW7bULYmwBPCTiKAH&crd=CKrPGwiC0Bs&gtd=","-1","-1","302","-1","","1648","","0","","181105_SW_7","-1","398","-1","-1","","0","3440","-1","GET","76","","","0.50","-1","-1","googleads.g.doubleclick.net","-1","-1","","-1","3440","/pagead/viewthroughconversion/864073483/?random=1241424433&cv=9&fst=*&num=1&label=SuCZCJq78m8Qi-6CnAM&bg=ffffff&hl=en&guid=ON&resp=GooglemKTybQhCsO&eid=659255991&u_h=667&u_w=375&u_ah=667&u_aw=375&u_cd=32&u_his=1&u_tz=-300&u_java=false&u_nplug=0&u_nmime=0&sendb=1&frm=2&url=https://6372968.fls.doubleclick.net/ddm/fls/r/src%3D6372968%3Btype%3Dinvmedia%3Bcat%3Dqr3hlsqk%3Bdc_lat%3D%3Bdc_rdid%3D%3Btag_for_child_directed_treatment%3D%3Bord%3D8416865091086.624%3B_dc_1%3D1%3B~oref%3Dhttps://m.yelp.com/&ref=https://6372968.fls.doubleclick.net/activityi%3Bsrc%3D6372968%3Btype%3Dinvmedia%3Bcat%3Dqr3hlsqk%3Bdc_lat%3D%3Bdc_rdid%3D%3Btag_for_child_directed_treatment%3D%3Bord%3D8416865091086.624%3F&fmt=1&ctc_id=CAIVAgAAAB0CAAAA&ct_cookie_present=false&ocp_id=JpHfW7bULYmwBPCTiKAH&crd=CKrPGwiC0Bs&gtd=","-1","","","3838","3440","3838","3838","3838","0","3440","3838","398","19","20","1","1","no-cache, must-revalidate","","","","gzip","Fri, 01 Jan 1990 00:00:00 GMT","","",
"","335","","","-1","-1","Document","3","-1","-1","text/html; charset=utf-8","","1","","-1","-1","https://insight.adsrvr.org/track/up?adv=igcouad&ref=https%3A%2F%2Fm.yelp.com%2F&upid=mvh4ai1&osi=ae3fa020b0f412cb6a5c6e9adf0cc9e3&osv=1.1&upv=1.1.3","-1","-1","302","-1","","0","1","0","","181105_SW_7","-1","335","-1","-1","","0","3471","-1","GET","0","","6597","0.51","-1","-1","insight.adsrvr.org","-1","-1","https://js.adsrvr.org/up_loader.1.1.0.js","-1","3471","/track/up?adv=igcouad&ref=https%3A%2F%2Fm.yelp.com%2F&upid=mvh4ai1&osi=ae3fa020b0f412cb6a5c6e9adf0cc9e3&osv=1.1&upv=1.1.3","-1","","","3806","3471","3806","3806","3806","0","3471","3806","335","20","21","1","1","private,no-cache, must-revalidate","","","","","","","",
"","-1","","","-1","-1","Document","3","-1","-1","","","1","","-1","-1","https://snap.adsrvr.org/match?rurl=https%3A%2F%2Ftr.snapchat.com%2Fcm%2Fp%3Frand%3D1541116201258%26pnid%3D100%26pcid%3D%7BPCID%7D","-1","-1","-1","-1","","0","","0","","181105_SW_7","-1","-1","-1","-1","","0","3496","-1","GET","0","","","0.46.1","-1","-1","snap.adsrvr.org","-1","-1","","-1","3496","/match?rurl=https%3A%2F%2Ftr.snapchat.com%2Fcm%2Fp%3Frand%3D1541116201258%26pnid%3D100%26pcid%3D%7BPCID%7D","-1","","","3495","3496","3495","3495","3495","0","3496","3495","-1","21","22","1","1","","","","","","","","",
"","384","","","-1","-1","Document","3","-1","-1","","","1","","-1","-1","https://so.rlcdn.com/463676.gif?credir=https%3A%2F%2Ftr.snapchat.com%2Fcm%2Fp%3Frand%3D1541116097348%26pnid%3D110%26pcid%3D","-1","-1","307","-1","","430","","0","","181105_SW_7","-1","384","-1","-1","","0","3523","-1","GET","0","","","0.47.1","-1","-1","so.rlcdn.com","-1","-1","","-1","3523","/463676.gif?credir=https%3A%2F%2Ftr.snapchat.com%2Fcm%2Fp%3Frand%3D1541116097348%26pnid%3D110%26pcid%3D","-1","","","3907","3523","3907","3907","3907","0","3523","3907","384","22","23","1","1","no-cache, no-store","","","","","","","",
"","108","","","-1","-1","Document","3","-1","-1","","","1","","-1","-1","https://tr.snapchat.com/cm/s?pnid=140&cb=1541378342703","-1","-1","302","-1","","533","","0","","181105_SW_7","-1","108","-1","-1","","0","3525","-1","GET","0","","","0.52","-1","-1","tr.snapchat.com","-1","-1","","-1","3525","/cm/s?pnid=140&cb=1541378342703","-1","","","3633","3525","3633","3633","3633","0","3525","3633","108","23","24","1","1","","","","","","","","",
"","320","","","-1","-1","Document","3","-1","-1","text/html; charset=UTF-8","","1","","-1","-1","https://x.skimresources.com/?provider=snap&mode=check&redir=https%3A%2F%2Ftr.snapchat.com%2Fcm%2Fp%3Frand%3D1541116203888%26pnid%3D120%26pcid%3D%7Buser_id%7D","-1","-1","302","-1","","397","","0","","181105_SW_7","-1","320","-1","-1","","0","3553","-1","GET","0","","","0.48.1","-1","-1","x.skimresources.com","-1","-1","","-1","3553","/?provider=snap&mode=check&redir=https%3A%2F%2Ftr.snapchat.com%2Fcm%2Fp%3Frand%3D1541116203888%26pnid%3D120%26pcid%3D%7Buser_id%7D","-1","","","3873","3553","3873","3873","3873","0","3553","3873","320","24","25","1","1","","","","","","","","",
"","440","","","-1","-1","Document","3","-1","-1","","","1","","-1","-1","https://r.dlx.addthis.com/e/getdata.xgi?chpcm=advtID&dt=br&pkey=etcb25etcbj76&ru=https%3A%2F%2Ftr.snapchat.com%2Fcm%2Fp%2Fo%3Frand%3D1541116200173%26pnid%3D130%26%3Cna_da%3E","-1","-1","302","-1","","0","","0","","181105_SW_7","-1","440","-1","-1","","0","3615","-1","GET","0","","","0.49.1","-1","-1","r.dlx.addthis.com","-1","-1","","-1","3615","/e/getdata.xgi?chpcm=advtID&dt=br&pkey=etcb25etcbj76&ru=https%3A%2F%2Ftr.snapchat.com%2Fcm%2Fp%2Fo%3Frand%3D1541116200173%26pnid%3D130%26%3Cna_da%3E","-1","","","4055","3615","4055","4055","4055","0","3615","4055","440","25","26","1","1","","","","","","","","",
"","309","","","-1","-1","Document","3","-1","-1","","","1","","-1","-1","https://pixel.tapad.com/idsync/ex/push?partner_id=2884&partner_url=https%3A%2F%2Ftr.snapchat.com%2Fcm%2Fp%3Frand%3D1541116200173%26pnid%3D140%26pcid%3D%24%7BTA_DEVICE_ID%7D","-1","-1","302","-1","","653","","0","","181105_SW_7","-1","309","-1","-1","","0","3633","-1","GET","0","","","0.52.1","-1","-1","pixel.tapad.com","-1","-1","","-1","3633","/idsync/ex/push?partner_id=2884&partner_url=https%3A%2F%2Ftr.snapchat.com%2Fcm%2Fp%3Frand%3D1541116200173%26pnid%3D140%26pcid%3D%24%7BTA_DEVICE_ID%7D","-1","","","3942","3633","3942","3942","3942","0","3633","3942","309","26","27","1","1","","","","","","","","",
"34.225.120.66","274","","","-1","-1","Document","3","-1","-1","text/html","","1","","-1","-1","https://match.adsrvr.org/track/upb/?adv=igcouad&ref=https%3A%2F%2Fm.yelp.com%2F&upid=mvh4ai1&osi=ae3fa020b0f412cb6a5c6e9adf0cc9e3&osv=1.1&upv=1.1.3","-1","-1","200","-1","","885","","572","","181105_SW_7","-1","274","-1","-1","","345","3807","-1","GET","345","","","0.51.1","-1","-1","match.adsrvr.org","100","-1","","9","3807","/track/upb/?adv=igcouad&ref=https%3A%2F%2Fm.yelp.com%2F&upid=mvh4ai1&osi=ae3fa020b0f412cb6a5c6e9adf0cc9e3&osv=1.1&upv=1.1.3","-1","","","4081","3807","4081","4081","4081","0","3807","4081","274","27","28","1","1","private,no-cache, must-revalidate","h2","high","","","","","",
"108.177.112.99","325","","","-1","-1","Document","3","-1","-1","text/html; charset=UTF-8","0","1","","100","-1","https://www.google.com/pagead/1p-conversion/864073483/?random=1241424433&cv=9&fst=*&num=1&label=SuCZCJq78m8Qi-6CnAM&bg=ffffff&hl=en&guid=ON&resp=GooglemKTybQhCsO&eid=659255991&u_h=667&u_w=375&u_ah=667&u_aw=375&u_cd=32&u_his=1&u_tz=-300&u_java=false&u_nplug=0&u_nmime=0&sendb=1&frm=2&url=https://6372968.fls.doubleclick.net/ddm/fls/r/src%3D6372968%3Btype%3Dinvmedia%3Bcat%3Dqr3hlsqk%3Bdc_lat%3D%3Bdc_rdid%3D%3Btag_for_child_directed_treatment%3D%3Bord%3D8416865091086.624%3B_dc_1%3D1%3B~oref%3Dhttps://m.yelp.com/&ref=https://6372968.fls.doubleclick.net/activityi%3Bsrc%3D6372968%3Btype%3Dinvmedia%3Bcat%3Dqr3hlsqk%3Bdc_lat%3D%3Bdc_rdid%3D%3Btag_for_child_directed_treatment%3D%3Bord%3D8416865091086.624%3F&fmt=1&ctc_id=CAIVAgAAAB0CAAAA&ct_cookie_present=false&crd=CKrPGwiC0Bs&gtd=&cdct=2&is_vtc=1&ocp_id=JpHfW7bULYmwBPCTiKAH&random=3693933704&resp=GooglemKTybQhCsO","-1","-1","200","-1","","552","","1876","","181105_SW_7","-1","271","-1","100","","126","3838","-1","GET","76","152","","0.50.1","-1","-1","www.google.com","100","-1","","10","3838","/pagead/1p-conversion/864073483/?random=1241424433&cv=9&fst=*&num=1&label=SuCZCJq78m8Qi-6CnAM&bg=ffffff&hl=en&guid=ON&resp=GooglemKTybQhCsO&eid=659255991&u_h=667&u_w=375&u_ah=667&u_aw=375&u_cd=32&u_his=1&u_tz=-300&u_java=false&u_nplug=0&u_nmime=0&sendb=1&frm=2&url=https://6372968.fls.doubleclick.net/ddm/fls/r/src%3D6372968%3Btype%3Dinvmedia%3Bcat%3Dqr3hlsqk%3Bdc_lat%3D%3Bdc_rdid%3D%3Btag_for_child_directed_treatment%3D%3Bord%3D8416865091086.624%3B_dc_1%3D1%3B~oref%3Dhttps://m.yelp.com/&ref=https://6372968.fls.doubleclick.net/activityi%3Bsrc%3D6372968%3Btype%3Dinvmedia%3Bcat%3Dqr3hlsqk%3Bdc_lat%3D%3Bdc_rdid%3D%3Btag_for_child_directed_treatment%3D%3Bord%3D8416865091086.624%3F&fmt=1&ctc_id=CAIVAgAAAB0CAAAA&ct_cookie_present=false&crd=CKrPGwiC0Bs&gtd=&cdct=2&is_vtc=1&ocp_id=JpHfW7bULYmwBPCTiKAH&random=3693933704&resp=GooglemKTybQhCsO","-1","","Google","4163","3838","4109","4109","4163","54","3838","4163","325","28","29","1","1","no-cache, no-store, must-revalidate","h2","high","","gzip","Fri, 01 Jan 1990 00:00:00 GMT","","",
"35.186.226.184","105","","","-1","-1","Document","3","-1","-1","text/html","","1","","-1","-1","https://tr.snapchat.com/cm/p?rand=1541116203888&pnid=120&pcid=&","-1","-1","200","-1","","502","","578","","181105_SW_7","-1","96","-1","100","","68","3873","-1","GET","68","","","0.48.2","-1","-1","tr.snapchat.com","100","-1","","7","3873","/cm/p?rand=1541116203888&pnid=120&pcid=&","-1","","Google","3978","3873","3969","3969","3978","9","3873","3978","105","29","30","1","1","no-cache, no-transform","h2","high","","","","","",
"","94","","","-1","-1","Document","3","-1","-1","","","1","","-1","-1","https://so.rlcdn.com/1000.gif?memo=CLymHBoNCKei_t4FEgUI6AcQAEI-aHR0cHM6Ly90ci5zbmFwY2hhdC5jb20vY20vcD9yYW5kPTE1NDExMTYwOTczNDgmcG5pZD0xMTAmcGNpZD1KAA","-1","-1","307","-1","","367","","0","","181105_SW_7","-1","94","-1","-1","","0","3907","-1","GET","0","","","0.47.2","-1","-1","so.rlcdn.com","-1","-1","","-1","3907","/1000.gif?memo=CLymHBoNCKei_t4FEgUI6AcQAEI-aHR0cHM6Ly90ci5zbmFwY2hhdC5jb20vY20vcD9yYW5kPTE1NDExMTYwOTczNDgmcG5pZD0xMTAmcGNpZD1KAA","-1","","","4001","3907","4001","4001","4001","0","3907","4001","94","30","31","1","1","no-cache, no-store","","","","","","","",
"","86","","","-1","-1","Document","3","-1","-1","","","1","","-1","-1","https://pixel.tapad.com/idsync/ex/push/check?partner_id=2884&partner_url=https%3A%2F%2Ftr.snapchat.com%2Fcm%2Fp%3Frand%3D1541116200173%26pnid%3D140%26pcid%3D%24%7BTA_DEVICE_ID%7D","-1","-1","302","-1","","0","","0","","181105_SW_7","-1","86","-1","-1","","0","3942","-1","GET","0","","","0.52.2","-1","-1","pixel.tapad.com","-1","-1","","-1","3942","/idsync/ex/push/check?partner_id=2884&partner_url=https%3A%2F%2Ftr.snapchat.com%2Fcm%2Fp%3Frand%3D1541116200173%26pnid%3D140%26pcid%3D%24%7BTA_DEVICE_ID%7D","-1","","","4028","3942","4028","4028","4028","0","3942","4028","86","31","32","1","1","","","","","","","","",
"35.186.226.184","188","","","-1","-1","Document","3","-1","-1","text/html","","1","","-1","-1","https://tr.snapchat.com/cm/p?rand=1541116097348&pnid=110&pcid=","-1","-1","200","-1","","502","","475","","181105_SW_7","-1","134","-1","100","","68","4001","-1","GET","68","","","0.47.3","-1","-1","tr.snapchat.com","100","-1","","7","4001","/cm/p?rand=1541116097348&pnid=110&pcid=","-1","","Google","4189","4001","4135","4135","4189","54","4001","4189","188","32","33","1","1","no-cache, no-transform","h2","high","","","","","",
"","133","","","-1","-1","Document","3","-1","-1","text/html","","1","","-1","-1","https://match.adsrvr.org/track/cmf/generic?ttd_pid=tapad&ttd_tpi=1&ttd_puid=31c15bd1-e093-11e8-8180-0a580a440d07%252Chttps%253A%252F%252Ftr.snapchat.com%252Fcm%252Fp%253Frand%253D1541116200173%2526pnid%253D140%2526pcid%253D31c15bd1-e093-11e8-8180-0a580a440d07&gdpr=0&gdpr_consent=","-1","-1","302","-1","","1338","","0","","181105_SW_7","-1","133","-1","-1","","0","4028","-1","GET","591","","","0.52.3","-1","-1","match.adsrvr.org","-1","-1","","-1","4028","/track/cmf/generic?ttd_pid=tapad&ttd_tpi=1&ttd_puid=31c15bd1-e093-11e8-8180-0a580a440d07%252Chttps%253A%252F%252Ftr.snapchat.com%252Fcm%252Fp%253Frand%253D1541116200173%2526pnid%253D140%2526pcid%253D31c15bd1-e093-11e8-8180-0a580a440d07&gdpr=0&gdpr_consent=","-1","","","4161","4028","4161","4161","4161","0","4028","4161","133","33","34","1","1","private,no-cache, must-revalidate","","","","","","","",
"35.186.226.184","147","","","-1","-1","Document","3","-1","-1","text/html","","1","","-1","-1","https://tr.snapchat.com/cm/p/o?rand=1541116200173&pnid=130&","-1","-1","200","-1","","498","","393","","181105_SW_7","-1","133","-1","100","","68","4055","-1","GET","68","","","0.49.2","-1","-1","tr.snapchat.com","100","-1","","7","4055","/cm/p/o?rand=1541116200173&pnid=130&","-1","","Google","4202","4055","4188","4188","4202","14","4055","4202","147","34","35","1","1","no-cache, no-transform","h2","high","","","","","",
"34.225.120.66","86","70","","-1","100","Document","3","-1","-1","image/gif","","1","","-1","-1","https://match.adsrvr.org/track/cmb/generic?ttd_pid=tapad&ttd_tpi=1&ttd_puid=31c15bd1-e093-11e8-8180-0a580a440d07%252Chttps%253A%252F%252Ftr.snapchat.com%252Fcm%252Fp%253Frand%253D1541116200173%2526pnid%253D140%2526pcid%253D31c15bd1-e093-11e8-8180-0a580a440d07&gdpr=0&gdpr_consent=","-1","-1","200","-1","0","423","","898","","181105_SW_7","-1","80","-1","-1","","661","4161","-1","GET","70","","","0.52.4","-1","-1","match.adsrvr.org","100","-1","","9","4161","/track/cmb/generic?ttd_pid=tapad&ttd_tpi=1&ttd_puid=31c15bd1-e093-11e8-8180-0a580a440d07%252Chttps%253A%252F%252Ftr.snapchat.com%252Fcm%252Fp%253Frand%253D1541116200173%2526pnid%253D140%2526pcid%253D31c15bd1-e093-11e8-8180-0a580a440d07&gdpr=0&gdpr_consent=","-1","","","4247","4161","4241","4241","4247","6","4161","4247","86","35","36","1","1","private,no-cache, must-revalidate","h2","high","","","","","",
